Date,Dissolved Oxygen (mg/L)
2020-01-01,9.246989988062438
2020-01-02,9.211998268285809
2020-01-03,9.26251717552077
2020-01-04,9.318653144747003
2020-01-05,9.217090322908305
2020-01-06,9.221211015682472
2020-01-07,9.334382024657817
2020-01-08,9.290294382092714
2020-01-09,9.220946529069806
2020-01-10,9.286781497883197
2020-01-11,9.23178043083768
2020-01-12,9.237242410855195
2020-01-13,9.285546082941584
2020-01-14,9.2
2020-01-15,9.2
2020-01-16,9.256248561935417
2020-01-17,9.236005865517418
2020-01-18,9.322652577994566
2020-01-19,9.256568304290974
2020-01-20,9.23379139408026
2020-01-21,9.41417404974241
2020-01-22,9.320617409825116
2020-01-23,9.346365551689633
2020-01-24,9.265197432113629
2020-01-25,9.326603936260579
2020-01-26,9.374720400332636
2020-01-27,9.30801453721466
2020-01-28,9.408833431969878
2020-01-29,9.359676189268079
2020-01-30,9.387838614028263
2020-01-31,9.379063486882277
2020-02-01,9.536325223983738
2020-02-02,9.434595383495774
2020-02-03,9.382350252655248
2020-02-04,9.505761217853467
2020-02-05,9.393938302476492
2020-02-06,9.490682724670627
2020-02-07,9.371711029907786
2020-02-08,9.420915442531811
2020-02-09,9.523905334510143
2020-02-10,9.568056992954858
2020-02-11,9.545851262000395
2020-02-12,9.540611761765717
2020-02-13,9.541623706784693
2020-02-14,9.483272058012433
2020-02-15,9.541236710134388
2020-02-16,9.56937987045186
2020-02-17,9.673179482285873
2020-02-18,9.643242542677255
2020-02-19,9.529851862523298
2020-02-20,9.668219811706116
2020-02-21,9.638938119756018
2020-02-22,9.63481986926379
2020-02-23,9.725647780598392
2020-02-24,9.76443506598677
2020-02-25,9.772191632298016
2020-02-26,9.679809272037993
2020-02-27,9.725560743614267
2020-02-28,9.778039985206616
2020-02-29,9.83084294700626
2020-03-01,9.704474522594733
2020-03-02,9.735107430528885
2020-03-03,9.692964055451103
2020-03-04,9.700740252730357
2020-03-05,9.834500105213912
2020-03-06,9.880422350606395
2020-03-07,9.808086281048851
2020-03-08,9.886033389556296
2020-03-09,9.86098571739835
2020-03-10,9.81409413339755
2020-03-11,9.88804243592881
2020-03-12,9.972237875312237
2020-03-13,9.891438672426046
2020-03-14,10.001130939672441
2020-03-15,9.763759182768318
2020-03-16,9.983973033998176
2020-03-17,9.953616064534836
2020-03-18,9.944202448314103
2020-03-19,9.981409402714604
2020-03-20,9.87041762826394
2020-03-21,9.990262517366745
2020-03-22,10.038639632239683
2020-03-23,10.11965146739823
2020-03-24,10.013637378984065
2020-03-25,10.00996648774487
2020-03-26,10.04209586540976
2020-03-27,10.140829204393455
2020-03-28,10.119308477689012
2020-03-29,10.081446623947613
2020-03-30,10.157643554069308
2020-03-31,10.146249845298025
2020-04-01,10.116683838450971
2020-04-02,10.028583359460754
2020-04-03,10.063143564770103
2020-04-04,10.071325310721145
2020-04-05,10.01903759700233
2020-04-06,10.136557037254052
2020-04-07,10.146335557986804
2020-04-08,10.14279904334851
2020-04-09,10.140171072990116
2020-04-10,10.081008709277832
2020-04-11,10.152304012593929
2020-04-12,10.168515323657532
2020-04-13,10.15239728750887
2020-04-14,10.202229381719238
2020-04-15,10.247435678382057
2020-04-16,10.347560041080998
2020-04-17,10.25596665560117
2020-04-18,10.271951659797127
2020-04-19,10.262938819122107
2020-04-20,10.163083295095229
2020-04-21,10.287316584205513
2020-04-22,10.303109762818968
2020-04-23,10.457766557621424
2020-04-24,10.308790896506205
2020-04-25,10.348667291278105
2020-04-26,10.338611978830112
2020-04-27,10.280569576115088
2020-04-28,10.429127577784383
2020-04-29,10.415411594510584
2020-04-30,10.427361500699682
2020-05-01,10.33480402974499
2020-05-02,10.482863545190453
2020-05-03,10.32377158434608
2020-05-04,10.452136265162956
2020-05-05,10.557247118950393
2020-05-06,10.375132658443091
2020-05-07,10.4091795540572
2020-05-08,10.457574056787495
2020-05-09,10.429666469620317
2020-05-10,10.37495526037179
2020-05-11,10.48006651932776
2020-05-12,10.420007451823919
2020-05-13,10.519787104283658
2020-05-14,10.443662678465603
2020-05-15,10.59910925162697
2020-05-16,10.466229366605265
2020-05-17,10.50083646475143
2020-05-18,10.575728939937624
2020-05-19,10.459643956206905
2020-05-20,10.553539527516325
2020-05-21,10.624532925586506
2020-05-22,10.455682266910966
2020-05-23,10.569048879016517
2020-05-24,10.579214357148771
2020-05-25,10.615990584881596
2020-05-26,10.500131656231758
2020-05-27,10.500194890767391
2020-05-28,10.615616969102165
2020-05-29,10.606800896604277
2020-05-30,10.60849449452622
2020-05-31,10.618535361179068
2020-06-01,10.561029698920066
2020-06-02,10.619647076355546
2020-06-03,10.62697368401355
2020-06-04,10.570001450685405
2020-06-05,10.728076896464486
2020-06-06,10.647622012610434
2020-06-07,10.550568253393022
2020-06-08,10.664086074094211
2020-06-09,10.568649536011321
2020-06-10,10.676583553088912
2020-06-11,10.700892054018306
2020-06-12,10.583942426434099
2020-06-13,10.692581647924234
2020-06-14,10.660929845952484
2020-06-15,10.686658295552588
2020-06-16,10.75210139877998
2020-06-17,10.62431682076753
2020-06-18,10.59434915867114
2020-06-19,10.586522458453034
2020-06-20,10.591051382902075
2020-06-21,10.63526722166572
2020-06-22,10.660042447021587
2020-06-23,10.655641555687504
2020-06-24,10.687924814762903
2020-06-25,10.638114799465592
2020-06-26,10.723375034965734
2020-06-27,10.618899670175297
2020-06-28,10.796393515530578
2020-06-29,10.668916360143763
2020-06-30,10.577929023479388
2020-07-01,10.721446934810734
2020-07-02,10.8
2020-07-03,10.766643858686205
2020-07-04,10.8
2020-07-05,10.8
2020-07-06,10.765477527203906
2020-07-07,10.715180527599928
2020-07-08,10.671011227103167
2020-07-09,10.73079930533684
2020-07-10,10.8
2020-07-11,10.761139984098332
2020-07-12,10.668568802399822
2020-07-13,10.748502494623462
2020-07-14,10.75581047339756
2020-07-15,10.674022663699535
2020-07-16,10.730424853662239
2020-07-17,10.718627400322164
2020-07-18,10.640278279357473
2020-07-19,10.723835309381608
2020-07-20,10.729318583059383
2020-07-21,10.753751887301712
2020-07-22,10.744890140003143
2020-07-23,10.591693067806402
2020-07-24,10.610575115075948
2020-07-25,10.690040520638563
2020-07-26,10.682064031861307
2020-07-27,10.674045230644621
2020-07-28,10.8
2020-07-29,10.660637513583241
2020-07-30,10.685859206010168
2020-07-31,10.666123512738212
2020-08-01,10.638944596042004
2020-08-02,10.571744928524065
2020-08-03,10.626824173044449
2020-08-04,10.525369195962115
2020-08-05,10.547812862930927
2020-08-06,10.52301689772463
2020-08-07,10.54700427960053
2020-08-08,10.670763832371842
2020-08-09,10.409483285147465
2020-08-10,10.552175149063693
2020-08-11,10.40356550611682
2020-08-12,10.461193209067613
2020-08-13,10.543881767342775
2020-08-14,10.471295340048423
2020-08-15,10.391529147477671
2020-08-16,10.40189572677004
2020-08-17,10.474078121460865
2020-08-18,10.377840169010868
2020-08-19,10.422884645077659
2020-08-20,10.400744941519974
2020-08-21,10.346910172552626
2020-08-22,10.502524019085921
2020-08-23,10.399692904484924
2020-08-24,10.227812430365395
2020-08-25,10.348067955523037
2020-08-26,10.284633394801896
2020-08-27,10.362850359712404
2020-08-28,10.251424527526412
2020-08-29,10.279274404578487
2020-08-30,10.303555852073112
2020-08-31,10.312218979419793
2020-09-01,10.17519581107661
2020-09-02,10.214010194356222
2020-09-03,10.192380859808317
2020-09-04,10.168409683701418
2020-09-05,10.300207032093613
2020-09-06,10.205191451064287
2020-09-07,10.091798679510335
2020-09-08,10.20903298239995
2020-09-09,10.2677545641579
2020-09-10,10.188795423715575
2020-09-11,10.022070038216395
2020-09-12,10.070529366737457
2020-09-13,10.161919746282528
2020-09-14,10.029741120087705
2020-09-15,10.085105269607237
2020-09-16,10.091211635286243
2020-09-17,9.975361996419053
2020-09-18,10.01364135658527
2020-09-19,9.808966790232851
2020-09-20,9.928208504659937
2020-09-21,9.960749667038884
2020-09-22,9.887275898424162
2020-09-23,10.046337918676445
2020-09-24,9.848850401058023
2020-09-25,9.894541219811885
2020-09-26,9.915096754960766
2020-09-27,9.98006463211661
2020-09-28,9.793803952253512
2020-09-29,9.936148524727603
2020-09-30,9.853415302335032
2020-10-01,9.780397036832614
2020-10-02,9.85354762413857
2020-10-03,9.82435047007808
2020-10-04,9.763034936262617
2020-10-05,9.78993668096966
2020-10-06,9.749393834363492
2020-10-07,9.76615519460654
2020-10-08,9.785974809599978
2020-10-09,9.828385985834172
2020-10-10,9.646013105869406
2020-10-11,9.83540398368156
2020-10-12,9.577523355815323
2020-10-13,9.67285864287182
2020-10-14,9.70467614616275
2020-10-15,9.673745961734115
2020-10-16,9.607135486327072
2020-10-17,9.61972647341688
2020-10-18,9.59045908626683
2020-10-19,9.572615181440101
2020-10-20,9.647007282044045
2020-10-21,9.605625879433491
2020-10-22,9.530927377659577
2020-10-23,9.61490162589822
2020-10-24,9.567917391832662
2020-10-25,9.586938433888955
2020-10-26,9.564768574624555
2020-10-27,9.466215443625595
2020-10-28,9.47145201497818
2020-10-29,9.539154887357515
2020-10-30,9.520343725342366
2020-10-31,9.472024636603711
2020-11-01,9.470031676944501
2020-11-02,9.529524356447617
2020-11-03,9.407404736192351
2020-11-04,9.465924500258634
2020-11-05,9.411334721210876
2020-11-06,9.400943870515503
2020-11-07,9.470643459222142
2020-11-08,9.445130329681136
2020-11-09,9.435483522719911
2020-11-10,9.456251010850357
2020-11-11,9.370616185833544
2020-11-12,9.401893679968607
2020-11-13,9.334170399104435
2020-11-14,9.364238071814842
2020-11-15,9.329175346998335
2020-11-16,9.335195993725343
2020-11-17,9.35767668321195
2020-11-18,9.265665962285189
2020-11-19,9.433297433050564
2020-11-20,9.240593274221153
2020-11-21,9.221510263268053
2020-11-22,9.357464591262262
2020-11-23,9.32930504681039
2020-11-24,9.313292637110012
2020-11-25,9.307800924179274
2020-11-26,9.263836417854296
2020-11-27,9.205424915955769
2020-11-28,9.258716902952013
2020-11-29,9.208668383916581
2020-11-30,9.303157176937706
2020-12-01,9.235424855453411
2020-12-02,9.2
2020-12-03,9.215976082600244
2020-12-04,9.255915412648243
2020-12-05,9.2
2020-12-06,9.2
2020-12-07,9.234915359045594
2020-12-08,9.231885133148287
2020-12-09,9.2
2020-12-10,9.2
2020-12-11,9.223326496747536
2020-12-12,9.2
2020-12-13,9.2
2020-12-14,9.2
2020-12-15,9.2
2020-12-16,9.220251183600645
2020-12-17,9.28933615172701
2020-12-18,9.25175292670287
2020-12-19,9.2
2020-12-20,9.2
2020-12-21,9.2
2020-12-22,9.2
2020-12-23,9.2
2020-12-24,9.22200208408627
2020-12-25,9.2
2020-12-26,9.236663800070632
2020-12-27,9.299288293268779
2020-12-28,9.202877891598666
2020-12-29,9.235843722381277
2020-12-30,9.255744460981889
2020-12-31,9.2
2021-01-01,9.230632687790388
2021-01-02,9.221049670402987
2021-01-03,9.229516429147658
2021-01-04,9.2
2021-01-05,9.232610135847242
2021-01-06,9.26513913057415
2021-01-07,9.326697872195076
2021-01-08,9.30180454790865
2021-01-09,9.378305939676597
2021-01-10,9.208187041494757
2021-01-11,9.311924730609668
2021-01-12,9.276186716413713
2021-01-13,9.402416522640682
2021-01-14,9.22861231586445
2021-01-15,9.233046682364723
2021-01-16,9.254022254963234
2021-01-17,9.2
2021-01-18,9.272252436738004
2021-01-19,9.265501789129026
2021-01-20,9.32755324334895
2021-01-21,9.346740482153745
2021-01-22,9.446734238207261
2021-01-23,9.39933928969952
2021-01-24,9.316068103946693
2021-01-25,9.305362019451188
2021-01-26,9.397580195240435
2021-01-27,9.29786015943876
2021-01-28,9.496179076820399
2021-01-29,9.466480917906486
2021-01-30,9.377189699889579
2021-01-31,9.312377811870588
2021-02-01,9.506420875363126
2021-02-02,9.428532826264892
2021-02-03,9.52008188711101
2021-02-04,9.360742863599613
2021-02-05,9.431226420097527
2021-02-06,9.478465530953432
2021-02-07,9.492110072966456
2021-02-08,9.473602677176961
2021-02-09,9.549464656298847
2021-02-10,9.459691772392178
2021-02-11,9.52702639602772
2021-02-12,9.554768396611726
2021-02-13,9.590556258563575
2021-02-14,9.614680270119813
2021-02-15,9.516948837127797
2021-02-16,9.50497134646531
2021-02-17,9.686412758026648
2021-02-18,9.642564286021923
2021-02-19,9.59072507965167
2021-02-20,9.74184389207378
2021-02-21,9.668983534638569
2021-02-22,9.746193020325977
2021-02-23,9.692998312152547
2021-02-24,9.826219970129934
2021-02-25,9.821635275697638
2021-02-26,9.715224474522607
2021-02-27,9.8024077432226
2021-02-28,9.796886736297512
2021-03-01,9.802399929250956
2021-03-02,9.675329569230644
2021-03-03,9.787410056728621
2021-03-04,9.82284962310244
2021-03-05,9.666988280989811
2021-03-06,9.714753045110314
2021-03-07,9.67669401822654
2021-03-08,9.796242478276998
2021-03-09,9.868873951030533
2021-03-10,9.929428979021253
2021-03-11,9.857247005499042
2021-03-12,9.964075632332582
2021-03-13,9.797149593831385
2021-03-14,9.791385288411334
2021-03-15,9.903919458389803
2021-03-16,9.943987815950061
2021-03-17,9.932697198850017
2021-03-18,9.824346714438155
2021-03-19,9.956795686971287
2021-03-20,9.897635586092182
2021-03-21,10.029852116069796
2021-03-22,10.025438725402806
2021-03-23,9.960820090769337
2021-03-24,10.000145809673537
2021-03-25,9.981180780767145
2021-03-26,10.054715358082072
2021-03-27,10.129509827254907
2021-03-28,10.026761514551199
2021-03-29,10.129826202040503
2021-03-30,10.081416779071288
2021-03-31,10.079275138146766
2021-04-01,10.039960851506155
2021-04-02,9.996450599673835
2021-04-03,10.037487586772565
2021-04-04,10.010930620010637
2021-04-05,10.212735307884058
2021-04-06,10.10896430700856
2021-04-07,10.076806290150621
2021-04-08,10.143511036300065
2021-04-09,10.135752552968512
2021-04-10,10.140988125020632
2021-04-11,10.202780955803462
2021-04-12,10.222993194562688
2021-04-13,10.157248125792506
2021-04-14,10.165984829223486
2021-04-15,10.1954034225901
2021-04-16,10.08507735708905
2021-04-17,10.143477423276453
2021-04-18,10.327504442877931
2021-04-19,10.35519669916384
2021-04-20,10.252463411694695
2021-04-21,10.312802985796518
2021-04-22,10.307582426005078
2021-04-23,10.484228798729822
2021-04-24,10.377146525558382
2021-04-25,10.312657498904226
2021-04-26,10.273242024302062
2021-04-27,10.244307905796973
2021-04-28,10.362898076524294
2021-04-29,10.315177164196424
2021-04-30,10.284960389973516
2021-05-01,10.341105210822548
2021-05-02,10.32447439681581
2021-05-03,10.49992438463864
2021-05-04,10.460781033530584
2021-05-05,10.416446481055942
2021-05-06,10.514616429735195
2021-05-07,10.43920693640979
2021-05-08,10.391480365753672
2021-05-09,10.542982419518417
2021-05-10,10.492209611488368
2021-05-11,10.40576029697617
2021-05-12,10.464532420154383
2021-05-13,10.4312085794444
2021-05-14,10.408403574587686
2021-05-15,10.55439878537153
2021-05-16,10.620678185754125
2021-05-17,10.42931050971629
2021-05-18,10.553938309925204
2021-05-19,10.487879352748136
2021-05-20,10.504268292167062
2021-05-21,10.504348295985745
2021-05-22,10.49426491414877
2021-05-23,10.555042558661329
2021-05-24,10.508113840519917
2021-05-25,10.579848799040656
2021-05-26,10.56606692600801
2021-05-27,10.560011816072457
2021-05-28,10.52496846782995
2021-05-29,10.549694195331051
2021-05-30,10.634305289759832
2021-05-31,10.62351995476293
2021-06-01,10.539095153921338
2021-06-02,10.60779112054053
2021-06-03,10.650795081928193
2021-06-04,10.509225018748346
2021-06-05,10.645464147309784
2021-06-06,10.57637300025905
2021-06-07,10.653427957471315
2021-06-08,10.57625091383263
2021-06-09,10.51639993153631
2021-06-10,10.529477889951972
2021-06-11,10.632243573664047
2021-06-12,10.64695966938115
2021-06-13,10.578924368028936
2021-06-14,10.673094627696216
2021-06-15,10.536471786600158
2021-06-16,10.63336989803408
2021-06-17,10.565632847834994
2021-06-18,10.599929941259575
2021-06-19,10.642417248811572
2021-06-20,10.588268522313527
2021-06-21,10.616926667346211
2021-06-22,10.700270892783431
2021-06-23,10.6049598163612
2021-06-24,10.689181634451613
2021-06-25,10.570511408541284
2021-06-26,10.669122936627835
2021-06-27,10.722657107575769
2021-06-28,10.486480410161937
2021-06-29,10.585369650206973
2021-06-30,10.666000646908694
2021-07-01,10.77599336224227
2021-07-02,10.8
2021-07-03,10.746752952770583
2021-07-04,10.78524701305413
2021-07-05,10.767539407382836
2021-07-06,10.8
2021-07-07,10.785112512561392
2021-07-08,10.786244310408545
2021-07-09,10.737189442616971
2021-07-10,10.728333829016512
2021-07-11,10.727100362741101
2021-07-12,10.771961487993217
2021-07-13,10.718054060273325
2021-07-14,10.755498130486176
2021-07-15,10.8
2021-07-16,10.779321592077505
2021-07-17,10.701639935375438
2021-07-18,10.787207712545241
2021-07-19,10.684371974846018
2021-07-20,10.58008059565004
2021-07-21,10.635186332822245
2021-07-22,10.576521297449645
2021-07-23,10.66057120783857
2021-07-24,10.6754583326352
2021-07-25,10.767430856207373
2021-07-26,10.678754047031893
2021-07-27,10.638090843078043
2021-07-28,10.692906704337267
2021-07-29,10.502189168621246
2021-07-30,10.640520956428166
2021-07-31,10.66397717923255
2021-08-01,10.52016823218183
2021-08-02,10.668486363556072
2021-08-03,10.610970867652151
2021-08-04,10.556368744980805
2021-08-05,10.609705620800746
2021-08-06,10.69826355080359
2021-08-07,10.563050685897887
2021-08-08,10.556985066415372
2021-08-09,10.504322664399016
2021-08-10,10.470528534535083
2021-08-11,10.560819686633877
2021-08-12,10.448963428833666
2021-08-13,10.493803095248143
2021-08-14,10.449885284718826
2021-08-15,10.496177328447478
2021-08-16,10.476213560470647
2021-08-17,10.50706634598111
2021-08-18,10.4027012725935
2021-08-19,10.405469670796295
2021-08-20,10.351171306755802
2021-08-21,10.371353035521178
2021-08-22,10.408644222991665
2021-08-23,10.419306690725124
2021-08-24,10.306327843695186
2021-08-25,10.401497340771192
2021-08-26,10.418218968165169
2021-08-27,10.349146676881421
2021-08-28,10.424312108378116
2021-08-29,10.25254841988616
2021-08-30,10.211479308867816
2021-08-31,10.166533400400029
2021-09-01,10.350036326458936
2021-09-02,10.2864755348812
2021-09-03,10.230745188252051
2021-09-04,10.237675696057163
2021-09-05,10.140080094817938
2021-09-06,10.341024896453757
2021-09-07,10.188645819325144
2021-09-08,10.174015404446733
2021-09-09,10.197507263010586
2021-09-10,10.169285746241345
2021-09-11,10.140280549539256
2021-09-12,10.065803768846916
2021-09-13,10.127871512537592
2021-09-14,10.198826547119832
2021-09-15,10.152926490794131
2021-09-16,10.154067301516825
2021-09-17,10.014060651494612
2021-09-18,9.971601535498225
2021-09-19,10.009665662743
2021-09-20,10.006786325374318
2021-09-21,10.05532325424825
2021-09-22,9.874355878339584
2021-09-23,10.05391590850969
2021-09-24,9.938912766525808
2021-09-25,9.909046019538817
2021-09-26,9.860217626498093
2021-09-27,9.807960920011654
2021-09-28,9.942978469810358
2021-09-29,9.884354759355581
2021-09-30,9.788961045613842
2021-10-01,9.775096592350039
2021-10-02,9.819140473938084
2021-10-03,9.925962707200139
2021-10-04,9.796831407261855
2021-10-05,9.708859371705058
2021-10-06,9.771003972025103
2021-10-07,9.756149235990337
2021-10-08,9.597530955314971
2021-10-09,9.742989277137646
2021-10-10,9.71936890505293
2021-10-11,9.762054417687821
2021-10-12,9.818359346898905
2021-10-13,9.762242525559538
2021-10-14,9.665832427140664
2021-10-15,9.602985559249175
2021-10-16,9.811288037865005
2021-10-17,9.648050563557177
2021-10-18,9.633049565953094
2021-10-19,9.618591637119758
2021-10-20,9.619862152502824
2021-10-21,9.587369531507347
2021-10-22,9.549785229862774
2021-10-23,9.539690416900793
2021-10-24,9.558960437159264
2021-10-25,9.51687393431204
2021-10-26,9.495395959797989
2021-10-27,9.533376657770651
2021-10-28,9.500656511235668
2021-10-29,9.595302456704959
2021-10-30,9.33525908254654
2021-10-31,9.549211920531707
2021-11-01,9.548043843791419
2021-11-02,9.338588620001486
2021-11-03,9.43230320705549
2021-11-04,9.420612567562754
2021-11-05,9.348647955705362
2021-11-06,9.376797279101458
2021-11-07,9.347370191981188
2021-11-08,9.509853074708328
2021-11-09,9.451746052330702
2021-11-10,9.462966250259523
2021-11-11,9.421222606263692
2021-11-12,9.301612849062545
2021-11-13,9.329505285714122
2021-11-14,9.382148878173718
2021-11-15,9.271460422132018
2021-11-16,9.37976383607074
2021-11-17,9.314956711936292
2021-11-18,9.29947801323276
2021-11-19,9.357416801371405
2021-11-20,9.334409995198598
2021-11-21,9.27929634716199
2021-11-22,9.363921368237172
2021-11-23,9.223114139196264
2021-11-24,9.318761421589269
2021-11-25,9.311431523564984
2021-11-26,9.251527407264577
2021-11-27,9.284139205559638
2021-11-28,9.2
2021-11-29,9.309610250612804
2021-11-30,9.238203958420728
2021-12-01,9.217751610994762
2021-12-02,9.307188851893752
2021-12-03,9.2
2021-12-04,9.2
2021-12-05,9.2
2021-12-06,9.26363195044326
2021-12-07,9.2
2021-12-08,9.325581777275142
2021-12-09,9.2
2021-12-10,9.316123203576625
2021-12-11,9.224402067087498
2021-12-12,9.203600713793854
2021-12-13,9.2
2021-12-14,9.229451176077287
2021-12-15,9.20168311012977
2021-12-16,9.268837083386977
2021-12-17,9.208450388584486
2021-12-18,9.209832884397748
2021-12-19,9.2
2021-12-20,9.2
2021-12-21,9.218500702111209
2021-12-22,9.2
2021-12-23,9.2
2021-12-24,9.246192575306127
2021-12-25,9.212890896753661
2021-12-26,9.2
2021-12-27,9.206609045200086
2021-12-28,9.228178860810324
2021-12-29,9.2
2021-12-30,9.2
2021-12-31,9.226086536785083
2022-01-01,9.2
2022-01-02,9.244789291698948
2022-01-03,9.2
2022-01-04,9.28902069160206
2022-01-05,9.259495374336488
2022-01-06,9.250621017158256
2022-01-07,9.298590714764105
2022-01-08,9.344176765011294
2022-01-09,9.309977196126992
2022-01-10,9.2
2022-01-11,9.2
2022-01-12,9.22769708140767
2022-01-13,9.272593809660272
2022-01-14,9.308169754213907
2022-01-15,9.239885364106362
2022-01-16,9.301191819558499
2022-01-17,9.251452756796285
2022-01-18,9.267106669859333
2022-01-19,9.226650083011354
2022-01-20,9.263135621393724
2022-01-21,9.245134047270136
2022-01-22,9.275611592675668
2022-01-23,9.40553236720483
2022-01-24,9.29371838995652
2022-01-25,9.517209823622332
2022-01-26,9.397664119002899
2022-01-27,9.38816431928169
2022-01-28,9.334790084058264
2022-01-29,9.437733103427748
2022-01-30,9.370801969441594
2022-01-31,9.422486472494763
2022-02-01,9.578793605209329
2022-02-02,9.42964162299657
2022-02-03,9.514769307969743
2022-02-04,9.414217937619721
2022-02-05,9.465089612044935
2022-02-06,9.584398947108472
2022-02-07,9.451673213873306
2022-02-08,9.609353518945532
2022-02-09,9.554558776485324
2022-02-10,9.490000991601477
2022-02-11,9.573513629472329
2022-02-12,9.605903925686615
2022-02-13,9.596998526253083
2022-02-14,9.477769894241051
2022-02-15,9.540799132088578
2022-02-16,9.582167078576356
2022-02-17,9.605286142966735
2022-02-18,9.659865771156188
2022-02-19,9.646296331901057
2022-02-20,9.568654112019821
2022-02-21,9.684854927641354
2022-02-22,9.712070333999177
2022-02-23,9.722534630143802
2022-02-24,9.767421938170292
2022-02-25,9.766350154423979
2022-02-26,9.757713128185058
2022-02-27,9.739903543477821
2022-02-28,9.658506523311443
2022-03-01,9.746059128946971
2022-03-02,9.745686238095237
2022-03-03,9.762541699360437
2022-03-04,9.682739239342247
2022-03-05,9.707649257750703
2022-03-06,9.848937727070235
2022-03-07,9.796674639660745
2022-03-08,9.85329693018603
2022-03-09,9.827520518250603
2022-03-10,9.841072924265237
2022-03-11,9.909098347032417
2022-03-12,9.835396015905262
2022-03-13,9.885722927940737
2022-03-14,9.86585171745034
2022-03-15,9.881182546677662
2022-03-16,9.902393561605585
2022-03-17,9.947986910033684
2022-03-18,9.919668323140739
2022-03-19,10.037488256876465
2022-03-20,9.922227317989304
2022-03-21,9.978459464490312
2022-03-22,9.977058967140545
2022-03-23,10.104031551010202
2022-03-24,10.042771111304434
2022-03-25,10.106644264448601
2022-03-26,9.969342481536243
2022-03-27,10.088224303976988
2022-03-28,10.139282925068738
2022-03-29,10.104520450465957
2022-03-30,10.177161058677557
2022-03-31,10.095810201076485
2022-04-01,10.130943519514563
2022-04-02,10.196499026436152
2022-04-03,10.048936231467016
2022-04-04,10.056073142281923
2022-04-05,10.182054868536136
2022-04-06,10.201622822634098
2022-04-07,10.08741821900098
2022-04-08,10.10546103263026
2022-04-09,10.125585159418332
2022-04-10,10.073579270330569
2022-04-11,10.110811837011804
2022-04-12,10.117294285954726
2022-04-13,10.14301034074289
2022-04-14,10.19845283041896
2022-04-15,10.22595940837139
2022-04-16,10.31622265654203
2022-04-17,10.174487644564039
2022-04-18,10.304551330739855
2022-04-19,10.24365930570023
2022-04-20,10.26443775148893
2022-04-21,10.318698737543167
2022-04-22,10.221544095438727
2022-04-23,10.32244053499355
2022-04-24,10.319959163365091
2022-04-25,10.349879630233561
2022-04-26,10.347924569372557
2022-04-27,10.48801269340708
2022-04-28,10.312425859317182
2022-04-29,10.328698391613372
2022-04-30,10.332907180963891
2022-05-01,10.346570956727485
2022-05-02,10.351124049394283
2022-05-03,10.47003687840074
2022-05-04,10.493112902993008
2022-05-05,10.382680061909971
2022-05-06,10.37587844701554
2022-05-07,10.462849771334115
2022-05-08,10.410024035176509
2022-05-09,10.489570883947568
2022-05-10,10.472050390118367
2022-05-11,10.377050419335925
2022-05-12,10.568803052919202
2022-05-13,10.591498335033217
2022-05-14,10.454604237016483
2022-05-15,10.475566038923473
2022-05-16,10.523265110769412
2022-05-17,10.53329197154466
2022-05-18,10.559672812084141
2022-05-19,10.647530179221427
2022-05-20,10.5228789815433
2022-05-21,10.491994096767769
2022-05-22,10.463345206648688
2022-05-23,10.508275458588125
2022-05-24,10.555983229132151
2022-05-25,10.671294861304933
2022-05-26,10.538024534632788
2022-05-27,10.587775975982776
2022-05-28,10.578436913788082
2022-05-29,10.655604071572036
2022-05-30,10.740597761762702
2022-05-31,10.561612797130248
2022-06-01,10.568382102058157
2022-06-02,10.664480834838919
2022-06-03,10.646625343903464
2022-06-04,10.72019177515979
2022-06-05,10.647898226886547
2022-06-06,10.594572900348577
2022-06-07,10.654631327197265
2022-06-08,10.688568678060156
2022-06-09,10.673921788448022
2022-06-10,10.6575668780914
2022-06-11,10.693358958239713
2022-06-12,10.701534054704602
2022-06-13,10.716112904997452
2022-06-14,10.673701673424953
2022-06-15,10.626135905517284
2022-06-16,10.646137507138917
2022-06-17,10.710684357811243
2022-06-18,10.59002396746847
2022-06-19,10.661693727064963
2022-06-20,10.616292995490923
2022-06-21,10.64172468937609
2022-06-22,10.716600435987003
2022-06-23,10.651039272613783
2022-06-24,10.641826300617073
2022-06-25,10.556702451361947
2022-06-26,10.682109899914552
2022-06-27,10.67489204120476
2022-06-28,10.764574363567903
2022-06-29,10.614716671438021
2022-06-30,10.644525338937699
2022-07-01,10.8
2022-07-02,10.8
2022-07-03,10.777274332030315
2022-07-04,10.796792917351976
2022-07-05,10.8
2022-07-06,10.784674798273604
2022-07-07,10.743061245090287
2022-07-08,10.777633550257931
2022-07-09,10.8
2022-07-10,10.695999284496198
2022-07-11,10.761032034459092
2022-07-12,10.706287110554168
2022-07-13,10.8
2022-07-14,10.646720424785364
2022-07-15,10.699156119777534
2022-07-16,10.749686822375473
2022-07-17,10.8
2022-07-18,10.711189861551025
2022-07-19,10.67554452562572
2022-07-20,10.8
2022-07-21,10.608790677452316
2022-07-22,10.55684045531399
2022-07-23,10.70806288388425
2022-07-24,10.64422997642267
2022-07-25,10.605570648443013
2022-07-26,10.701639791444004
2022-07-27,10.665864917632847
2022-07-28,10.609297651622054
2022-07-29,10.558039023241465
2022-07-30,10.67873152263846
2022-07-31,10.656737338276852
2022-08-01,10.602932855101857
2022-08-02,10.710659340726515
2022-08-03,10.526455997222916
2022-08-04,10.489754509559369
2022-08-05,10.530224224641493
2022-08-06,10.559286818353998
2022-08-07,10.56673907755374
2022-08-08,10.527617667765972
2022-08-09,10.553007642162289
2022-08-10,10.446426831251543
2022-08-11,10.597625413885618
2022-08-12,10.495399387684644
2022-08-13,10.556546870910267
2022-08-14,10.499108252307396
2022-08-15,10.49484373205192
2022-08-16,10.490379870967361
2022-08-17,10.471676462926675
2022-08-18,10.471865622116837
2022-08-19,10.501411318721843
2022-08-20,10.421688399884829
2022-08-21,10.440550856581055
2022-08-22,10.380622051751741
2022-08-23,10.460294406653372
2022-08-24,10.321074225022288
2022-08-25,10.4573774115395
2022-08-26,10.33447121959821
2022-08-27,10.238494076560915
2022-08-28,10.31939062451928
2022-08-29,10.258112672383882
2022-08-30,10.336597204005825
2022-08-31,10.23409917657614
2022-09-01,10.233502661776699
2022-09-02,10.133841151643225
2022-09-03,10.206941889351734
2022-09-04,10.075444818880237
2022-09-05,10.112575268246697
2022-09-06,10.239904657045406
2022-09-07,10.22804055792568
2022-09-08,10.192979170477535
2022-09-09,10.09594269698891
2022-09-10,10.137562510968623
2022-09-11,10.126631355737073
2022-09-12,10.043730354822083
2022-09-13,10.189787309215461
2022-09-14,10.13854681476587
2022-09-15,10.058943437595053
2022-09-16,10.060089254258134
2022-09-17,10.057236560557337
2022-09-18,9.908473732608282
2022-09-19,10.002382234997743
2022-09-20,9.962523775757127
2022-09-21,9.929574562546298
2022-09-22,9.959037738549316
2022-09-23,10.070004080953026
2022-09-24,9.986843812116568
2022-09-25,9.900388144348694
2022-09-26,9.955298855895073
2022-09-27,9.99121364651876
2022-09-28,9.94906625574741
2022-09-29,9.883533503519487
2022-09-30,9.82754249293597
2022-10-01,9.894694717490673
2022-10-02,9.862896679020796
2022-10-03,9.879533008884438
2022-10-04,9.85051719644459
2022-10-05,9.862021111811305
2022-10-06,9.753634443176626
2022-10-07,9.851556294113257
2022-10-08,9.771200130173009
2022-10-09,9.87076262148623
2022-10-10,9.691873707780077
2022-10-11,9.824439863988932
2022-10-12,9.719296628209943
2022-10-13,9.655563543569807
2022-10-14,9.652932598530695
2022-10-15,9.650156275282017
2022-10-16,9.682336406454128
2022-10-17,9.67586758679844
2022-10-18,9.597791808202002
2022-10-19,9.6185778668107
2022-10-20,9.736513288373464
2022-10-21,9.699683746428827
2022-10-22,9.61038437045603
2022-10-23,9.574782162065308
2022-10-24,9.568127512975321
2022-10-25,9.58629049894389
2022-10-26,9.476799152846715
2022-10-27,9.511548251863736
2022-10-28,9.415840099848264
2022-10-29,9.529016264746314
2022-10-30,9.533149027432284
2022-10-31,9.454730321678397
2022-11-01,9.567717938038962
2022-11-02,9.389446094165834
2022-11-03,9.365001969887723
2022-11-04,9.4563661286361
2022-11-05,9.49592455554516
2022-11-06,9.524501941844383
2022-11-07,9.386471686937
2022-11-08,9.46943769810879
2022-11-09,9.393294840571812
2022-11-10,9.376315306563423
2022-11-11,9.430941878670298
2022-11-12,9.408495328040383
2022-11-13,9.266392972271854
2022-11-14,9.441378825483596
2022-11-15,9.427593571914382
2022-11-16,9.299450168169825
2022-11-17,9.353124447832025
2022-11-18,9.351609072862699
2022-11-19,9.330399629228632
2022-11-20,9.27473588727871
2022-11-21,9.260656915034852
2022-11-22,9.292828335775829
2022-11-23,9.35834168000782
2022-11-24,9.314421294448278
2022-11-25,9.253608588161715
2022-11-26,9.316402116262317
2022-11-27,9.2
2022-11-28,9.328186120267246
2022-11-29,9.2
2022-11-30,9.22755163012312
2022-12-01,9.2
2022-12-02,9.2
2022-12-03,9.309278862970086
2022-12-04,9.20719716102071
2022-12-05,9.25192975829555
2022-12-06,9.22445611862977
2022-12-07,9.252278312868116
2022-12-08,9.224903439819695
2022-12-09,9.2
2022-12-10,9.274111830646051
2022-12-11,9.2
2022-12-12,9.2
2022-12-13,9.2
2022-12-14,9.295548596654221
2022-12-15,9.254954496802071
2022-12-16,9.2
2022-12-17,9.2
2022-12-18,9.2
2022-12-19,9.3248982283244
2022-12-20,9.222948723111578
2022-12-21,9.225835094809149
2022-12-22,9.26211035655266
2022-12-23,9.215142128251626
2022-12-24,9.2
2022-12-25,9.2
2022-12-26,9.2
2022-12-27,9.203269675025572
2022-12-28,9.250981731106842
2022-12-29,9.212520253654516
2022-12-30,9.255699423688275
2022-12-31,9.209492826672708
2023-01-01,9.221905250300729
2023-01-02,9.2
2023-01-03,9.278635523716877
2023-01-04,9.248060661916401
2023-01-05,9.291020131983284
2023-01-06,9.2
2023-01-07,9.364931738014217
2023-01-08,9.235872920654229
2023-01-09,9.315605961230155
2023-01-10,9.2
2023-01-11,9.296351926710182
2023-01-12,9.201981262278991
2023-01-13,9.233602209005873
2023-01-14,9.391952094217766
2023-01-15,9.27198904884977
2023-01-16,9.303031786080657
2023-01-17,9.348979796578808
2023-01-18,9.333538651317205
2023-01-19,9.320074883130863
2023-01-20,9.34042727630835
2023-01-21,9.470440058721413
2023-01-22,9.330706860032294
2023-01-23,9.354379802211257
2023-01-24,9.413721587046894
2023-01-25,9.425598455709569
2023-01-26,9.439286863283668
2023-01-27,9.41539796518175
2023-01-28,9.317711256105309
2023-01-29,9.493720402601273
2023-01-30,9.33655951543474
2023-01-31,9.433324011530383
2023-02-01,9.37993198191204
2023-02-02,9.43155691618447
2023-02-03,9.46553865301081
2023-02-04,9.47568995605429
2023-02-05,9.49250416672887
2023-02-06,9.574973585113861
2023-02-07,9.516503295431411
2023-02-08,9.485957207348278
2023-02-09,9.569938890455298
2023-02-10,9.595117227490611
2023-02-11,9.461912696220777
2023-02-12,9.583394662900004
2023-02-13,9.601760293058705
2023-02-14,9.55412956723288
2023-02-15,9.666969771436767
2023-02-16,9.588014861487496
2023-02-17,9.61728673592103
2023-02-18,9.612241135846114
2023-02-19,9.63656901469995
2023-02-20,9.582998268328716
2023-02-21,9.575640003625338
2023-02-22,9.771105493075646
2023-02-23,9.63812952236884
2023-02-24,9.643091553669636
2023-02-25,9.587111418334821
2023-02-26,9.691824618569981
2023-02-27,9.66472809856089
2023-02-28,9.856685088930584
2023-03-01,9.780871061159575
2023-03-02,9.691935956154786
2023-03-03,9.881393117449372
2023-03-04,9.81825008311096
2023-03-05,9.75302276716468
2023-03-06,9.635784212977846
2023-03-07,9.93650450324759
2023-03-08,9.729032540337856
2023-03-09,9.727097490865361
2023-03-10,9.90064178181607
2023-03-11,9.999186463054214
2023-03-12,9.949415068708936
2023-03-13,9.91379022852742
2023-03-14,9.929273495272561
2023-03-15,9.958457253850419
2023-03-16,9.96647960440091
2023-03-17,9.951530369173824
2023-03-18,9.954645306677659
2023-03-19,9.958387301668083
2023-03-20,9.930665880790473
2023-03-21,9.972831258527988
2023-03-22,9.901865421785272
2023-03-23,10.011312500341294
2023-03-24,9.971662358284684
2023-03-25,9.978518233047536
2023-03-26,10.06926975298767
2023-03-27,10.155721425205508
2023-03-28,10.14100407369147
2023-03-29,10.00535337489204
2023-03-30,10.053854547979416
2023-03-31,10.1832937793618
2023-04-01,9.98743342949113
2023-04-02,10.045087150019176
2023-04-03,10.103709671034869
2023-04-04,10.02470262627415
2023-04-05,10.101174330277832
2023-04-06,10.026806964195163
2023-04-07,10.082707761993104
2023-04-08,10.149859157704563
2023-04-09,10.046912611938062
2023-04-10,10.180674785270249
2023-04-11,10.164752685865256
2023-04-12,10.21069212922488
2023-04-13,10.202513042693017
2023-04-14,10.282382349460597
2023-04-15,10.219419994578073
2023-04-16,10.19742829450567
2023-04-17,10.241726737190303
2023-04-18,10.278089868573444
2023-04-19,10.259430240573304
2023-04-20,10.26984107554031
2023-04-21,10.236090066744765
2023-04-22,10.249133361679409
2023-04-23,10.215339633914526
2023-04-24,10.414946635463524
2023-04-25,10.245700760269596
2023-04-26,10.289000138870334
2023-04-27,10.297590249078274
2023-04-28,10.404385720988927
2023-04-29,10.342861228215959
2023-04-30,10.4451601369098
2023-05-01,10.339490146422467
2023-05-02,10.406106926766101
2023-05-03,10.3485750633387
2023-05-04,10.53659159578002
2023-05-05,10.345668934393169
2023-05-06,10.444409024015416
2023-05-07,10.472591450806858
2023-05-08,10.467985363680457
2023-05-09,10.440477715349575
2023-05-10,10.452085766883284
2023-05-11,10.470623754554506
2023-05-12,10.467132620741689
2023-05-13,10.54157842165518
2023-05-14,10.624002938541027
2023-05-15,10.465378625419163
2023-05-16,10.423925008551173
2023-05-17,10.507927641244363
2023-05-18,10.674942715983029
2023-05-19,10.478697432817262
2023-05-20,10.631842823519587
2023-05-21,10.640553980284663
2023-05-22,10.51288906582708
2023-05-23,10.586270245735756
2023-05-24,10.655674644892292
2023-05-25,10.540873725034617
2023-05-26,10.556866390968816
2023-05-27,10.539447844047524
2023-05-28,10.518536883710874
2023-05-29,10.54534382246119
2023-05-30,10.51554540020455
2023-05-31,10.59550993160102
2023-06-01,10.551550074745732
2023-06-02,10.615858336922221
2023-06-03,10.512358115753669
2023-06-04,10.629242149548496
2023-06-05,10.662874273463524
2023-06-06,10.496506287241512
2023-06-07,10.64163543154658
2023-06-08,10.69570660277358
2023-06-09,10.552114396454709
2023-06-10,10.727484779435223
2023-06-11,10.654499617426328
2023-06-12,10.589075607932358
2023-06-13,10.62983722087574
2023-06-14,10.668278694920877
2023-06-15,10.64072331382104
2023-06-16,10.6696600454997
2023-06-17,10.58305340423598
2023-06-18,10.649201757169868
2023-06-19,10.554750458718289
2023-06-20,10.633219760549643
2023-06-21,10.585765541512114
2023-06-22,10.59576152767518
2023-06-23,10.713738919045214
2023-06-24,10.70451871496336
2023-06-25,10.674842107075172
2023-06-26,10.571795920072564
2023-06-27,10.617178483354607
2023-06-28,10.707564942168325
2023-06-29,10.641686380353596
2023-06-30,10.770536091676764
2023-07-01,10.8
2023-07-02,10.797223431683802
2023-07-03,10.764445076121381
2023-07-04,10.788064080092694
2023-07-05,10.767731851323529
2023-07-06,10.8
2023-07-07,10.8
2023-07-08,10.718828783053555
2023-07-09,10.682028083370852
2023-07-10,10.647417880074663
2023-07-11,10.783533333625032
2023-07-12,10.682092363080086
2023-07-13,10.614139693545392
2023-07-14,10.761426355344248
2023-07-15,10.8
2023-07-16,10.72668985517921
2023-07-17,10.771510793772606
2023-07-18,10.72004463872826
2023-07-19,10.702923118035843
2023-07-20,10.757512656739976
2023-07-21,10.67825503882597
2023-07-22,10.70481235155551
2023-07-23,10.70096388525281
2023-07-24,10.634267802665244
2023-07-25,10.726367158443047
2023-07-26,10.648640819204319
2023-07-27,10.605892165237004
2023-07-28,10.675332960080482
2023-07-29,10.580949208254257
2023-07-30,10.6280749523838
2023-07-31,10.61717812780068
2023-08-01,10.674037140878514
2023-08-02,10.628343014936453
2023-08-03,10.589159465677778
2023-08-04,10.63035199776687
2023-08-05,10.655151161775407
2023-08-06,10.59549059771644
2023-08-07,10.55275986778498
2023-08-08,10.463381657296342
2023-08-09,10.467977498586908
2023-08-10,10.50320571444169
2023-08-11,10.474428805511666
2023-08-12,10.489110180209071
2023-08-13,10.492908116508806
2023-08-14,10.510326296786138
2023-08-15,10.46320861221915
2023-08-16,10.485383932783002
2023-08-17,10.448682414214243
2023-08-18,10.314774262543553
2023-08-19,10.365302043284773
2023-08-20,10.401251876359444
2023-08-21,10.325428946555279
2023-08-22,10.422001917208746
2023-08-23,10.465732423667024
2023-08-24,10.434783474247684
2023-08-25,10.33651441330904
2023-08-26,10.42632426484787
2023-08-27,10.333260630120126
2023-08-28,10.291479201357548
2023-08-29,10.262171612019918
2023-08-30,10.268010409877213
2023-08-31,10.249966006221811
2023-09-01,10.270498641112114
2023-09-02,10.25684803436295
2023-09-03,10.234263029715883
2023-09-04,10.247093868662756
2023-09-05,10.279048214143021
2023-09-06,10.251253025803226
2023-09-07,10.091798670299637
2023-09-08,10.01421644867632
2023-09-09,10.21002046025102
2023-09-10,10.058412470432216
2023-09-11,10.113361583968945
2023-09-12,10.043025454610074
2023-09-13,9.991464584854631
2023-09-14,10.118392841023619
2023-09-15,10.11775059764299
2023-09-16,10.023885479874858
2023-09-17,9.889271054551788
2023-09-18,9.99820315781859
2023-09-19,10.040721118273131
2023-09-20,9.914708136510548
2023-09-21,10.000673358326743
2023-09-22,9.974985165172093
2023-09-23,9.99690037931812
2023-09-24,9.955568062545396
2023-09-25,9.876274747282768
2023-09-26,9.992738179113573
2023-09-27,9.897740545941982
2023-09-28,9.891949962402048
2023-09-29,9.823959603779885
2023-09-30,9.839761764526815
2023-10-01,9.799713155832242
2023-10-02,9.828910792300087
2023-10-03,9.928523924491316
2023-10-04,9.73009281976779
2023-10-05,9.702234265019541
2023-10-06,9.874018775519877
2023-10-07,9.759953229546086
2023-10-08,9.71919978957187
2023-10-09,9.80864125037248
2023-10-10,9.69688804448124
2023-10-11,9.829842618611833
2023-10-12,9.748097533482541
2023-10-13,9.66537393929793
2023-10-14,9.811404241369885
2023-10-15,9.633034218393476
2023-10-16,9.701412171990572
2023-10-17,9.662455012340699
2023-10-18,9.710318285802245
2023-10-19,9.71372981414997
2023-10-20,9.6098973158007
2023-10-21,9.550826084002013
2023-10-22,9.611803278851935
2023-10-23,9.53183903119009
2023-10-24,9.681728868223823
2023-10-25,9.557671540445028
2023-10-26,9.516247413679892
2023-10-27,9.538071662461032
2023-10-28,9.435127566909138
2023-10-29,9.446766035079358
2023-10-30,9.566342105526786
2023-10-31,9.444307852678076
2023-11-01,9.410464073280645
2023-11-02,9.495191199097611
2023-11-03,9.52400671198009
2023-11-04,9.486036218162406
2023-11-05,9.49286151853678
2023-11-06,9.378058575042743
2023-11-07,9.328696102704626
2023-11-08,9.49479686722024
2023-11-09,9.376244558411326
2023-11-10,9.37162296357257
2023-11-11,9.457613930932041
2023-11-12,9.402729755899617
2023-11-13,9.388329768015804
2023-11-14,9.482686545194108
2023-11-15,9.306176996842726
2023-11-16,9.39265433794527
2023-11-17,9.332797023319605
2023-11-18,9.338082798417531
2023-11-19,9.406467308863949
2023-11-20,9.338224341886812
2023-11-21,9.333252081854113
2023-11-22,9.358712020273904
2023-11-23,9.266080775079685
2023-11-24,9.231452705132273
2023-11-25,9.21315689644562
2023-11-26,9.2
2023-11-27,9.38794365202153
2023-11-28,9.2
2023-11-29,9.240893412045244
2023-11-30,9.232689288613972
2023-12-01,9.26755939409445
2023-12-02,9.293192531095897
2023-12-03,9.29125766502896
2023-12-04,9.200274586785287
2023-12-05,9.221112222564521
2023-12-06,9.24422615039182
2023-12-07,9.208734395663717
2023-12-08,9.316734860917279
2023-12-09,9.246645635980059
2023-12-10,9.258428488642211
2023-12-11,9.251513895175385
2023-12-12,9.279811931955196
2023-12-13,9.218185252010846
2023-12-14,9.2
2023-12-15,9.22792246938042
2023-12-16,9.2
2023-12-17,9.2
2023-12-18,9.235996619835342
2023-12-19,9.274590333596768
2023-12-20,9.20130889058185
2023-12-21,9.218562576733623
2023-12-22,9.302426245988864
2023-12-23,9.21525996947935
2023-12-24,9.357697716515588
2023-12-25,9.236569549203878
2023-12-26,9.2
2023-12-27,9.250703506482434
2023-12-28,9.23019346158159
2023-12-29,9.286788665751041
2023-12-30,9.252131900131538
2023-12-31,9.206028462440196
2024-01-01,9.2
2024-01-02,9.20775273091892
2024-01-03,9.2
2024-01-04,9.2
2024-01-05,9.266454229656942
2024-01-06,9.335453503360508
2024-01-07,9.263309547516753
2024-01-08,9.2
2024-01-09,9.275791152319112
2024-01-10,9.326025784466779
2024-01-11,9.222998518147264
2024-01-12,9.257145166069035
2024-01-13,9.271909638331374
2024-01-14,9.230016314200824
2024-01-15,9.322326818926202
2024-01-16,9.282728924773407
2024-01-17,9.321947679371904
2024-01-18,9.250548207370723
2024-01-19,9.284802250802842
2024-01-20,9.361872497630044
2024-01-21,9.30386513448161
2024-01-22,9.437781818928313
2024-01-23,9.318335688271482
2024-01-24,9.36416340683155
2024-01-25,9.415222349644475
2024-01-26,9.282963100974063
2024-01-27,9.271425623141152
2024-01-28,9.294752171994931
2024-01-29,9.471469556868838
2024-01-30,9.372228750262314
2024-01-31,9.568657840756137
2024-02-01,9.391333676993758
2024-02-02,9.446478295171872
2024-02-03,9.538339505546675
2024-02-04,9.576774096416822
2024-02-05,9.590879136072937
2024-02-06,9.550652882805931
2024-02-07,9.550734988889259
2024-02-08,9.536158222417788
2024-02-09,9.558795324927994
2024-02-10,9.490677855175422
2024-02-11,9.48647723212366
2024-02-12,9.547348191264355
2024-02-13,9.549478851168555
2024-02-14,9.544789694474844
2024-02-15,9.626210609485474
2024-02-16,9.654336509223677
2024-02-17,9.615056561890249
2024-02-18,9.711277250166463
2024-02-19,9.56713292499705
2024-02-20,9.637155205985644
2024-02-21,9.619033717344829
2024-02-22,9.563442992257764
2024-02-23,9.683986362117379
2024-02-24,9.695270244134017
2024-02-25,9.807121809745572
2024-02-26,9.768011024504638
2024-02-27,9.682662276705587
2024-02-28,9.869409733302454
2024-02-29,9.84557226111044
2024-03-01,9.768150839073568
2024-03-02,9.732657923197724
2024-03-03,9.701777799688056
2024-03-04,9.750180243610934
2024-03-05,9.85107347305251
2024-03-06,9.912123127248222
2024-03-07,9.905001500040003
2024-03-08,9.796490450375599
2024-03-09,9.772110509898152
2024-03-10,9.861254493488529
2024-03-11,9.760252337664534
2024-03-12,9.899345744175365
2024-03-13,9.884732079594723
2024-03-14,9.879290130211507
2024-03-15,9.825261704977695
2024-03-16,9.965474890129844
2024-03-17,9.916431190060832
2024-03-18,9.891947879199437
2024-03-19,9.803568023325575
2024-03-20,9.988020868836955
2024-03-21,10.10977792643718
2024-03-22,10.11688843082185
2024-03-23,10.003552049318563
2024-03-24,10.008600868458776
2024-03-25,10.086602559282964
2024-03-26,10.012298161673534
2024-03-27,10.1040125913205
2024-03-28,10.145548227812514
2024-03-29,10.186848229606694
2024-03-30,10.12083826349371
2024-03-31,10.128204767326524
2024-04-01,10.005886183813603
2024-04-02,10.021093723851004
2024-04-03,10.069214560051877
2024-04-04,10.116893730318045
2024-04-05,10.161663571464251
2024-04-06,10.070599083589356
2024-04-07,10.220233555793582
2024-04-08,10.126224819887408
2024-04-09,10.15296426333172
2024-04-10,10.121098253051986
2024-04-11,10.032088316343474
2024-04-12,10.242120918430802
2024-04-13,10.244744557487714
2024-04-14,10.195026870992105
2024-04-15,10.227212070006678
2024-04-16,10.265345240070612
2024-04-17,10.151739235418066
2024-04-18,10.224755475712984
2024-04-19,10.315061454845386
2024-04-20,10.202952202623017
2024-04-21,10.306520892662464
2024-04-22,10.218101041945102
2024-04-23,10.337957829818318
2024-04-24,10.318194065455224
2024-04-25,10.233666541783757
2024-04-26,10.410579046279857
2024-04-27,10.306614763764378
2024-04-28,10.311943062692619
2024-04-29,10.382329764383234
2024-04-30,10.448817824842822
2024-05-01,10.328417967893971
2024-05-02,10.402396677525164
2024-05-03,10.433611638133451
2024-05-04,10.458511175970727
2024-05-05,10.436406274718427
2024-05-06,10.412543167605932
2024-05-07,10.393502004594444
2024-05-08,10.45676360786502
2024-05-09,10.395546668148153
2024-05-10,10.292714037226082
2024-05-11,10.502146329088859
2024-05-12,10.537981765112656
2024-05-13,10.349595612313037
2024-05-14,10.438244290237035
2024-05-15,10.54326244298623
2024-05-16,10.636674292328141
2024-05-17,10.521407778184296
2024-05-18,10.483237730421697
2024-05-19,10.522522028726652
2024-05-20,10.622384516588967
2024-05-21,10.507346509582087
2024-05-22,10.504179740585624
2024-05-23,10.529006236173657
2024-05-24,10.506421672998343
2024-05-25,10.576441431534645
2024-05-26,10.671829406392616
2024-05-27,10.59880704393941
2024-05-28,10.569159265037573
2024-05-29,10.571473140075353
2024-05-30,10.499673474983668
2024-05-31,10.65073505523808
2024-06-01,10.597160950394008
2024-06-02,10.594883059710448
2024-06-03,10.8
2024-06-04,10.63078771026893
2024-06-05,10.571022962790089
2024-06-06,10.593610581583393
2024-06-07,10.690953205776987
2024-06-08,10.631489082208446
2024-06-09,10.540833757525919
2024-06-10,10.684512212938877
2024-06-11,10.591287674145523
2024-06-12,10.745581232108254
2024-06-13,10.699581964112452
2024-06-14,10.60932367659677
2024-06-15,10.714195667657025
2024-06-16,10.642365150452386
2024-06-17,10.690206528235036
2024-06-18,10.668657297570256
2024-06-19,10.589111924931112
2024-06-20,10.601387010060954
2024-06-21,10.701690973285434
2024-06-22,10.619486808606196
2024-06-23,10.614821199933184
2024-06-24,10.58098646505978
2024-06-25,10.662750629888526
2024-06-26,10.759914485490883
2024-06-27,10.570727105314317
2024-06-28,10.634636532935566
2024-06-29,10.716109552602788
2024-06-30,10.624579993389622
2024-07-01,10.8
2024-07-02,10.71924845228472
2024-07-03,10.8
2024-07-04,10.765651385606088
2024-07-05,10.8
2024-07-06,10.8
2024-07-07,10.8
2024-07-08,10.796680050977134
2024-07-09,10.777137981455791
2024-07-10,10.76471691210492
2024-07-11,10.727104381881878
2024-07-12,10.763622159730243
2024-07-13,10.72038755446405
2024-07-14,10.742799089190006
2024-07-15,10.8
2024-07-16,10.660808793388728
2024-07-17,10.783527590883148
2024-07-18,10.787883401267703
2024-07-19,10.695283956141246
2024-07-20,10.568360217536775
2024-07-21,10.652299493485529
2024-07-22,10.759481689674715
2024-07-23,10.672981146145895
2024-07-24,10.606886483533161
2024-07-25,10.62885190933235
2024-07-26,10.701674076396849
2024-07-27,10.67594638355834
2024-07-28,10.620521361211537
2024-07-29,10.60437461823277
2024-07-30,10.594219778656703
2024-07-31,10.553538795858708
2024-08-01,10.696783662331823
2024-08-02,10.571321855049804
2024-08-03,10.654315531064382
2024-08-04,10.663017671949715
2024-08-05,10.621920633224205
2024-08-06,10.526241491831295
2024-08-07,10.56631563665755
2024-08-08,10.530432581987975
2024-08-09,10.467297085059162
2024-08-10,10.530461094544519
2024-08-11,10.42958607091861
2024-08-12,10.560769884322672
2024-08-13,10.45066769368683
2024-08-14,10.479508118255065
2024-08-15,10.473191106446198
2024-08-16,10.429279650903393
2024-08-17,10.468503884613302
2024-08-18,10.393167947516545
2024-08-19,10.462174967550174
2024-08-20,10.31725185031094
2024-08-21,10.393588968181758
2024-08-22,10.4902231136699
2024-08-23,10.30163788366951
2024-08-24,10.30865628733336
2024-08-25,10.367715167616407
2024-08-26,10.335115489604375
2024-08-27,10.332742165581045
2024-08-28,10.328326999641234
2024-08-29,10.324241879180207
2024-08-30,10.339838605851659
2024-08-31,10.284862787185295
2024-09-01,10.232738136222844
2024-09-02,10.274434690578843
2024-09-03,10.334870494571687
2024-09-04,10.199651412872885
2024-09-05,10.13580801939651
2024-09-06,10.247317388563848
2024-09-07,10.160228846933222
2024-09-08,10.023601092815822
2024-09-09,10.191270492966167
2024-09-10,10.094727816925271
2024-09-11,10.107800239235386
2024-09-12,10.119502230943572
2024-09-13,10.097335058118075
2024-09-14,10.114768397053174
2024-09-15,10.03234692168427
2024-09-16,10.075519939971048
2024-09-17,10.015405024058705
2024-09-18,10.061541506802229
2024-09-19,10.040364879677778
2024-09-20,9.933545441017317
2024-09-21,10.041062683092976
2024-09-22,9.929985082635211
2024-09-23,9.996876708337416
2024-09-24,9.956696122539741
2024-09-25,10.03123490962141
2024-09-26,9.893844361381289
2024-09-27,9.872629227005552
2024-09-28,9.878790504971013
2024-09-29,9.848167912628249
2024-09-30,9.90079783279038
2024-10-01,9.742308919389297
2024-10-02,9.762600470533993
2024-10-03,9.74833871304892
2024-10-04,9.85606640441056
2024-10-05,9.888385358225175
2024-10-06,9.76624569706295
2024-10-07,9.749214850500065
2024-10-08,9.750450098915506
2024-10-09,9.802937675021942
2024-10-10,9.664640847747583
2024-10-11,9.721724120166272
2024-10-12,9.75316048157362
2024-10-13,9.712031398770346
2024-10-14,9.6807520107696
2024-10-15,9.716949215224043
2024-10-16,9.482303519936355
2024-10-17,9.672886327610172
2024-10-18,9.580794601358713
2024-10-19,9.498139093045365
2024-10-20,9.626703312194282
2024-10-21,9.666624462985364
2024-10-22,9.564255042497555
2024-10-23,9.618098106204402
2024-10-24,9.646216116059383
2024-10-25,9.617061573973661
2024-10-26,9.625388715871422
2024-10-27,9.560482793745233
2024-10-28,9.509588895724093
2024-10-29,9.39819932233629
2024-10-30,9.468957760128562
2024-10-31,9.422683936522589
2024-11-01,9.593248596995844
2024-11-02,9.442311313954372
2024-11-03,9.45029130792957
2024-11-04,9.46618777995086
2024-11-05,9.426082427139258
2024-11-06,9.515707805134982
2024-11-07,9.367357886398844
2024-11-08,9.40728179605609
2024-11-09,9.34212470941799
2024-11-10,9.298720931747855
2024-11-11,9.33264980988126
2024-11-12,9.358754293868003
2024-11-13,9.327028271029008
2024-11-14,9.303242831873103
2024-11-15,9.252604882440087
2024-11-16,9.324389901468058
2024-11-17,9.231684039243875
2024-11-18,9.360362561100573
2024-11-19,9.312700581685506
2024-11-20,9.213501227143238
2024-11-21,9.275809035412324
2024-11-22,9.242848554516822
2024-11-23,9.300955755797764
2024-11-24,9.35627247484827
2024-11-25,9.2
2024-11-26,9.271472788973956
2024-11-27,9.24965221051092
2024-11-28,9.294449034047418
2024-11-29,9.262089884301568
2024-11-30,9.2
2024-12-01,9.225105062203541
2024-12-02,9.2
2024-12-03,9.29981966141534
2024-12-04,9.232418224312022
2024-12-05,9.341342794507701
2024-12-06,9.220016214405852
2024-12-07,9.2
2024-12-08,9.2
2024-12-09,9.2
2024-12-10,9.2
2024-12-11,9.225431099566766
2024-12-12,9.23784745988242
2024-12-13,9.2
2024-12-14,9.257643491119827
2024-12-15,9.2
2024-12-16,9.210404310383897
2024-12-17,9.297548016405361
2024-12-18,9.254103708262681
2024-12-19,9.2
2024-12-20,9.2
2024-12-21,9.2
2024-12-22,9.2
2024-12-23,9.2
2024-12-24,9.2
2024-12-25,9.2
2024-12-26,9.210114122193689
2024-12-27,9.2
2024-12-28,9.2
2024-12-29,9.221860299373343
2024-12-30,9.240852260453387
2024-12-31,9.2
