Date,BOD
2020-01-01,0.546166551733131
2020-01-02,0.5076784187655222
2020-01-03,0.5402621588127897
2020-01-04,0.577342620628027
2020-01-05,0.4828261341726304
2020-01-06,0.4762008820728546
2020-01-07,0.5602755130659732
2020-01-08,0.5131289200833147
2020-01-09,0.44476288781344014
2020-01-10,0.48888307711100476
2020-01-11,0.4321436230674698
2020-01-12,0.42563032623990116
2020-01-13,0.454662002915715
2020-01-14,0.34059360424086155
2020-01-15,0.3437539723865266
2020-01-16,0.3956781097977533
2020-01-17,0.36699576657989524
2020-01-18,0.4272485635602182
2020-01-19,0.3600897133804634
2020-01-20,0.3288880895549251
2020-01-21,0.46685748203973654
2020-01-22,0.37641916571089984
2020-01-23,0.3852802348181358
2020-01-24,0.30492688572525656
2020-01-25,0.343271956612011
2020-01-26,0.370432028568504
2020-01-27,0.3018006958389158
2020-01-28,0.37267106093195246
2020-01-29,0.3184629396657259
2020-01-30,0.3285934272157106
2020-01-31,0.307852126504896
2020-02-01,0.42538836354003345
2020-02-02,0.32701577497229684
2020-02-03,0.26980196279741386
2020-02-04,0.35889380156228823
2020-02-05,0.2518870520310641
2020-02-06,0.31862015811564276
2020-02-07,0.20552768946657285
2020-02-08,0.23252396654227497
2020-02-09,0.304287616677239
2020-02-10,0.3269697124529542
2020-02-11,0.29430847202801264
2020-02-12,0.2757444403675416
2020-02-13,0.2623528366921576
2020-02-14,0.19945867990326216
2020-02-15,0.23346611009070067
2020-02-16,0.24259786968455574
2020-02-17,0.3147564883697204
2020-02-18,0.2754520465784922
2020-02-19,0.1665911410118987
2020-02-20,0.267521670986011
2020-02-21,0.2287410043897698
2020-02-22,0.21093097093290472
2020-02-23,0.27224809814807976
2020-02-24,0.2902076551949237
2020-02-25,0.28232215391812343
2020-02-26,0.19100567341511054
2020-02-27,0.21482309233020191
2020-02-28,0.2442735991549864
2020-02-29,0.2740247178379453
2020-03-01,0.2435159392803335
2020-03-02,0.25550349276096673
2020-03-03,0.2069163729170846
2020-03-04,0.20000511664206413
2020-03-05,0.2981604278089184
2020-03-06,0.32320186557699027
2020-03-07,0.24978275953903384
2020-03-08,0.3016915805910644
2020-03-09,0.26786722926254647
2020-03-10,0.2159392673193522
2020-03-11,0.26481466829278205
2020-03-12,0.322336585011775
2020-03-13,0.24247394732764413
2020-03-14,0.32146889514234145
2020-03-15,0.1113621954671779
2020-03-16,0.28269885237675946
2020-03-17,0.24535211619652025
2020-03-18,0.22558736899589038
2020-03-19,0.24480582409684357
2020-03-20,0.1406615581156811
2020-03-21,0.2290208505347531
2020-03-22,0.25796674762523963
2020-03-23,0.31425469684202767
2020-03-24,0.2148374869316467
2020-03-25,0.2008593327634259
2020-03-26,0.21687102967012717
2020-03-27,0.2885455105760067
2020-03-28,0.26017089496237666
2020-03-29,0.21834439216971852
2020-03-30,0.27173563930655426
2020-03-31,0.25230644542639774
2020-04-01,0.2974051437962719
2020-04-02,0.21553014138341706
2020-04-03,0.2360486741873497
2020-04-04,0.2347639098546686
2020-04-05,0.18326908251906365
2020-04-06,0.27346371759452437
2020-04-07,0.2740600468448797
2020-04-08,0.26374854501044925
2020-04-09,0.2543843773662141
2020-04-10,0.1981005550853694
2020-04-11,0.2507258640267279
2020-04-12,0.2576442660556471
2020-04-13,0.23781991843493436
2020-04-14,0.27315428008773934
2020-04-15,0.3048359126954616
2020-04-16,0.3824864776274497
2020-04-17,0.3005778443410086
2020-04-18,0.30852511476332356
2020-04-19,0.295849685742455
2020-04-20,0.20768238896484134
2020-04-21,0.30646760625515373
2020-04-22,0.31509930656383794
2020-04-23,0.4396652709197147
2020-04-24,0.311420051105356
2020-04-25,0.3407686215315217
2020-04-26,0.3287256631912044
2020-04-27,0.2769127757951786
2020-04-28,0.39748722548249793
2020-04-29,0.3830546431203664
2020-04-30,0.39023248044786213
2020-05-01,0.310543839190553
2020-05-02,0.43159311345245843
2020-05-03,0.2969072758376729
2020-05-04,0.40199371630797553
2020-05-05,0.48792760259524703
2020-05-06,0.33473318675867497
2020-05-07,0.36189978525250127
2020-05-08,0.4012496312145682
2020-05-09,0.3772416005378964
2020-05-10,0.33112463914990226
2020-05-11,0.4184206443130161
2020-05-12,0.36830237506207825
2020-05-13,0.45161072387649853
2020-05-14,0.38855997854714336
2020-05-15,0.5187125889930525
2020-05-16,0.40882049236345164
2020-05-17,0.43872797386925877
2020-05-18,0.5024333785300996
2020-05-19,0.4072172926428381
2020-05-20,0.4872109436811963
2020-05-21,0.5483448736373323
2020-05-22,0.40983359501636013
2020-05-23,0.5067275628932467
2020-05-24,0.517844055677024
2020-05-25,0.5513588591646585
2020-05-26,0.45789953520218374
2020-05-27,0.4612629345269191
2020-05-28,0.5609786432839134
2020-05-29,0.5573814530741362
2020-05-30,0.5627601038726353
2020-05-31,0.5753114186696744
2020-06-01,0.5317893263087404
2020-06-02,0.5852504970230314
2020-06-03,0.5961820558822417
2020-06-04,0.5537425134823108
2020-06-05,0.6907191439014679
2020-06-06,0.6291287183627333
2020-06-07,0.5539124988978681
2020-06-08,0.6543775204947543
2020-06-09,0.5809170957638766
2020-06-10,0.6771335209800132
2020-06-11,0.7038615450315152
2020-06-12,0.6130720734680473
2020-06-13,0.7104689449105267
2020-06-14,0.691150231572056
2020-06-15,0.7198399046057502
2020-06-16,0.7818144842675838
2020-06-17,0.6829531539326945
2020-06-18,0.6657908182032074
2020-06-19,0.6672618675639231
2020-06-20,0.679209485751728
2020-06-21,0.7244073254840954
2020-06-22,0.7535799723197502
2020-06-23,0.7586119802336627
2020-06-24,0.7943843273169147
2020-06-25,0.7619131979878696
2020-06-26,0.8421655186326346
2020-06-27,0.7644670198897916
2020-06-28,0.921902268943848
2020-06-29,0.8253516013071053
2020-06-30,0.7593628313862952
2020-07-01,0.35162978545932294
2020-07-02,0.4333487007306278
2020-07-03,0.40208802385470716
2020-07-04,0.4529814885460326
2020-07-05,0.44494667205656213
2020-07-06,0.42162851217534164
2020-07-07,0.3868960979879259
2020-07-08,0.35743873268321613
2020-07-09,0.41477897120281637
2020-07-10,0.4838254356187608
2020-07-11,0.45558695652883935
2020-07-12,0.38644695135816215
2020-07-13,0.46121826379102476
2020-07-14,0.47562298639587536
2020-07-15,0.41593359281689934
2020-07-16,0.47155239750937983
2020-07-17,0.4704854779399985
2020-07-18,0.414103550125153
2020-07-19,0.4927854896452033
2020-07-20,0.5065453583568063
2020-07-21,0.5362335886832689
2020-07-22,0.5383098483694772
2020-07-23,0.42023777277133734
2020-07-24,0.4456932231644726
2020-07-25,0.5217601848703012
2020-07-26,0.5250813631745226
2020-07-27,0.5284867891858855
2020-07-28,0.6986710233603664
2020-07-29,0.5378357451604665
2020-07-30,0.5692820342226724
2020-07-31,0.5633711828230556
2020-08-01,0.5513618709434366
2020-08-02,0.5061030062878895
2020-08-03,0.5628411251583434
2020-08-04,0.4892287377655167
2020-08-05,0.5189566590106255
2020-08-06,0.5094063917995637
2020-08-07,0.5405937924806725
2020-08-08,0.6550062293808486
2020-08-09,0.4486301344052675
2020-08-10,0.5789725679708707
2020-08-11,0.46663521069750347
2020-08-12,0.5262303643321548
2020-08-13,0.6067741910102906
2020-08-14,0.5579833751165397
2020-08-15,0.5032671338961141
2020-08-16,0.5237157648647954
2020-08-17,0.5957283047990085
2020-08-18,0.5274377703807499
2020-08-19,0.5769262794652915
2020-08-20,0.5704681171302939
2020-08-21,0.5376339918543275
2020-08-22,0.6793734068526736
2020-08-23,0.6057714742661922
2020-08-24,0.474654279383658
2020-08-25,0.587006030811104
2020-08-26,0.5463013939260607
2020-08-27,0.6236547757918034
2020-08-28,0.5429839671373722
2020-08-29,0.5783841128441571
2020-08-30,0.6108148178550777
2020-08-31,0.6302308926910203
2020-09-01,0.528238743558048
2020-09-02,0.5727712965900099
2020-09-03,0.5669238825713043
2020-09-04,0.5591111234084796
2020-09-05,0.6810880532584166
2020-09-06,0.6140331947894287
2020-09-07,0.5316394042446053
2020-09-08,0.641406650217925
2020-09-09,0.7023815258711337
2020-09-10,0.648587129202114
2020-09-11,0.521615300523264
2020-09-12,0.5739216266169911
2020-09-13,0.6619578551138795
2020-09-14,0.5636370857943839
2020-09-15,0.6215489649532687
2020-09-16,0.6383562037488023
2020-09-17,0.5534734791186199
2020-09-18,0.5969681726720838
2020-09-19,0.43793441053323195
2020-09-20,0.5487606160104226
2020-09-21,0.5872626997953078
2020-09-22,0.5373419726421655
2020-09-23,0.6811206838042759
2020-09-24,0.5276910675229692
2020-09-25,0.5768230503293182
2020-09-26,0.6049186726884839
2020-09-27,0.669931039811735
2020-09-28,0.5254895140967898
2020-09-29,0.6547857435990672
2020-09-30,0.5964140255261751
2020-10-01,0.9427700441057985
2020-10-02,1.0
2020-10-03,0.9988002634302979
2020-10-04,0.957164269351686
2020-10-05,0.9888783236751605
2020-10-06,0.9642214469518305
2020-10-07,0.9871482659147407
2020-10-08,1.0
2020-10-09,1.0
2020-10-10,0.9128617635768301
2020-10-11,1.0
2020-10-12,0.8721118989011122
2020-10-13,0.9594441956719783
2020-10-14,0.9936577123619154
2020-10-15,0.9753919143166254
2020-10-16,0.927200740302934
2020-10-17,0.9448168165339336
2020-10-18,0.9273548348564726
2020-10-19,0.9192142896365182
2020-10-20,0.9877369560710159
2020-10-21,0.9595796421981831
2020-10-22,0.9034541431781926
2020-10-23,0.9793501855391173
2020-10-24,0.9459066555333943
2020-10-25,0.9672583265203144
2020-10-26,0.9540734206245586
2020-10-27,0.8770233949669428
2020-10-28,0.8862508900216374
2020-10-29,0.9473182968029794
2020-10-30,0.9360739583878903
2020-10-31,0.900021651314596
2020-11-01,0.9023551735048775
2020-11-02,0.9557062664240162
2020-11-03,0.8574921960285933
2020-11-04,0.9095883131013731
2020-11-05,0.8672028581330964
2020-11-06,0.8614253036294454
2020-11-07,0.922164388284773
2020-11-08,0.9033333603330357
2020-11-09,0.8974973670946573
2020-11-10,0.9167790661960502
2020-11-11,0.847164032066969
2020-11-12,0.8747472738547172
2020-11-13,0.8196007630873166
2020-11-14,0.845717224786152
2020-11-15,0.8173285522456863
2020-11-16,0.8229459736658963
2020-11-17,0.8420498705366191
2020-11-18,0.7655139222446675
2020-11-19,0.9051160891625833
2020-11-20,0.7442082137684909
2020-11-21,0.7277543724301588
2020-11-22,0.840268221078387
2020-11-23,0.8157906484383448
2020-11-24,0.8012061268404295
2020-11-25,0.7951596589894625
2020-11-26,0.7568237720202409
2020-11-27,0.7062204675072944
2020-11-28,0.7484757202015934
2020-11-29,0.7043868394926879
2020-11-30,0.7805193795606997
2020-12-01,0.7178899472992238
2020-12-02,0.6774102678697708
2020-12-03,0.6960229779970367
2020-12-04,0.7261127698049841
2020-12-05,0.6706226445521755
2020-12-06,0.6510112483139233
2020-12-07,0.6975927267505141
2020-12-08,0.6909174844728667
2020-12-09,0.6465594755216684
2020-12-10,0.6415708898944906
2020-12-11,0.6699221756358319
2020-12-12,0.5790950539061663
2020-12-13,0.5742904141298503
2020-12-14,0.6018924888642578
2020-12-15,0.6202822341077928
2020-12-16,0.6396306892262174
2020-12-17,0.6909767040492899
2020-12-18,0.6532103572509542
2020-12-19,0.595445872257304
2020-12-20,0.5956063908493904
2020-12-21,0.5395461556772565
2020-12-22,0.5818654499985683
2020-12-23,0.5614817571076759
2020-12-24,0.5851813363235191
2020-12-25,0.5208237528955041
2020-12-26,0.5813037228633808
2020-12-27,0.6251376746690966
2020-12-28,0.5362423138092074
2020-12-29,0.5549627809295404
2020-12-30,0.5626005652953308
2020-12-31,0.5012698204882776
2021-01-01,0.5698129509452066
2021-01-02,0.5512867416335933
2021-01-03,0.5486548444136604
2021-01-04,0.4949184833178922
2021-01-05,0.5304624634352665
2021-01-06,0.5487041795963672
2021-01-07,0.5926430963679807
2021-01-08,0.5593111756750248
2021-01-09,0.6162084310847693
2021-01-10,0.45302483556241535
2021-01-11,0.5338556773122157
2021-01-12,0.4901497881997048
2021-01-13,0.5906978185181777
2021-01-14,0.4235516913604135
2021-01-15,0.41517473593635923
2021-01-16,0.4213904537667329
2021-01-17,0.333243513927805
2021-01-18,0.41221583705566556
2021-01-19,0.3932616839643578
2021-01-20,0.43551457142168504
2021-01-21,0.439409241349293
2021-01-22,0.5152226792847424
2021-01-23,0.4594847676475551
2021-01-24,0.3716314501105059
2021-01-25,0.3483602844198119
2021-01-26,0.41674558769441955
2021-01-27,0.31387242436412877
2021-01-28,0.47664123518890367
2021-01-29,0.43598956181157167
2021-01-30,0.34209968534714896
2021-01-31,0.26994038180814955
2021-02-01,0.4285008381344573
2021-02-02,0.34450109902282205
2021-02-03,0.41149880758295376
2021-02-04,0.25470833512862917
2021-02-05,0.3027677172186614
2021-02-06,0.3300299047859061
2021-02-07,0.32727044112321463
2021-02-08,0.29578009509216074
2021-02-09,0.3483781451062389
2021-02-10,0.25323193732293775
2021-02-11,0.2981245595776709
2021-02-12,0.30766955059762696
2021-02-13,0.32434906059677865
2021-02-14,0.3305931099589035
2021-02-15,0.22815205103284064
2021-02-16,0.2021487866744675
2021-02-17,0.3485891134244591
2021-02-18,0.29412891098798216
2021-02-19,0.23253113948886228
2021-02-20,0.35189632628286527
2021-02-21,0.27154336963399456
2021-02-22,0.3250038652619916
2021-02-23,0.26219302232089975
2021-02-24,0.3656137305862213
2021-02-25,0.3461719533903869
2021-02-26,0.23595462610294904
2021-02-27,0.29838261677741407
2021-02-28,0.27817777081855016
2021-03-01,0.36243952887064695
2021-03-02,0.23457447161364428
2021-03-03,0.32002524561566514
2021-03-04,0.33721515017705594
2021-03-05,0.1839099666716879
2021-03-06,0.21225719582983413
2021-03-07,0.16416823312867515
2021-03-08,0.2567068285685302
2021-03-09,0.3075094918802996
2021-03-10,0.3476465102580138
2021-03-11,0.269532993655539
2021-03-12,0.3511479618666407
2021-03-13,0.1887797616421732
2021-03-14,0.17023285622746087
2021-03-15,0.25729148032528687
2021-03-16,0.2798614137369346
2021-03-17,0.25676681903602416
2021-03-18,0.14726159382740112
2021-03-19,0.25260745596159245
2021-03-20,0.18724391196196363
2021-03-21,0.29267028547733365
2021-03-22,0.2764177622376741
2021-03-23,0.20663532881461447
2021-03-24,0.22969331414978542
2021-03-25,0.20093564427344324
2021-03-26,0.2548205621075366
2021-03-27,0.3099961177256251
2021-03-28,0.2070333395403146
2021-03-29,0.28776116182315464
2021-03-30,0.23360188794020983
2021-03-31,0.22087862986041312
2021-04-01,0.25904812345855655
2021-04-02,0.21101553261906486
2021-04-03,0.23855685396662038
2021-04-04,0.2060155389699414
2021-04-05,0.3772879643480927
2021-04-06,0.2762825680509539
2021-04-07,0.2393284283255829
2021-04-08,0.2907257182866781
2021-04-09,0.2759278225723497
2021-04-10,0.27291982184239205
2021-04-11,0.3205478470933657
2021-04-12,0.33130786176407645
2021-04-13,0.26563277991656137
2021-04-14,0.266582870754246
2021-04-15,0.28618859947039965
2021-04-16,0.1814049234312123
2021-04-17,0.2272868635189853
2021-04-18,0.3854061537666579
2021-04-19,0.4043486995654071
2021-04-20,0.3072185921216506
2021-04-21,0.35572021373436247
2021-04-22,0.3459907142976268
2021-04-23,0.49865406504381693
2021-04-24,0.39855564462788173
2021-04-25,0.3366671751543
2021-04-26,0.2973682286517572
2021-04-27,0.2676486611600391
2021-04-28,0.36970624963238247
2021-04-29,0.32370554581700894
2021-04-30,0.29354947742657406
2021-05-01,0.3406368956054343
2021-05-02,0.32307131857204013
2021-05-03,0.4770172132354314
2021-05-04,0.43985754400249266
2021-05-05,0.39830988562078035
2021-05-06,0.4840701702266969
2021-05-07,0.41529740768542167
2021-05-08,0.3714509939828625
2021-05-09,0.5054928955013259
2021-05-10,0.45941614740789505
2021-05-11,0.3817711881959681
2021-05-12,0.43385885098533183
2021-05-13,0.4040712134446859
2021-05-14,0.38390649390227927
2021-05-15,0.5144988723698947
2021-05-16,0.5742547698192798
2021-05-17,0.40451861276955786
2021-05-18,0.516788077320056
2021-05-19,0.45927116644991156
2021-05-20,0.4755125360256422
2021-05-21,0.47745352829077964
2021-05-22,0.47057337125996546
2021-05-23,0.5271182068115793
2021-05-24,0.4878647496363053
2021-05-25,0.5546588502613464
2021-05-26,0.5454387168105697
2021-05-27,0.5433456451909611
2021-05-28,0.5156411128245867
2021-05-29,0.5414660083678776
2021-05-30,0.6209229053530283
2021-05-31,0.6155510131881199
2021-06-01,0.5447490331717408
2021-06-02,0.6107101800952651
2021-06-03,0.6539916701169207
2021-06-04,0.5329222399325259
2021-06-05,0.6597920605828099
2021-06-06,0.6038001765247235
2021-06-07,0.678344696149078
2021-06-08,0.6155867460460359
2021-06-09,0.5684971364819255
2021-06-10,0.5866532413977605
2021-06-11,0.684996385794777
2021-06-12,0.7050421435489245
2021-06-13,0.6515126831995413
2021-06-14,0.7428258446842819
2021-06-15,0.628555644859608
2021-06-16,0.7227132101408161
2021-06-17,0.6702737069070371
2021-06-18,0.7090149071467212
2021-06-19,0.7552568891859859
2021-06-20,0.7155271052356719
2021-06-21,0.7498262783837043
2021-06-22,0.8330774450146092
2021-06-23,0.7572152247099537
2021-06-24,0.8416213890813483
2021-06-25,0.745297609681489
2021-06-26,0.8428960441500202
2021-06-27,0.9004769530142003
2021-06-28,0.6999058711034977
2021-06-29,0.7982724811897022
2021-06-30,0.8805263690973337
2021-07-01,0.4183251512725034
2021-07-02,0.4533929233131101
2021-07-03,0.405557628076965
2021-07-04,0.4468219981692698
2021-07-05,0.4381624342168517
2021-07-06,0.5132510664846366
2021-07-07,0.46865036997137316
2021-07-08,0.47734403118476376
2021-07-09,0.441468352804183
2021-07-10,0.44161511613472076
2021-07-11,0.44873401756741865
2021-07-12,0.4971272177921311
2021-07-13,0.45762259289044077
2021-07-14,0.4997413175673164
2021-07-15,0.5993360583556249
2021-07-16,0.5389404887844386
2021-07-17,0.4788945131959712
2021-07-18,0.5645702397947084
2021-07-19,0.4824076771111991
2021-07-20,0.39909918750971923
2021-07-21,0.458068943647001
2021-07-22,0.4157393306063371
2021-07-23,0.5008071565752633
2021-07-24,0.5243451113376764
2021-07-25,0.6167547846281723
2021-07-26,0.5482196255119418
2021-07-27,0.5226276319316618
2021-07-28,0.5822990118048407
2021-07-29,0.4231611212136425
2021-07-30,0.557546983858423
2021-07-31,0.5896203027415503
2021-08-01,0.47266370712456174
2021-08-02,0.6162986112761877
2021-08-03,0.5765066791172515
2021-08-04,0.5394172472293447
2021-08-05,0.5986747282235492
2021-08-06,0.689435488494495
2021-08-07,0.5807616336800198
2021-08-08,0.5873348928642194
2021-08-09,0.5524466239950723
2021-08-10,0.5344662578509284
2021-08-11,0.6272086937289124
2021-08-12,0.5397794898688507
2021-08-13,0.5921436383463778
2021-08-14,0.5654348540413232
2021-08-15,0.6192286510305224
2021-08-16,0.6140061015209117
2021-08-17,0.6541530038685371
2021-08-18,0.5737849292282051
2021-08-19,0.5889947200660739
2021-08-20,0.5533667256908729
2021-08-21,0.5841931024804885
2021-08-22,0.6303145662589412
2021-08-23,0.652727427543982
2021-08-24,0.564924964927309
2021-08-25,0.6627491240523489
2021-08-26,0.6906477725737817
2021-08-27,0.6420668346884618
2021-08-28,0.7221140026574883
2021-08-29,0.5819949821910966
2021-08-30,0.5584203737345664
2021-08-31,0.5313935023630998
2021-09-01,0.7080675229559615
2021-09-02,0.6644398759995375
2021-09-03,0.627787323575092
2021-09-04,0.6469964500065172
2021-09-05,0.5729883519593036
2021-09-06,0.7651601460409673
2021-09-07,0.6422623301239523
2021-09-08,0.6421640756100144
2021-09-09,0.6760280159443293
2021-09-10,0.6637468700398514
2021-09-11,0.6507291321057092
2021-09-12,0.597124281372108
2021-09-13,0.6652262204853008
2021-09-14,0.7412034690517811
2021-09-15,0.7129319706798868
2021-09-16,0.7265485376193822
2021-09-17,0.6142481774636805
2021-09-18,0.5888635450025167
2021-09-19,0.6352109510831048
2021-09-20,0.6449789047716988
2021-09-21,0.7005178441807325
2021-09-22,0.5513366271907706
2021-09-23,0.7235432530533794
2021-09-24,0.6330117043362569
2021-09-25,0.6183038687282839
2021-09-26,0.5865954598142402
2021-09-27,0.5517335269470532
2021-09-28,0.6837577178754817
2021-09-29,0.6430149164162448
2021-09-30,0.5693785767745653
2021-10-01,0.9934058499420291
2021-10-02,1.0433101786122478
2021-10-03,1.07
2021-10-04,1.0441784508592855
2021-10-05,0.9758592231424809
2021-10-06,1.0412181408568577
2021-10-07,1.0377405146890626
2021-10-08,0.9058920311604567
2021-10-09,1.0449939808865065
2021-10-10,1.0331467720049359
2021-10-11,1.07
2021-10-12,1.07
2021-10-13,1.07
2021-10-14,1.020340247008737
2021-10-15,0.9725396455626453
2021-10-16,1.07
2021-10-17,1.0285874026543163
2021-10-18,1.0228337512027659
2021-10-19,1.0173545311402883
2021-10-20,1.0256878391086701
2021-10-21,1.0037015487674312
2021-10-22,0.9769589712848334
2021-10-23,0.9745096431907502
2021-10-24,0.9980238052346208
2021-10-25,0.9666063717981769
2021-10-26,0.9533410366456238
2021-10-27,0.9928674342068808
2021-10-28,0.969124984566944
2021-10-29,1.0587217628628638
2021-10-30,0.8318234849560674
2021-10-31,1.027339942852204
2021-11-01,1.0308069599823229
2021-11-02,0.8483166432093631
2021-11-03,0.9359168468657181
2021-11-04,0.929293632722537
2021-11-05,0.8686879094584687
2021-11-06,0.8971111723215147
2021-11-07,0.873955211523741
2021-11-08,1.0216778026065563
2021-11-09,0.9724657149188778
2021-11-10,0.9848276148474367
2021-11-11,0.9497199400733302
2021-11-12,0.8449375390241826
2021-11-13,0.8714332648142991
2021-11-14,0.9197536270068722
2021-11-15,0.8221906928873319
2021-11-16,0.9196496203257783
2021-11-17,0.8625054988939385
2021-11-18,0.849099547409404
2021-11-19,0.9009110616536719
2021-11-20,0.8802995833192951
2021-11-21,0.8308130287711987
2021-11-22,0.905680413764401
2021-11-23,0.7792911767950258
2021-11-24,0.8634945946735301
2021-11-25,0.8556310628082778
2021-11-26,0.8006436158697874
2021-11-27,0.8279047550989211
2021-11-28,0.7367244327706833
2021-11-29,0.8462489222799098
2021-11-30,0.7800298055233741
2021-12-01,0.7550211487943305
2021-12-02,0.8321318071028075
2021-12-03,0.7313106992050165
2021-12-04,0.6865860496298141
2021-12-05,0.6715691701040581
2021-12-06,0.7801470256428322
2021-12-07,0.6720678565001509
2021-12-08,0.8272684405443964
2021-12-09,0.6147927735098716
2021-12-10,0.8097005143940578
2021-12-11,0.7229708360330254
2021-12-12,0.6992279047966407
2021-12-13,0.667951048805426
2021-12-14,0.7111438371659213
2021-12-15,0.6804482723420319
2021-12-16,0.734148063799806
2021-12-17,0.6738824619159786
2021-12-18,0.6684546599641497
2021-12-19,0.6335970390637717
2021-12-20,0.6426372037992817
2021-12-21,0.6547835999673668
2021-12-22,0.5394556985756578
2021-12-23,0.5514585641914054
2021-12-24,0.6559933463176559
2021-12-25,0.6180198878279226
2021-12-26,0.5916951625833704
2021-12-27,0.5951961603709134
2021-12-28,0.6054914012871448
2021-12-29,0.5507208008217429
2021-12-30,0.5306792956532913
2021-12-31,0.5755376224571854
2022-01-01,0.5408647337355612
2022-01-02,0.6125263905660657
2022-01-03,0.48400481683659363
2022-01-04,0.6327277366856572
2022-01-05,0.5932455938310165
2022-01-06,0.5732619821265649
2022-01-07,0.607311542661473
2022-01-08,0.6388895841062888
2022-01-09,0.594151705852417
2022-01-10,0.4232825399167308
2022-01-11,0.44804019641421033
2022-01-12,0.4781971207750031
2022-01-13,0.5081849790717237
2022-01-14,0.529104735727553
2022-01-15,0.4507616397235728
2022-01-16,0.4958914809513376
2022-01-17,0.43491107467830026
2022-01-18,0.4361614552334032
2022-01-19,0.3837222365634278
2022-01-20,0.4045408119407538
2022-01-21,0.37322688216187294
2022-01-22,0.3880230027770735
2022-01-23,0.49755741341273924
2022-01-24,0.37632216199545104
2022-01-25,0.574865963492152
2022-01-26,0.44599784909606544
2022-01-27,0.4220011879064275
2022-01-28,0.35602757347432085
2022-01-29,0.43908102047445935
2022-01-30,0.3599522361632019
2022-01-31,0.39388904649190104
2022-02-01,0.5275455121379674
2022-02-02,0.36967406043616813
2022-02-03,0.4352350808980632
2022-02-04,0.3235575954589853
2022-02-05,0.35626976447445785
2022-02-06,0.45420130491750693
2022-02-07,0.31159923868871625
2022-02-08,0.44600231736597545
2022-02-09,0.3776248304315917
2022-02-10,0.29987569382948265
2022-02-11,0.36334597339038505
2022-02-12,0.3779939751709954
2022-02-13,0.3531999550699835
2022-02-14,0.22311071986969908
2022-02-15,0.2668778635223037
2022-02-16,0.28995036315329503
2022-02-17,0.29558880004575894
2022-02-18,0.33122499336565775
2022-02-19,0.30182792483668663
2022-02-20,0.2112915864695192
2022-02-21,0.30569403704911585
2022-02-22,0.3151982495173697
2022-02-23,0.30872664260685345
2022-02-24,0.33510846940176175
2022-02-25,0.31765737733920474
2022-02-26,0.2930091662452719
2022-02-27,0.2596351847120007
2022-02-28,0.16562395990272397
2022-03-01,0.3340564773348978
2022-03-02,0.31812080977915974
2022-03-03,0.31870052751640016
2022-03-04,0.22714322871691162
2022-03-05,0.23557762458332626
2022-03-06,0.3551385681845169
2022-03-07,0.29013152068103515
2022-03-08,0.32911100822720196
2022-03-09,0.28958053532046896
2022-03-10,0.2876827267342716
2022-03-11,0.33787080397939273
2022-03-12,0.2529572418242734
2022-03-13,0.2865006868086234
2022-03-14,0.2531963350023488
2022-03-15,0.253608975432031
2022-03-16,0.25976732786602713
2022-03-17,0.28932815498036407
2022-03-18,0.24851466356497617
2022-03-19,0.3472774139492697
2022-03-20,0.22381354734014589
2022-03-21,0.2641243331329544
2022-03-22,0.24960868456559207
2022-03-23,0.3577354691897764
2022-03-24,0.28643993600461454
2022-03-25,0.3347037580949993
2022-03-26,0.19120516282396538
2022-03-27,0.2923060162990111
2022-03-28,0.3288804757260785
2022-03-29,0.28376064733602807
2022-03-30,0.3413020415303709
2022-03-31,0.2521159619075041
2022-04-01,0.3639865392696777
2022-04-02,0.41664948973588045
2022-04-03,0.26617879483651496
2022-04-04,0.26350635482149876
2022-04-05,0.37442642601126325
2022-04-06,0.38402629326425375
2022-04-07,0.2662060827590204
2022-04-08,0.27477364423211265
2022-04-09,0.285542229422746
2022-04-10,0.2277105445924816
2022-04-11,0.2552399929694275
2022-04-12,0.25365384503318167
2022-04-13,0.2706430410912995
2022-04-14,0.31622085051429166
2022-04-15,0.33537475820082663
2022-04-16,0.41463514585782757
2022-04-17,0.2727832792587783
2022-04-18,0.39048540279125415
2022-04-19,0.3262371403879153
2022-04-20,0.34014841159551745
2022-04-21,0.38624566717471776
2022-04-22,0.28812232707728214
2022-04-23,0.37920036363716997
2022-04-24,0.3718930306059175
2022-04-25,0.39574689254756396
2022-04-26,0.3894373762000546
2022-04-27,0.5188987435535857
2022-04-28,0.34743098587296345
2022-04-29,0.35926531174892046
2022-04-30,0.35984317501716745
2022-05-01,0.3696962553699493
2022-05-02,0.37111230023632735
2022-05-03,0.4818932465854345
2022-05-04,0.5014948698722751
2022-05-05,0.3939755998807159
2022-05-06,0.38558748512945457
2022-05-07,0.46692546097745297
2022-05-08,0.41514476949683515
2022-05-09,0.4899183422905314
2022-05-10,0.4723417006043521
2022-05-11,0.38110355561108733
2022-05-12,0.5637118434313405
2022-05-13,0.5852859826971775
2022-05-14,0.45485923048771354
2022-05-15,0.4753007839288031
2022-05-16,0.5215124124149639
2022-05-17,0.532041895369511
2022-05-18,0.5584344356672645
2022-05-19,0.643740340792464
2022-05-20,0.5265545621031502
2022-05-21,0.4990883397005844
2022-05-22,0.4740135296507925
2022-05-23,0.519396770560213
2022-05-24,0.5676866679626359
2022-05-25,0.6807321336849496
2022-05-26,0.5568646487493998
2022-05-27,0.6078691625887648
2022-05-28,0.6027493438701944
2022-05-29,0.6804154767105488
2022-05-30,0.7657993847244803
2022-05-31,0.5995749967999068
2022-06-01,0.6108236545953002
2022-06-02,0.7075466042854567
2022-06-03,0.6957928094713453
2022-06-04,0.7715066629073548
2022-06-05,0.708299819579802
2022-06-06,0.6634304102252039
2022-06-07,0.7269769398788793
2022-06-08,0.7658383251560035
2022-06-09,0.7585809143508437
2022-06-10,0.7499265370629628
2022-06-11,0.7912553026343115
2022-06-12,0.8064636050613655
2022-06-13,0.8280078676695543
2022-06-14,0.7954028260245399
2022-06-15,0.7581015814566288
2022-06-16,0.7854844979041143
2022-06-17,0.8555840945337024
2022-06-18,0.749194826152462
2022-06-19,0.826516238055926
2022-06-20,0.792351685386169
2022-06-21,0.8259734973889036
2022-06-22,0.906972611177106
2022-06-23,0.8541839316593026
2022-06-24,0.8553539515610722
2022-06-25,0.7842935464636729
2022-06-26,0.9142894124629896
2022-06-27,0.9179384859850537
2022-06-28,1.0142240881261504
2022-06-29,0.8821510587125043
2022-06-30,0.9216739815208193
2022-07-01,0.4735072139596319
2022-07-02,0.5541854954239473
2022-07-03,0.46306660130440863
2022-07-04,0.4891152928999556
2022-07-05,0.5125445836507742
2022-07-06,0.49301139627393115
2022-07-07,0.46133548242964634
2022-07-08,0.5025427306206658
2022-07-09,0.5574090839468792
2022-07-10,0.4416783242463949
2022-07-11,0.51251904125541
2022-07-12,0.4692672940959417
2022-07-13,0.5821658752701302
2022-07-14,0.4309402137496462
2022-07-15,0.49048778257499837
2022-07-16,0.5483922831394704
2022-07-17,0.6206987692721571
2022-07-18,0.5315627919109398
2022-07-19,0.5077540923320495
2022-07-20,0.6513954060917825
2022-07-21,0.46495011484142995
2022-07-22,0.42606392028118917
2022-07-23,0.5811746741227795
2022-07-24,0.5312548149415426
2022-07-25,0.5054994929942981
2022-07-26,0.6084299066122997
2022-07-27,0.5857103477983739
2022-07-28,0.5432899389198067
2022-07-29,0.5060678151608385
2022-07-30,0.6330313371069847
2022-07-31,0.6239863123416428
2022-08-01,0.5847145139408972
2022-08-02,0.6996760487008888
2022-08-03,0.5362279173601007
2022-08-04,0.5136209227570635
2022-08-05,0.5647500838135915
2022-08-06,0.6051005885378263
2022-08-07,0.624933981043275
2022-08-08,0.6004293897699664
2022-08-09,0.6375674135423696
2022-08-10,0.5488838624927235
2022-08-11,0.7062290332320347
2022-08-12,0.6218678285667407
2022-08-13,0.6934564836602626
2022-08-14,0.6519781068176765
2022-08-15,0.661302294508265
2022-08-16,0.6705023693671166
2022-08-17,0.6661788165484824
2022-08-18,0.679938427415237
2022-08-19,0.7217606777289991
2022-08-20,0.6593815797587528
2022-08-21,0.6911071074303341
2022-08-22,0.6477010993532422
2022-08-23,0.7375240441106027
2022-08-24,0.618538989123386
2022-08-25,0.7624558069215445
2022-08-26,0.6590907855420216
2022-08-27,0.5814397113608657
2022-08-28,0.6725581437851941
2022-08-29,0.6280433915150079
2022-08-30,0.7168826983489076
2022-08-31,0.6330544284818769
2022-09-01,0.6464494223173005
2022-09-02,0.5653247461785401
2022-09-03,0.6490221054662042
2022-09-04,0.5375044254404207
2022-09-05,0.5868556399786101
2022-09-06,0.7222442211816501
2022-09-07,0.7248065567524239
2022-09-08,0.7052085740099386
2022-09-09,0.6264489173619199
2022-09-10,0.6799425408895252
2022-09-11,0.6832577030330104
2022-09-12,0.6178631046372953
2022-09-13,0.7708648855996822
2022-09-14,0.7355758239086968
2022-09-15,0.6731695439544582
2022-09-16,0.6877440466640085
2022-09-17,0.698438965124399
2022-09-18,0.5698548085454467
2022-09-19,0.6727267206376351
2022-09-20,0.6478972672251174
2022-09-21,0.6295793623320799
2022-09-22,0.6707237425558928
2022-09-23,0.7895407379590941
2022-09-24,0.7230527353871791
2022-09-25,0.6533248051182877
2022-09-26,0.7183725582817386
2022-09-27,0.7651932459816687
2022-09-28,0.737429013226207
2022-09-29,0.6872424140597619
2022-09-30,0.6460449930147059
2022-10-01,1.1449
2022-10-02,1.1449
2022-10-03,1.1449
2022-10-04,1.1449
2022-10-05,1.1449
2022-10-06,1.097531432734653
2022-10-07,1.1449
2022-10-08,1.1349993385874955
2022-10-09,1.1449
2022-10-10,1.0792343365805397
2022-10-11,1.1449
2022-10-12,1.1245037342574724
2022-10-13,1.07293775551864
2022-10-14,1.0794565528197204
2022-10-15,1.0856222147403636
2022-10-16,1.1249222028343902
2022-10-17,1.1271282790975512
2022-10-18,1.0607932747459388
2022-10-19,1.0885562102977406
2022-10-20,1.1449
2022-10-21,1.1449
2022-10-22,1.1031627293291209
2022-10-23,1.0762057674131476
2022-10-24,1.076631625852546
2022-10-25,1.1004980051965543
2022-10-26,1.002332005645389
2022-10-27,1.0415420363323404
2022-10-28,0.9560418089887641
2022-10-29,1.0695897352853874
2022-10-30,1.0788546271527333
2022-10-31,1.0091104200792294
2022-11-01,1.1217341726010968
2022-11-02,0.956221076709654
2022-11-03,0.9372200374518367
2022-11-04,1.0284560637405091
2022-11-05,1.070010212417716
2022-11-06,1.100831511362666
2022-11-07,0.9724381609761618
2022-11-08,1.0546356115650044
2022-11-09,0.9847709880109048
2022-11-10,0.9710933266887045
2022-11-11,1.0254733316937328
2022-11-12,1.0060579585739817
2022-11-13,0.8722191869679221
2022-11-14,1.04064668645992
2022-11-15,1.0287080773776354
2022-11-16,0.9073991617654513
2022-11-17,0.9592960845057009
2022-11-18,0.9582738908699944
2022-11-19,0.9381982023142096
2022-11-20,0.8849864823537463
2022-11-21,0.8711863692498819
2022-11-22,0.9012493653404173
2022-11-23,0.9628599020666361
2022-11-24,0.9197983733309111
2022-11-25,0.860357338252188
2022-11-26,0.9185845475902664
2022-11-27,0.7041237807796269
2022-11-28,0.9256762322626089
2022-11-29,0.7530005048588521
2022-11-30,0.8244686830200668
2022-12-01,0.7737004054016724
2022-12-02,0.756216459389328
2022-12-03,0.8892741321579712
2022-12-04,0.7885008847451337
2022-12-05,0.8275238637593929
2022-12-06,0.7973803092351104
2022-12-07,0.8197189868931987
2022-12-08,0.7891217075885534
2022-12-09,0.7035634267361915
2022-12-10,0.8262971996781301
2022-12-11,0.7332340040422539
2022-12-12,0.6646036694326486
2022-12-13,0.7213940629566906
2022-12-14,0.8239863531163127
2022-12-15,0.7789049935735715
2022-12-16,0.7024213205955788
2022-12-17,0.69452201521873
2022-12-18,0.6882304633198159
2022-12-19,0.8176472512053582
2022-12-20,0.7127455552581392
2022-12-21,0.7076160737983094
2022-12-22,0.7340947634396352
2022-12-23,0.680907023581718
2022-12-24,0.6445358598600553
2022-12-25,0.6402600408593736
2022-12-26,0.6395471359585573
2022-12-27,0.6336738541695429
2022-12-28,0.6696316378793151
2022-12-29,0.6231434420116131
2022-12-30,0.6543208815748828
2022-12-31,0.5999934737728059
2023-01-01,0.6434692756999627
2023-01-02,0.5080027908156909
2023-01-03,0.6782991005094997
2023-01-04,0.6352038468818125
2023-01-05,0.6669554384674415
2023-01-06,0.4203060803213442
2023-01-07,0.7175488557689328
2023-01-08,0.5730477996581358
2023-01-09,0.6414885580023147
2023-01-10,0.5019733484253805
2023-01-11,0.5953135696152235
2023-01-12,0.4854184323852084
2023-01-13,0.5039526047396893
2023-01-14,0.6516728748496055
2023-01-15,0.5150886163951544
2023-01-16,0.5324822497081019
2023-01-17,0.564917197736034
2023-01-18,0.5345111186506559
2023-01-19,0.5059572909668698
2023-01-20,0.5117633361195902
2023-01-21,0.6293607240684592
2023-01-22,0.47142967264510355
2023-01-23,0.4801663559537804
2023-01-24,0.5251722771461178
2023-01-25,0.5215833601183054
2023-01-26,0.519709074801079
2023-01-27,0.4793432604551654
2023-01-28,0.36351425475754556
2023-01-29,0.5269723993588666
2023-01-30,0.35019182720802644
2023-01-31,0.43252498919034527
2023-02-01,0.36146199833014087
2023-02-02,0.39750650842735313
2023-02-03,0.4154434788585488
2023-02-04,0.4089615153737314
2023-02-05,0.4091953215823962
2023-02-06,0.4763733348167615
2023-02-07,0.39959421673208095
2023-02-08,0.3512509897915641
2023-02-09,0.4197596526935677
2023-02-10,0.42817691653282397
2023-02-11,0.27485023979997913
2023-02-12,0.3814745410897152
2023-02-13,0.38278509283559875
2023-02-14,0.3166817059946845
2023-02-15,0.4143630294180516
2023-02-16,0.3162167098413674
2023-02-17,0.3285310513777194
2023-02-18,0.3057922211394558
2023-02-19,0.3130255613702581
2023-02-20,0.24072550441998253
2023-02-21,0.21559847117476094
2023-02-22,0.3975293006340146
2023-02-23,0.24417093555269748
2023-02-24,0.23164100624335443
2023-02-25,0.15691409460722464
2023-02-26,0.24625625997878928
2023-02-27,0.20106535383569743
2023-02-28,0.37953202423072313
2023-03-01,0.3929788589762771
2023-03-02,0.2855172609310553
2023-03-03,0.46234131258415206
2023-03-04,0.38138209687955965
2023-03-05,0.29838847504834937
2023-03-06,0.16239641765386473
2023-03-07,0.4531887234437226
2023-03-08,0.22529109469245967
2023-03-09,0.20733240051198673
2023-03-10,0.36863252757287557
2023-03-11,0.45348994018769156
2023-03-12,0.3870627841717814
2023-03-13,0.3352087766457365
2023-03-14,0.3356654159264011
2023-03-15,0.35024896962813673
2023-03-16,0.34337450592007607
2023-03-17,0.3131985340085015
2023-03-18,0.30161761405037496
2023-03-19,0.2908351066995997
2023-03-20,0.24809516422865052
2023-03-21,0.27686737452167426
2023-03-22,0.19031852049963413
2023-03-23,0.2881229320425672
2023-03-24,0.23389799808696005
2023-03-25,0.22733310625693748
2023-03-26,0.3066021945555351
2023-03-27,0.3816731673409005
2023-03-28,0.35365917658710244
2023-03-29,0.202387282847636
2023-03-30,0.23931336961651095
2023-03-31,0.3590733669021774
2023-04-01,0.2429605710080744
2023-04-02,0.29124323791615697
2023-04-03,0.3407278260821718
2023-04-04,0.2499266071242463
2023-04-05,0.318067828140745
2023-04-06,0.23244401406807796
2023-04-07,0.2800317482319016
2023-04-08,0.33933247627452734
2023-04-09,0.2252158074966115
2023-04-10,0.35298079180416464
2023-04-11,0.32817334189560254
2023-04-12,0.3667565926131694
2023-04-13,0.350332527721932
2023-04-14,0.42403736821306276
2023-04-15,0.3521751053652127
2023-04-16,0.3223861046911186
2023-04-17,0.3605204252636902
2023-04-18,0.39080569015603567
2023-04-19,0.36517380135649746
2023-04-20,0.3694748873287649
2023-04-21,0.3289502189595428
2023-04-22,0.3364559212087608
2023-04-23,0.2964083814579789
2023-04-24,0.4948953242332323
2023-04-25,0.31709617886150443
2023-04-26,0.3565438582709456
2023-04-27,0.36082525354575934
2023-04-28,0.46563014223568766
2023-04-29,0.39887228677146447
2023-04-30,0.49962777886074033
2023-05-01,0.38834641233043854
2023-05-02,0.4532204854563749
2023-05-03,0.3916291519222108
2023-05-04,0.5809855676365673
2023-05-05,0.3837703729668945
2023-05-06,0.482539362121565
2023-05-07,0.5095552234511462
2023-05-08,0.5033758364903321
2023-05-09,0.47409492413520915
2023-05-10,0.485024351361843
2023-05-11,0.5033069372506763
2023-05-12,0.49937946309983683
2023-05-13,0.5752943011156714
2023-05-14,0.6596332878816303
2023-05-15,0.4981718224691847
2023-05-16,0.45660503391589635
2023-05-17,0.5433911653086546
2023-05-18,0.7152003368989788
2023-05-19,0.516446019520272
2023-05-20,0.6746512080055013
2023-05-21,0.6856847279656137
2023-05-22,0.5577722749592438
2023-05-23,0.6353770178591748
2023-05-24,0.7091966272508949
2023-05-25,0.5952404663428983
2023-05-26,0.6150802443380723
2023-05-27,0.6010833041946804
2023-05-28,0.5837917041528815
2023-05-29,0.6154832714540394
2023-05-30,0.5896563248549572
2023-05-31,0.6761497859954659
2023-06-01,0.6363980127212251
2023-06-02,0.707437657655966
2023-06-03,0.6074290328224136
2023-06-04,0.732664460804422
2023-06-05,0.7731693911393885
2023-06-06,0.6097573573405376
2023-06-07,0.7645982165074
2023-06-08,0.8267338951708453
2023-06-09,0.6873321675973482
2023-06-10,0.8737984243373222
2023-06-11,0.8069728709453357
2023-06-12,0.7481106965746518
2023-06-13,0.7978922326534924
2023-06-14,0.8455448722999512
2023-06-15,0.8260605275174747
2023-06-16,0.8644818468916594
2023-06-17,0.7851804759338105
2023-06-18,0.8620512448407767
2023-06-19,0.775197289482163
2023-06-20,0.8650963159030585
2023-06-21,0.8266646735588525
2023-06-22,0.847099978330302
2023-06-23,0.9779849426782045
2023-06-24,0.979229480960363
2023-06-25,0.9597992265943779
2023-06-26,0.865673530662425
2023-06-27,0.9232761882961535
2023-06-28,1.0270206137786462
2023-06-29,0.9714341770882646
2023-06-30,1.1148316523670456
2023-07-01,0.5154689954308624
2023-07-02,0.5081194964841742
2023-07-03,0.48238427160701147
2023-07-04,0.5144423625840989
2023-07-05,0.5018486310202379
2023-07-06,0.5594651628909957
2023-07-07,0.5795740587368622
2023-07-08,0.4776887480721544
2023-07-09,0.4491245862797234
2023-07-10,0.42300054909633467
2023-07-11,0.5713662566717393
2023-07-12,0.4774163329910811
2023-07-13,0.4178491336340261
2023-07-14,0.5782057764534942
2023-07-15,0.7117586725743256
2023-07-16,0.5633028482217218
2023-07-17,0.61961533314427
2023-07-18,0.5778117563426467
2023-07-19,0.571246839613522
2023-07-20,0.638063580124711
2023-07-21,0.568410647588886
2023-07-22,0.6069483411070385
2023-07-23,0.6146097524943289
2023-07-24,0.5582725759655183
2023-07-25,0.6642018900038756
2023-07-26,0.5969149834506429
2023-07-27,0.5654857383832099
2023-07-28,0.6487336449607247
2023-07-29,0.5648808637042848
2023-07-30,0.6256298000424064
2023-07-31,0.6272805759727571
2023-08-01,0.6982327028840052
2023-08-02,0.6646191731975879
2023-08-03,0.6377759091639309
2023-08-04,0.6931060279718766
2023-08-05,0.7318166478866602
2023-08-06,0.6844169518033939
2023-08-07,0.6544084154890131
2023-08-08,0.5768828845757418
2023-08-09,0.5953924806769901
2023-08-10,0.6452695440338031
2023-08-11,0.6298974466314005
2023-08-12,0.6589781185718311
2023-08-13,0.6770315953429565
2023-08-14,0.7090687300135564
2023-08-15,0.675298136702761
2023-08-16,0.712337335971829
2023-08-17,0.6893374183595233
2023-08-18,0.5671643919961905
2023-08-19,0.6333341625789825
2023-08-20,0.6846752736009418
2023-08-21,0.6219601965973673
2023-08-22,0.7352836050738416
2023-08-23,0.7947022310953925
2023-08-24,0.7779189848610446
2023-08-25,0.6924424051216866
2023-08-26,0.7989970822897768
2023-08-27,0.7188847437159885
2023-08-28,0.691143302546562
2023-08-29,0.6761500752448492
2023-08-30,0.6970463438669177
2023-08-31,0.6935661956336251
2023-09-01,0.729468936473675
2023-09-02,0.7304714122673869
2023-09-03,0.7223449626447708
2023-09-04,0.750360957631855
2023-09-05,0.7978826323268382
2023-09-06,0.7843865164211891
2023-09-07,0.6364578734392004
2023-09-08,0.5720798233543627
2023-09-09,0.786758812693841
2023-09-10,0.6467366828277578
2023-09-11,0.7175390413985365
2023-09-12,0.6603939110698892
2023-09-13,0.6223638732423563
2023-09-14,0.76649156120303
2023-09-15,0.7803258285034427
2023-09-16,0.6989268129456471
2023-09-17,0.5758588865384785
2023-09-18,0.7013466486835547
2023-09-19,0.7589565749025461
2023-09-20,0.6444365641395857
2023-09-21,0.7462324860947112
2023-09-22,0.7339546406616781
2023-09-23,0.7701792746479555
2023-09-24,0.7417379784626845
2023-09-25,0.674440917908374
2023-09-26,0.8068792880560944
2023-09-27,0.7233329669088202
2023-09-28,0.7307407813614729
2023-09-29,0.6745322256616941
2023-09-30,0.7037424201319536
2023-10-01,1.1624806482469028
2023-10-02,1.2044600402574481
2023-10-03,1.225043
2023-10-04,1.1273485421892193
2023-10-05,1.1104978574347038
2023-10-06,1.225043
2023-10-07,1.1919924949987697
2023-10-08,1.1613637479127525
2023-10-09,1.225043
2023-10-10,1.1598997218706792
2023-10-11,1.225043
2023-10-12,1.225043
2023-10-13,1.1580585289165857
2023-10-14,1.225043
2023-10-15,1.1441363898247647
2023-10-16,1.2231406178995152
2023-10-17,1.1923347749248516
2023-10-18,1.225043
2023-10-19,1.225043
2023-10-20,1.1641372124554483
2023-10-21,1.1118318243819343
2023-10-22,1.1818326402138633
2023-10-23,1.107700852901426
2023-10-24,1.225043
2023-10-25,1.1483166532467133
2023-10-26,1.112766759203782
2023-10-27,1.141526910949223
2023-10-28,1.0426547160435227
2023-10-29,1.0604942933371175
2023-10-30,1.1882602410268597
2023-10-31,1.0691081722418083
2023-11-01,1.0397199428122363
2023-11-02,1.131108469230113
2023-11-03,1.1651484786293504
2023-11-04,1.13073726777199
2023-11-05,1.141783967248742
2023-11-06,1.0283901993274018
2023-11-07,0.9815275197155096
2023-11-08,1.1543484982127215
2023-11-09,1.0362988498310617
2023-11-10,1.0342795912781269
2023-11-11,1.1244851406780296
2023-11-12,1.0705961208474606
2023-11-13,1.057756045112808
2023-11-14,1.1556617319098843
2023-11-15,0.9767672049811481
2023-11-16,1.0660663662175511
2023-11-17,1.005695169498627
2023-11-18,1.01154450670995
2023-11-19,1.081527225195778
2023-11-20,1.011748941867237
2023-11-21,1.0062795825521804
2023-11-22,1.0315954430047258
2023-11-23,0.936073782081403
2023-11-24,0.8994841848295345
2023-11-25,0.8792864671173736
2023-11-26,0.8151736919761988
2023-11-27,1.0538389128686012
2023-11-28,0.8525353152285049
2023-11-29,0.8987194893938356
2023-11-30,0.8874263679736463
2023-12-01,0.9152709432811219
2023-12-02,0.9384192936026982
2023-12-03,0.9331260360845365
2023-12-04,0.8366289040863889
2023-12-05,0.8539898622020962
2023-12-06,0.8733795467314647
2023-12-07,0.8326466735058644
2023-12-08,0.9381080934494589
2023-12-09,0.861472170156546
2023-12-10,0.8681273633735913
2023-12-11,0.8554069395211026
2023-12-12,0.8783477109766957
2023-12-13,0.8092025810873704
2023-12-14,0.7103068890235695
2023-12-15,0.80583217981647
2023-12-16,0.7330494957097686
2023-12-17,0.7321524332945709
2023-12-18,0.7920234909860175
2023-12-19,0.823524780222381
2023-12-20,0.7405463063247777
2023-12-21,0.7497249094968601
2023-12-22,0.8266386453325726
2023-12-23,0.7286908157083831
2023-12-24,0.8648789427846355
2023-12-25,0.7317437757688303
2023-12-26,0.5808506619192495
2023-12-27,0.7264547599525853
2023-12-28,0.695283749144181
2023-12-29,0.7425818149190639
2023-12-30,0.6964813684846946
2023-12-31,0.6384563543098284
2024-01-01,0.6031181281544572
2024-01-02,0.6608253178136009
2024-01-03,0.6099811636624882
2024-01-04,0.6189119394918627
2024-01-05,0.6868082468673129
2024-01-06,0.7489927136969474
2024-01-07,0.656772307479811
2024-01-08,0.5439318847082495
2024-01-09,0.6429018465128876
2024-01-10,0.6836936987245065
2024-01-11,0.5568593901014796
2024-01-12,0.5796549101388514
2024-01-13,0.5810736416658197
2024-01-14,0.5204026641537073
2024-01-15,0.6061302763498859
2024-01-16,0.54757858252673
2024-01-17,0.5749334087636718
2024-01-18,0.48127394462855383
2024-01-19,0.5028449465697469
2024-01-20,0.5710120284329965
2024-01-21,0.49146118637026354
2024-01-22,0.6213909404734411
2024-01-23,0.4744059335903439
2024-01-24,0.507800449138735
2024-01-25,0.5467600633020355
2024-01-26,0.3853315734508059
2024-01-27,0.35563197910605143
2024-01-28,0.3638813560529603
2024-01-29,0.5395552008096531
2024-01-30,0.4136678306890364
2024-01-31,0.6106309412396184
2024-02-01,0.3992187518968781
2024-02-02,0.4416310340509213
2024-02-03,0.5240470782358211
2024-02-04,0.548006061334464
2024-02-05,0.5452969251765599
2024-02-06,0.48315323529924076
2024-02-07,0.4649581179034029
2024-02-08,0.4306746342861932
2024-02-09,0.43697037735681543
2024-02-10,0.3440670402587415
2024-02-11,0.3209223362934762
2024-02-12,0.36880311630383994
2024-02-13,0.35247146147854497
2024-02-14,0.32864720212669357
2024-02-15,0.39884598576339825
2024-02-16,0.4107970055546075
2024-02-17,0.34909213895653124
2024-02-18,0.4353777962000643
2024-02-19,0.25909022622237515
2024-02-20,0.31673353789148245
2024-02-21,0.27809061982581834
2024-02-22,0.19852037042947776
2024-02-23,0.3113537031860469
2024-02-24,0.30485222607016943
2024-02-25,0.4082220339128557
2024-02-26,0.3467148956067949
2024-02-27,0.23472996956644526
2024-02-28,0.4199987768196364
2024-02-29,0.3752797785815174
2024-03-01,0.3887552728900246
2024-03-02,0.3322372884886796
2024-03-03,0.2808526733391852
2024-03-04,0.316170694524583
2024-03-05,0.40893108614107193
2024-03-06,0.45827942543621547
2024-03-07,0.43327764653878625
2024-03-08,0.29764568058791774
2024-03-09,0.25403823917778234
2024-03-10,0.3345670065357132
2024-03-11,0.2075290514857182
2024-03-12,0.34289524729828746
2024-03-13,0.31050807008269876
2024-03-14,0.28828977267788647
2024-03-15,0.21315417208070667
2024-03-16,0.35035445008119076
2024-03-17,0.28098842071139135
2024-03-18,0.23861978926973385
2024-03-19,0.12662902202087478
2024-03-20,0.3128401578935669
2024-03-21,0.4307498848736312
2024-03-22,0.42361529430717343
2024-03-23,0.28510492442583146
2024-03-24,0.27610658908437097
2024-03-25,0.3469974926193997
2024-03-26,0.25172475440568914
2024-03-27,0.3380084127016547
2024-03-28,0.3696934375058803
2024-03-29,0.4013382948498728
2024-03-30,0.31598646841667627
2024-03-31,0.31101110179122027
2024-04-01,0.2688098728282806
2024-04-02,0.27433489563210667
2024-04-03,0.31604319061730035
2024-04-04,0.3575033484875182
2024-04-05,0.3960230139948906
2024-04-06,0.2864072978264632
2024-04-07,0.4399578164647759
2024-04-08,0.32761601879161856
2024-04-09,0.34742041257042056
2024-04-10,0.30346042886959024
2024-04-11,0.1973352496829806
2024-04-12,0.4181206758971858
2024-04-13,0.4126070943685878
2024-04-14,0.3501820218508419
2024-04-15,0.3774868437607106
2024-04-16,0.41155605448021726
2024-04-17,0.2801455002994246
2024-04-18,0.3528596812626227
2024-04-19,0.4447337067449294
2024-04-20,0.3157792508944512
2024-04-21,0.42269395789032355
2024-04-22,0.32017333701708967
2024-04-23,0.4454408142175587
2024-04-24,0.41847952403933775
2024-04-25,0.3210593797832188
2024-04-26,0.5095040750827401
2024-04-27,0.39142610167233577
2024-04-28,0.3930205068417044
2024-04-29,0.4659702220354603
2024-04-30,0.5349525650735397
2024-05-01,0.4000839383461173
2024-05-02,0.477834156829579
2024-05-03,0.5091664593768842
2024-05-04,0.5338952657573446
2024-05-05,0.5075754742638059
2024-05-06,0.4796315474034575
2024-05-07,0.45725173679353615
2024-05-08,0.5250711379317856
2024-05-09,0.45721670176466744
2024-05-10,0.3442022998462864
2024-05-11,0.5725825498474699
2024-05-12,0.6116361663227022
2024-05-13,0.406064261087995
2024-05-14,0.5034042014664162
2024-05-15,0.618923247040933
2024-05-16,0.7220623773314917
2024-05-17,0.5975535405967578
2024-05-18,0.5575567442067804
2024-05-19,0.6024624078787137
2024-05-20,0.7138356084930757
2024-05-21,0.5907620336971103
2024-05-22,0.5901834869345861
2024-05-23,0.6204766872072619
2024-05-24,0.5992742886990181
2024-05-25,0.6795182656661353
2024-05-26,0.7877634885879022
2024-05-27,0.7123386282349357
2024-05-28,0.6845814230437448
2024-05-29,0.6920238161539427
2024-05-30,0.6187952335596784
2024-05-31,0.7892886041794591
2024-06-01,0.7365345773097093
2024-06-02,0.7400935378400001
2024-06-03,0.9715407816235949
2024-06-04,0.7922421326774066
2024-06-05,0.7338371731773239
2024-06-06,0.765661106902423
2024-06-07,0.8794129896519053
2024-06-08,0.8221487704799992
2024-06-09,0.7310798017233194
2024-06-10,0.8962446306178374
2024-06-11,0.8028947516399378
2024-06-12,0.9801753456933836
2024-06-13,0.9389265136578423
2024-06-14,0.8495859984528477
2024-06-15,0.9736431726963163
2024-06-16,0.9049311094880088
2024-06-17,0.9671855738989531
2024-06-18,0.9538849579783077
2024-06-19,0.877472745567518
2024-06-20,0.9015949995781052
2024-06-21,1.0221068890196192
2024-06-22,0.9434894800843913
2024-06-23,0.9497962572871971
2024-06-24,0.9244638382311812
2024-06-25,1.0256232367400209
2024-06-26,1.1438203398798703
2024-06-27,0.9494399812720984
2024-06-28,1.031733809595559
2024-06-29,1.1334181261525083
2024-06-30,1.0463280238742627
2024-07-01,0.5607493577351428
2024-07-02,0.46678154212736195
2024-07-03,0.569772245410689
2024-07-04,0.534705480057186
2024-07-05,0.6168229701546003
2024-07-06,0.6352632088038742
2024-07-07,0.7323600373539523
2024-07-08,0.6058010920501063
2024-07-09,0.5943077469557263
2024-07-10,0.5908081527628932
2024-07-11,0.5600034551733175
2024-07-12,0.610382756521793
2024-07-13,0.5738522670977805
2024-07-14,0.6092319874121329
2024-07-15,0.6894870135514576
2024-07-16,0.542065289462532
2024-07-17,0.6876029129430065
2024-07-18,0.704038785277129
2024-07-19,0.6147537536898567
2024-07-20,0.48815798186548975
2024-07-21,0.5920733542913428
2024-07-22,0.7215531889607608
2024-07-23,0.6396394030899343
2024-07-24,0.5801836956841588
2024-07-25,0.617083012206833
2024-07-26,0.7096951958854495
2024-07-27,0.6948150609806566
2024-07-28,0.6476483743331791
2024-07-29,0.6435352998446786
2024-07-30,0.6461121225790901
2024-07-31,0.6154850338662493
2024-08-01,0.7859022882611416
2024-08-02,0.662935665439507
2024-08-03,0.767799536456476
2024-08-04,0.791636638362983
2024-08-05,0.7611964593360798
2024-08-06,0.6712501867467681
2024-08-07,0.7297025610294533
2024-08-08,0.7052915160963265
2024-08-09,0.6512143386835143
2024-08-10,0.7351960186417908
2024-08-11,0.6400866160745753
2024-08-12,0.7985512524186001
2024-08-13,0.6935366586938839
2024-08-14,0.7403734458359955
2024-08-15,0.7488823593957696
2024-08-16,0.7163968170356576
2024-08-17,0.7747893787924528
2024-08-18,0.7081063173612205
2024-08-19,0.799150663461072
2024-08-20,0.6565653227504624
2024-08-21,0.7557171405815867
2024-08-22,0.8770833028869999
2024-08-23,0.6869343897355149
2024-08-24,0.7104831065010406
2024-08-25,0.7909064023828091
2024-08-26,0.7712327944519949
2024-08-27,0.7845961077789307
2024-08-28,0.795744095623676
2024-08-29,0.8072629092699369
2024-08-30,0.8402863668305881
2024-08-31,0.7962221498266518
2024-09-01,0.7552684458898078
2024-09-02,0.8167898206751047
2024-09-03,0.8987672671766603
2024-09-04,0.7670069079966705
2024-09-05,0.7131895277603804
2024-09-06,0.8508876873974811
2024-09-07,0.7716191351938992
2024-09-08,0.6382004603984247
2024-09-09,0.8371330554873614
2024-09-10,0.747412551386336
2024-09-11,0.7773769258743384
2024-09-12,0.8057887073886357
2024-09-13,0.7971439223105484
2024-09-14,0.8316910893035578
2024-09-15,0.7570943766540301
2024-09-16,0.8196142551582659
2024-09-17,0.7692310287848161
2024-09-18,0.8348262703212166
2024-09-19,0.8268057549403578
2024-09-20,0.7251429216473374
2024-09-21,0.8575099212091584
2024-09-22,0.750998237290044
2024-09-23,0.8387823103573079
2024-09-24,0.8094984636665886
2024-09-25,0.9054119721764537
2024-09-26,0.7697103552787878
2024-09-27,0.7607880170001156
2024-09-28,0.7816429202130417
2024-09-29,0.7621866773668813
2024-09-30,0.833534484854893
2024-10-01,1.1941744185171441
2024-10-02,1.2291597646535153
2024-10-03,1.2261934769022904
2024-10-04,1.3107960100000002
2024-10-05,1.3107960100000002
2024-10-06,1.2823054207438167
2024-10-07,1.2754455620204652
2024-10-08,1.2883122408419316
2024-10-09,1.3107960100000002
2024-10-10,1.2169231988190923
2024-10-11,1.2900959476602654
2024-10-12,1.3107960100000002
2024-10-13,1.3004252002815648
2024-10-14,1.2763495136563592
2024-10-15,1.3107960100000002
2024-10-16,1.079013327970292
2024-10-17,1.2965302172675386
2024-10-18,1.2050162105038544
2024-10-19,1.123549956933678
2024-10-20,1.272543025392242
2024-10-21,1.3107960100000002
2024-10-22,1.2206488945061424
2024-10-23,1.2872199269569233
2024-10-24,1.3107960100000002
2024-10-25,1.300782764901858
2024-10-26,1.3107960100000002
2024-10-27,1.2525698221410682
2024-10-28,1.2033521897623025
2024-10-29,1.0877710501350761
2024-10-30,1.170871577909541
2024-10-31,1.1258484621259988
2024-11-01,1.3107960100000002
2024-11-02,1.1574705373271752
2024-11-03,1.1708436384235226
2024-11-04,1.192572319864314
2024-11-05,1.1528354080411047
2024-11-06,1.2545129405697766
2024-11-07,1.0959474701049845
2024-11-08,1.1427426753743835
2024-11-09,1.0744573344611048
2024-11-10,1.0296355094025218
2024-11-11,1.068987421288552
2024-11-12,1.0994927903483747
2024-11-13,1.0665278492276598
2024-11-14,1.041935832884109
2024-11-15,0.9877107889537231
2024-11-16,1.0669104798813713
2024-11-17,0.9661300646848309
2024-11-18,1.106872531450908
2024-11-19,1.0546909986045516
2024-11-20,0.9459117012065805
2024-11-21,1.013249705870349
2024-11-22,0.9762216951460686
2024-11-23,1.0383683456802302
2024-11-24,1.0971659607647872
2024-11-25,0.8782120394304219
2024-11-26,1.0003830179660562
2024-11-27,0.9740217720188856
2024-11-28,1.020130266679336
2024-11-29,0.981661366664239
2024-11-30,0.9099086156797478
2024-12-01,0.9297346586923056
2024-12-02,0.889878222000075
2024-12-03,1.0039289995726235
2024-12-04,0.9261190375393077
2024-12-05,1.0405995396790746
2024-12-06,0.9032554098118871
2024-12-07,0.8520017134278514
2024-12-08,0.7903882823808126
2024-12-09,0.7625551206647069
2024-12-10,0.7680163655144716
2024-12-11,0.8804302356490367
2024-12-12,0.8873243814516942
2024-12-13,0.741391555242631
2024-12-14,0.8947055963279062
2024-12-15,0.7953930363262157
2024-12-16,0.8276693202083689
2024-12-17,0.9146995728832971
2024-12-18,0.8587933592160434
2024-12-19,0.7733909677800264
2024-12-20,0.7235562384672214
2024-12-21,0.6319109705103906
2024-12-22,0.7167870923824875
2024-12-23,0.7410692427796738
2024-12-24,0.6812029014499587
2024-12-25,0.7283076927790343
2024-12-26,0.7329695906708957
2024-12-27,0.7042355508912211
2024-12-28,0.6674313642948352
2024-12-29,0.7121684863701621
2024-12-30,0.7211873786854638
2024-12-31,0.611893852312376
