Date,Conductivity
2020-01-01,129.27496212836084
2020-01-02,123.82765542313385
2020-01-03,128.33063238798343
2020-01-04,133.4633892562405
2020-01-05,120.17282955962023
2020-01-06,119.1873161270024
2020-01-07,130.90007696177904
2020-01-08,124.24217416838864
2020-01-09,114.61387460609578
2020-01-10,120.7339877011931
2020-01-11,112.73410917189159
2020-01-12,111.76626779537229
2020-01-13,115.77511443990247
2020-01-14,99.75035873786594
2020-01-15,100.1380549442203
2020-01-16,107.35311962645875
2020-01-17,103.28373389390573
2020-01-18,111.66574062157203
2020-01-19,102.21060539838447
2020-01-20,97.78998619062929
2020-01-21,117.05382911700764
2020-01-22,104.34112803095921
2020-01-23,105.53089133964673
2020-01-24,94.2312015831003
2020-01-25,99.54987098801641
2020-01-26,103.30323561656691
2020-01-27,93.64641319616099
2020-01-28,103.52045243060171
2020-01-29,95.88414170211621
2020-01-30,97.25588831387152
2020-01-31,94.30625046045365
2020-02-01,110.71614737085733
2020-02-02,96.899501562952
2020-02-03,88.84579049753353
2020-02-04,101.27558958334524
2020-02-05,86.2523180864831
2020-02-06,95.55337069688728
2020-02-07,79.67959948735012
2020-02-08,83.41902141955647
2020-02-09,93.42665619004657
2020-02-10,96.56366559862894
2020-02-11,91.95341159114626
2020-02-12,89.31758162821669
2020-02-13,87.40671732477877
2020-02-14,78.566332006396
2020-02-15,83.29301571716442
2020-02-16,84.53796257787258
2020-02-17,94.60753667102514
2020-02-18,89.07315892686452
2020-02-19,78.0
2020-02-20,87.90206182255892
2020-02-21,82.44369790066041
2020-02-22,79.92213530140344
2020-02-23,88.479296223159
2020-02-24,90.96732641915293
2020-02-25,89.83798534320754
2020-02-26,78.0
2020-02-27,80.34021539855244
2020-02-28,84.44077012306518
2020-02-29,88.58437578527834
2020-03-01,78.73263469700693
2020-03-02,80.38737035048423
2020-03-03,78.0
2020-03-04,78.0
2020-03-05,86.29588358927917
2020-03-06,89.78292249207757
2020-03-07,79.48668990962268
2020-03-08,86.73757697009307
2020-03-09,81.98703459184546
2020-03-10,78.0
2020-03-11,81.53307133114141
2020-03-12,89.57467602267266
2020-03-13,78.38367355709768
2020-03-14,89.43396655300465
2020-03-15,78.0
2020-03-16,83.9918719453788
2020-03-17,78.7580441918782
2020-03-18,78.0
2020-03-19,78.6747209946712
2020-03-20,78.0
2020-03-21,78.0
2020-03-22,80.51631695921802
2020-03-23,88.39880751067722
2020-03-24,78.0
2020-03-25,78.0
2020-03-26,78.0
2020-03-27,84.82065627168635
2020-03-28,80.85659201517743
2020-03-29,78.0
2020-03-30,82.49612184486287
2020-03-31,79.7881123293369
2020-04-01,86.11523295633732
2020-04-02,78.0
2020-04-03,78.0
2020-04-04,78.0
2020-04-05,78.0
2020-04-06,82.84817537096976
2020-04-07,82.95222028659717
2020-04-08,81.53035893302327
2020-04-09,80.242308004076
2020-04-10,78.0
2020-04-11,79.77950460268563
2020-04-12,80.77452217675798
2020-04-13,78.02670917248095
2020-04-14,83.00226166190511
2020-04-15,87.46756976359356
2020-04-16,98.36965721530355
2020-04-17,86.9345765526111
2020-04-18,88.08043252510319
2020-04-19,86.3402108423379
2020-04-20,78.0
2020-04-21,87.89865625096316
2020-04-22,89.1446711345217
2020-04-23,106.62254062509525
2020-04-24,88.70789052401346
2020-04-25,92.85740549054292
2020-04-26,91.2131287989377
2020-04-27,84.00207204099137
2020-04-28,100.92623980917125
2020-04-29,98.95040746235405
2020-04-30,100.00100498978817
2020-05-01,88.89125309106747
2020-05-02,105.88575311501866
2020-05-03,87.07826712082547
2020-05-04,101.83981532227375
2020-05-05,113.92090654975114
2020-05-06,92.52492117259757
2020-05-07,96.38034831301077
2020-05-08,101.94228517094119
2020-05-09,98.63495867868794
2020-05-10,92.2332053246394
2020-05-11,104.51007454008352
2020-05-12,97.54973616523932
2020-05-13,109.26989848822626
2020-05-14,100.50054491136487
2020-05-15,118.7804013105214
2020-05-16,103.45472155446055
2020-05-17,107.70168802639223
2020-05-18,116.6810512737531
2020-05-19,103.41207541906203
2020-05-20,114.67311415118864
2020-05-21,123.29442499855462
2020-05-22,103.96602117380411
2020-05-23,117.59494766726256
2020-05-24,119.21560455947365
2020-05-25,123.97258279434038
2020-05-26,110.953721797334
2020-05-27,111.49056127910357
2020-05-28,125.51722375352473
2020-05-29,125.08056035023824
2020-05-30,125.9009748290282
2020-05-31,127.72600243545914
2020-06-01,121.70117310411574
2020-06-02,129.254400439668
2020-06-03,130.8538616054153
2020-06-04,124.98172762588031
2020-06-05,144.22819630671754
2020-06-06,135.67559495355766
2020-06-07,125.21567949108402
2020-06-08,139.35141396981737
2020-06-09,129.1378412256011
2020-06-10,142.67926173163966
2020-06-11,146.49251925762215
2020-06-12,133.85351944265093
2020-06-13,147.56077849889647
2020-06-14,144.9280052908086
2020-06-15,149.01653449010774
2020-06-16,157.765057604892
2020-06-17,143.99663894823962
2020-06-18,141.66614377963353
2020-06-19,141.94436536309476
2020-06-20,143.68932800524192
2020-06-21,150.08932166362786
2020-06-22,154.24576689358054
2020-06-23,155.02247983505043
2020-06-24,160.1027760169378
2020-06-25,155.62889987299903
2020-06-26,166.93619973784809
2020-06-27,156.1302565731481
2020-06-28,178.24288849501443
2020-06-29,164.7973212297847
2020-06-30,155.63022759964352
2020-07-01,127.06334390211063
2020-07-02,138.74028110044858
2020-07-03,134.5992245217173
2020-07-04,141.95882712052784
2020-07-05,141.0674802195453
2020-07-06,138.03540591002533
2020-07-07,133.40420777863815
2020-07-08,129.5103197208383
2020-07-09,137.7668312320874
2020-07-10,147.6608815809441
2020-07-11,143.93363962450672
2020-07-12,134.4787167906121
2020-07-13,145.16984461815397
2020-07-14,147.40804994430619
2020-07-15,139.27141343093837
2020-07-16,147.27619394701924
2020-07-17,147.34317769596555
2020-07-18,139.66420081016136
2020-07-19,150.89224231194953
2020-07-20,153.02920787219256
2020-07-21,157.3940956295871
2020-07-22,157.89119727484453
2020-07-23,141.56536058952344
2020-07-24,145.33114562737285
2020-07-25,156.18025046991784
2020-07-26,156.8425946727864
2020-07-27,157.51432410347468
2020-07-28,181.53261945206305
2020-07-29,159.20565880063748
2020-07-30,163.79553700363664
2020-07-31,163.15277944971754
2020-08-01,161.65354658747304
2020-08-02,155.4966315439658
2020-08-03,163.6164962632994
2020-08-04,153.4844398658954
2020-08-05,157.8171249734324
2020-08-06,156.64791138808172
2020-08-07,161.17896926878998
2020-08-08,177.3584813410706
2020-08-09,148.62450013543736
2020-08-10,167.02796709229705
2020-08-11,151.45307141264135
2020-08-12,159.94549020109656
2020-08-13,171.36744197588618
2020-08-14,164.6792193424186
2020-08-15,157.15807049168978
2020-08-16,160.15659585019267
2020-08-17,170.37062035074388
2020-08-18,160.93872713469037
2020-08-19,167.99237454100205
2020-08-20,167.20992536445553
2020-08-21,162.73124273162526
2020-08-22,182.68922209858135
2020-08-23,172.49574524770063
2020-08-24,154.24643128884352
2020-08-25,170.07903769279147
2020-08-26,164.47998698424317
2020-08-27,175.4052666388854
2020-08-28,164.20333896934085
2020-08-29,169.24749700170295
2020-08-30,173.87205931089744
2020-08-31,176.67067440072285
2020-09-01,162.46821532625887
2020-09-02,168.77526909488805
2020-09-03,168.0251605341948
2020-09-04,166.9959164043551
2020-09-05,184.13322236209942
2020-09-06,174.8020536429339
2020-09-07,163.31939337532393
2020-09-08,178.73522161431202
2020-09-09,187.316047056488
2020-09-10,179.82509028181178
2020-09-11,162.08519700447994
2020-09-12,169.4401386582298
2020-09-13,181.79315041245846
2020-09-14,168.05205795727423
2020-09-15,176.1794047169718
2020-09-16,178.54796442101025
2020-09-17,166.67578723396235
2020-09-18,172.77230320181022
2020-09-19,150.51068783095914
2020-09-20,166.0253194626255
2020-09-21,171.4104259009661
2020-09-22,164.41219218809366
2020-09-23,184.52773598471413
2020-09-24,163.02997407777409
2020-09-25,169.88670140151433
2020-09-26,173.79421006613157
2020-09-27,182.86594246955121
2020-09-28,162.61001823680334
2020-09-29,180.67327820336303
2020-09-30,172.45893530138426
2020-10-01,188.916454095571
2020-10-02,197.0
2020-10-03,196.73445056844344
2020-10-04,190.89077994982026
2020-10-05,195.315112234497
2020-10-06,191.8465149327118
2020-10-07,195.03864071627024
2020-10-08,197.0
2020-10-09,197.0
2020-10-10,184.57973161279025
2020-10-11,197.0
2020-10-12,178.83068337383153
2020-10-13,191.03373008528482
2020-10-14,195.79919593599791
2020-10-15,193.21661331246395
2020-10-16,186.4435411599829
2020-10-17,188.88255494395392
2020-10-18,186.40971959381355
2020-10-19,185.24097266459518
2020-10-20,194.8041712981169
2020-10-21,190.83127750187003
2020-10-22,182.94195174568267
2020-10-23,193.53476515344167
2020-10-24,188.8191714702089
2020-10-25,191.77404889290472
2020-10-26,189.8929586995615
2020-10-27,179.06991531861112
2020-10-28,180.32489909580474
2020-10-29,188.83665569720173
2020-10-30,187.22396431907154
2020-10-31,182.13736508040546
2020-11-01,182.42400132865293
2020-11-02,189.852328738665
2020-11-03,176.06077664186893
2020-11-04,183.31190646956733
2020-11-05,177.3348844327379
2020-11-06,176.4822494412919
2020-11-07,184.94123788461556
2020-11-08,182.25971769685677
2020-11-09,181.39682288958002
2020-11-10,184.04973911853244
2020-11-11,174.2564605892473
2020-11-12,178.07030256094765
2020-11-13,170.30135521524798
2020-11-14,173.90861440772642
2020-11-15,169.88455973283172
2020-11-16,170.62077784811777
2020-11-17,173.2445370436934
2020-11-18,162.47816748280894
2020-11-19,181.97059882982188
2020-11-20,159.39110440246913
2020-11-21,157.03467041708078
2020-11-22,172.73322437825377
2020-11-23,169.25250652659503
2020-11-24,167.15635894755354
2020-11-25,166.25509811437942
2020-11-26,160.83289405113138
2020-11-27,153.69284332923507
2020-11-28,159.55259888577726
2020-11-29,153.32380062332388
2020-11-30,163.92564282628382
2020-12-01,155.10046726516674
2020-12-02,149.3759323692251
2020-12-03,151.92402428278237
2020-12-04,156.0786169972458
2020-12-05,148.25174786898785
2020-12-06,145.44764460975642
2020-12-07,151.91030494911124
2020-12-08,150.91680294047887
2020-12-09,144.64750962307303
2020-12-10,143.8897491305135
2020-12-11,147.79940177823605
2020-12-12,135.0239261679473
2020-12-13,134.29146450310498
2020-12-14,138.0958270653563
2020-12-15,140.6103654524081
2020-12-16,143.25904296245074
2020-12-17,150.38731638241643
2020-12-18,145.03981455592856
2020-12-19,136.892546605133
2020-12-20,136.85477022980422
2020-12-21,128.94609725402097
2020-12-22,134.8105851842837
2020-12-23,131.89669952429435
2020-12-24,135.15453440797558
2020-12-25,126.08444678101039
2020-12-26,134.49171467594738
2020-12-27,140.56865583258949
2020-12-28,128.06362674406947
2020-12-29,130.62496478485085
2020-12-30,131.63489609130684
2020-12-31,122.98941975408137
2021-01-01,131.18760874285377
2021-01-02,128.63016190690885
2021-01-03,128.21496167045402
2021-01-04,120.91284512762795
2021-01-05,125.64297863457108
2021-01-06,128.04163075029575
2021-01-07,133.90370028302638
2021-01-08,129.35257765232217
2021-01-09,136.96164668552797
2021-01-10,114.91157348955124
2021-01-11,125.74680580298228
2021-01-12,119.79906321384851
2021-01-13,133.29229904360787
2021-01-14,110.709789426574
2021-01-15,109.52445968284249
2021-01-16,110.30618532742852
2021-01-17,98.3714701160604
2021-01-18,108.95929586588898
2021-01-19,106.35043065504178
2021-01-20,111.99073466346908
2021-01-21,112.46217695194679
2021-01-22,122.62640074914245
2021-01-23,115.06249559735762
2021-01-24,103.17109669586641
2021-01-25,99.9837967810618
2021-01-26,109.14931803981769
2021-01-27,95.2355878626418
2021-01-28,117.12210099305737
2021-01-29,111.59503417789477
2021-01-30,98.89392044762226
2021-01-31,89.12204269369599
2021-02-01,110.44412589940623
2021-02-02,99.07796931592969
2021-02-03,108.06191561956024
2021-02-04,86.88748503467421
2021-02-05,93.32067642987195
2021-02-06,96.95187237277771
2021-02-07,96.53793914618758
2021-02-08,92.25284142533552
2021-02-09,99.30083437735705
2021-02-10,86.43868822897241
2021-02-11,92.44989254449743
2021-02-12,93.6982646977252
2021-02-13,95.90898048328448
2021-02-14,96.71420878815792
2021-02-15,82.87321344905418
2021-02-16,80.34
2021-02-17,99.03596140600577
2021-02-18,91.6638498532547
2021-02-19,83.33074675388843
2021-02-20,99.3862840014166
2021-02-21,88.52746619273339
2021-02-22,95.70313967975169
2021-02-23,87.210297318278
2021-02-24,101.12083219293083
2021-02-25,98.47460271869146
2021-02-26,83.59585596641594
2021-02-27,91.98486964677718
2021-02-28,89.23874448284636
2021-03-01,94.84970556054962
2021-03-02,80.34
2021-03-03,89.08402370933362
2021-03-04,91.3776326959893
2021-03-05,80.34
2021-03-06,80.34
2021-03-07,80.34
2021-03-08,80.4480603071603
2021-03-09,87.27771174968325
2021-03-10,92.67124423461975
2021-03-11,82.12983888111472
2021-03-12,93.115719238929
2021-03-13,80.34
2021-03-14,80.34
2021-03-15,80.43540588213119
2021-03-16,83.46907709788492
2021-03-17,80.3499819134364
2021-03-18,80.34
2021-03-19,80.34
2021-03-20,80.34
2021-03-21,85.17446816627785
2021-03-22,82.98385437267939
2021-03-23,80.34
2021-03-24,80.34
2021-03-25,80.34
2021-03-26,80.34
2021-03-27,87.52670131615808
2021-03-28,80.34
2021-03-29,84.54616965187009
2021-03-30,80.34
2021-03-31,80.34
2021-04-01,80.71013767314527
2021-04-02,80.34
2021-04-03,80.34
2021-04-04,80.34
2021-04-05,96.70722726752363
2021-04-06,83.11380371470281
2021-04-07,80.34
2021-04-08,85.10137353917182
2021-04-09,83.12951644035094
2021-04-10,82.74775966319855
2021-04-11,89.19124769415022
2021-04-12,90.66737310734551
2021-04-13,81.84381623194682
2021-04-14,82.00028004369511
2021-04-15,84.67207675641085
2021-04-16,80.34
2021-04-17,80.34
2021-04-18,98.13907128694692
2021-04-19,100.72612439808941
2021-04-20,87.6716223750806
2021-04-21,94.24450046410807
2021-04-22,92.9708945947398
2021-04-23,113.58348208384481
2021-04-24,100.1333763242725
2021-04-25,91.83376396122944
2021-04-26,86.57952474030479
2021-04-27,82.61731655342354
2021-04-28,96.41527566806062
2021-04-29,90.26098563729326
2021-04-30,86.2430332743538
2021-05-01,92.63590430591285
2021-05-02,90.31671312680977
2021-05-03,111.11246991549312
2021-05-04,106.15458394478811
2021-05-05,100.6062873917492
2021-05-06,112.2157459255508
2021-05-07,103.0002612101071
2021-05-08,97.1449063012603
2021-05-09,115.26379198090176
2021-05-10,109.10960832019276
2021-05-11,98.70194004967166
2021-05-12,105.77869585895176
2021-05-13,101.82223041925762
2021-05-14,99.16340795774053
2021-05-15,116.82235010523468
2021-05-16,124.93568026745022
2021-05-17,102.12194723160262
2021-05-18,117.31381039556594
2021-05-19,109.624890751362
2021-05-20,111.87679538617925
2021-05-21,112.20216125346629
2021-05-22,111.33938504074348
2021-05-23,119.02479686768689
2021-05-24,113.80043563793895
2021-05-25,122.86831146359937
2021-05-26,121.69260060352791
2021-05-27,121.47793265877819
2021-05-28,117.8122362944944
2021-05-29,121.36102048463498
2021-05-30,132.13808840493783
2021-05-31,131.48356354567707
2021-06-01,122.01171760305216
2021-06-02,130.97137246196485
2021-06-03,136.8749844558378
2021-06-04,120.63001284420915
2021-06-05,137.79928016568618
2021-06-06,130.32529066856583
2021-06-07,140.4435438429471
2021-06-08,132.0583495719761
2021-06-09,125.78500492487082
2021-06-10,128.30485032757053
2021-06-11,141.63145205603433
2021-06-12,144.4064199481193
2021-06-13,137.26612167424352
2021-06-14,149.6459115897967
2021-06-15,134.32013531736152
2021-06-16,147.08354142300357
2021-06-17,140.09070512781648
2021-06-18,145.38604809581395
2021-06-19,151.6923102582314
2021-06-20,146.41251499789033
2021-06-21,151.10935452610295
2021-06-22,162.4032757928485
2021-06-23,152.25404378269806
2021-06-24,163.7035536949222
2021-06-25,150.7966816498148
2021-06-26,164.02391135151848
2021-06-27,171.8580147886227
2021-06-28,144.90178319207044
2021-06-29,158.23214066681157
2021-06-30,169.39086932626424
2021-07-01,136.30220303955952
2021-07-02,141.2723408772017
2021-07-03,135.0691302233376
2021-07-04,140.87268030724783
2021-07-05,139.94721550456282
2021-07-06,150.30717001752362
2021-07-07,144.5359388277839
2021-07-08,145.94583191283272
2021-07-09,141.34804487670556
2021-07-10,141.60356809789056
2021-07-11,142.79732818712074
2021-07-12,149.55203286461068
2021-07-13,144.45955678212982
2021-07-14,150.3655821995347
2021-07-15,164.0157928930241
2021-07-16,156.1029770606192
2021-07-17,148.23549208463243
2021-07-18,160.0045405456509
2021-07-19,149.1527192423396
2021-07-20,138.14448481456455
2021-07-21,146.30852537152887
2021-07-22,140.81870928458454
2021-07-23,152.4956081779804
2021-07-24,155.87811406413644
2021-07-25,168.53991155548687
2021-07-26,159.50940007228056
2021-07-27,156.26376099418104
2021-07-28,164.50627424864527
2021-07-29,143.25811841005756
2021-07-30,161.56448894652164
2021-07-31,166.07991289596868
2021-08-01,150.50840328635044
2021-08-02,170.05308871470436
2021-08-03,164.8751808421764
2021-08-04,160.0585972122172
2021-08-05,168.22340011331448
2021-08-06,180.63079638200054
2021-08-07,166.15807560854375
2021-08-08,167.2136962291037
2021-08-09,162.67855542990154
2021-08-10,160.41883927424584
2021-08-11,173.0775913697497
2021-08-12,161.45198060149505
2021-08-13,168.66247622982308
2021-08-14,165.21322123985158
2021-08-15,172.60958152864438
2021-08-16,172.04905623442966
2021-08-17,177.59929646756228
2021-08-18,166.90462095570444
2021-08-19,169.08703407994645
2021-08-20,164.41459295555563
2021-08-21,168.69429575453395
2021-08-22,175.03155507466533
2021-08-23,178.1699498035162
2021-08-24,166.45124946689808
2021-08-25,179.744960961272
2021-08-26,183.61122217607135
2021-08-27,177.16673265699345
2021-08-28,188.05307810271484
2021-08-29,169.26449353698408
2021-08-30,166.17821124385506
2021-08-31,162.6226898141754
2021-09-01,186.51517916861496
2021-09-02,180.71437526323155
2021-09-03,175.84951560088356
2021-09-04,178.50884483945705
2021-09-05,168.60152163232095
2021-09-06,194.562165733573
2021-09-07,178.05788183823486
2021-09-08,178.0986849564406
2021-09-09,182.71227098278604
2021-09-10,181.10285884854326
2021-09-11,179.38997227674488
2021-09-12,172.20308954538208
2021-09-13,181.41395733829287
2021-09-14,191.68191215878167
2021-09-15,187.8963950758813
2021-09-16,189.75172435961667
2021-09-17,174.6334268013462
2021-09-18,171.22417879699483
2021-09-19,177.47772642115166
2021-09-20,178.79732260538742
2021-09-21,186.28103478870005
2021-09-22,166.17108506929594
2021-09-23,189.36913249901406
2021-09-24,177.15464561415394
2021-09-25,175.1543801208826
2021-09-26,170.8587506470192
2021-09-27,166.1338802017306
2021-09-28,183.89540023983648
2021-09-29,178.3695074373396
2021-09-30,168.4064478092937
2021-10-01,192.52613579151458
2021-10-02,199.23961741061206
2021-10-03,202.91
2021-10-04,199.3296100370804
2021-10-05,190.10740634064825
2021-10-06,198.89948507669422
2021-10-07,198.41368447618578
2021-10-08,180.6267871828881
2021-10-09,199.3538734434525
2021-10-10,197.7370787098774
2021-10-11,202.91
2021-10-12,202.91
2021-10-13,202.91
2021-10-14,195.92042506414958
2021-10-15,189.45335295329662
2021-10-16,202.91
2021-10-17,196.95347584193337
2021-10-18,196.15002321204082
2021-10-19,195.382606042455
2021-10-20,196.475712867237
2021-10-21,193.4818267475672
2021-10-22,189.84603110351165
2021-10-23,189.48323551353926
2021-10-24,192.61854192791384
2021-10-25,188.35002446892037
2021-10-26,186.52691638976063
2021-10-27,191.8174854519377
2021-10-28,188.58068106931324
2021-10-29,200.61734081618022
2021-10-30,170.00027615666545
2021-10-31,196.30967803722936
2021-11-01,196.73646076320705
2021-11-02,172.10164735919346
2021-11-03,183.8651571488711
2021-11-04,182.9297410108017
2021-11-05,174.7185322265029
2021-11-06,178.5046816722382
2021-11-07,175.3389465539903
2021-11-08,195.20116381541072
2021-11-09,188.522498566152
2021-11-10,190.1412353356107
2021-11-11,185.36198467425743
2021-11-12,171.1922534382763
2021-11-13,174.7137395948622
2021-11-14,181.17580977319756
2021-11-15,167.97709193640563
2021-11-16,181.0601466283506
2021-11-17,173.30731415524363
2021-11-18,171.44833297917145
2021-11-19,178.37790500415375
2021-11-20,175.5467430128387
2021-11-21,168.82365679960049
2021-11-22,178.85877831004896
2021-11-23,161.77077511967065
2021-11-24,173.06308942498825
2021-11-25,171.9474059049862
2021-11-26,164.48055010856152
2021-11-27,168.09759919525726
2021-11-28,155.75230376178695
2021-11-29,170.45486079625556
2021-11-30,161.47270617827195
2021-12-01,158.04396585518808
2021-12-02,168.37712152203613
2021-12-03,154.7307271203626
2021-12-04,148.6439309828027
2021-12-05,146.56044338072857
2021-12-06,161.1330860799762
2021-12-07,146.50738736858492
2021-12-08,167.36269535483515
2021-12-09,138.66738702015772
2021-12-10,164.87344562156224
2021-12-11,153.1240637264679
2021-12-12,149.86300224664905
2021-12-13,145.58646543928893
2021-12-14,151.34579363593153
2021-12-15,147.1473385080639
2021-12-16,154.32243694916187
2021-12-17,146.13875205021594
2021-12-18,145.3452932498228
2021-12-19,140.58563905925794
2021-12-20,141.74190185729438
2021-12-21,143.31677094938848
2021-12-22,127.71240277962595
2021-12-23,129.26796555693517
2021-12-24,143.29376341454116
2021-12-25,138.11430942907967
2021-12-26,134.50479543235014
2021-12-27,134.91488640594844
2021-12-28,136.24073204047625
2021-12-29,128.798028921735
2021-12-30,126.03579514191235
2021-12-31,132.0200490830632
2022-01-01,126.19336924906817
2022-01-02,135.42735925795265
2022-01-03,118.69214188976296
2022-01-04,137.92365154877405
2022-01-05,132.739898770153
2022-01-06,130.08594857846367
2022-01-07,134.44194157102342
2022-01-08,138.4776349130477
2022-01-09,132.61333361571988
2022-01-10,110.3865895963751
2022-01-11,113.53857280452362
2022-01-12,117.39139216950782
2022-01-13,121.2226944581424
2022-01-14,123.87803984961403
2022-01-15,113.65662851029327
2022-01-16,119.45362651314844
2022-01-17,111.48560076644864
2022-01-18,111.59117459901437
2022-01-19,104.7322031556653
2022-01-20,107.37738027127148
2022-01-21,103.26004447090268
2022-01-22,105.12505772976222
2022-01-23,119.28089798990608
2022-01-24,103.49996824665544
2022-01-25,129.20406648642987
2022-01-26,112.43418496496518
2022-01-27,109.26975186921366
2022-01-28,100.66037940702513
2022-01-29,111.3847202921741
2022-01-30,101.07011801728652
2022-01-31,105.42403641439529
2022-02-01,122.71514307066936
2022-02-02,102.18754601488192
2022-02-03,110.64622631353384
2022-02-04,96.11280862230667
2022-02-05,100.31160042875213
2022-02-06,112.97198401716389
2022-02-07,94.4291398758488
2022-02-08,111.82253460519446
2022-02-09,102.91036715435852
2022-02-10,92.78327145274194
2022-02-11,100.977191682994
2022-02-12,102.83834229813785
2022-02-13,99.58362010682609
2022-02-14,82.75019999999999
2022-02-15,88.31140061031313
2022-02-16,91.26901856044755
2022-02-17,91.96586389119537
2022-02-18,96.55519899972889
2022-02-19,92.70881566616563
2022-02-20,82.75019999999999
2022-02-21,93.14771894279191
2022-02-22,94.3508121123323
2022-02-23,93.48236554280071
2022-02-24,96.87692674635394
2022-02-25,94.58610919834275
2022-02-26,91.36262312363267
2022-02-27,87.00816676010282
2022-02-28,82.75019999999999
2022-03-01,90.72180197240795
2022-03-02,88.62829486374453
2022-03-03,88.67854638189122
2022-03-04,82.75019999999999
2022-03-05,82.75019999999999
2022-03-06,93.33827141972637
2022-03-07,84.8851087085839
2022-03-08,89.92322671990905
2022-03-09,84.77765980461383
2022-03-10,84.51540540441485
2022-03-11,91.01146100803633
2022-03-12,82.75019999999999
2022-03-13,84.32167456470404
2022-03-14,82.75019999999999
2022-03-15,82.75019999999999
2022-03-16,82.75019999999999
2022-03-17,84.6529144068941
2022-03-18,82.75019999999999
2022-03-19,92.16068131048546
2022-03-20,82.75019999999999
2022-03-21,82.75019999999999
2022-03-22,82.75019999999999
2022-03-23,93.51342743479283
2022-03-24,84.26668508042144
2022-03-25,90.53150122855473
2022-03-26,82.75019999999999
2022-03-27,85.04252433032934
2022-03-28,89.79484866947945
2022-03-29,83.95041969279211
2022-03-30,91.42537288902227
2022-03-31,82.75019999999999
2022-04-01,94.39251826052033
2022-04-02,101.2385094856175
2022-04-03,82.75019999999999
2022-04-04,82.75019999999999
2022-04-05,95.81107497339153
2022-04-06,97.07571673597624
2022-04-07,82.75019999999999
2022-04-08,82.94490237446244
2022-04-09,84.36496668819969
2022-04-10,82.75019999999999
2022-04-11,82.75019999999999
2022-04-12,82.75019999999999
2022-04-13,82.75019999999999
2022-04-14,88.4789070663051
2022-04-15,90.99420434589638
2022-04-16,101.30822369401977
2022-04-17,82.93891036881729
2022-04-18,98.2422984810387
2022-04-19,89.94273904538561
2022-04-20,91.7838550398987
2022-04-21,97.80156249796711
2022-04-22,85.11091386116723
2022-04-23,96.96618349661563
2022-04-24,96.0592024830667
2022-04-25,99.19582211158365
2022-04-26,98.4204935567975
2022-04-27,115.25958378717533
2022-04-28,93.06070349401612
2022-04-29,94.64236005918688
2022-04-30,94.76477850478138
2022-05-01,96.0914859153207
2022-05-02,96.32468643633926
2022-05-03,110.74661755338253
2022-05-04,113.34099083294511
2022-05-05,99.44515003843954
2022-05-06,98.41038695213439
2022-05-07,109.01658212971914
2022-05-08,102.35443436087841
2022-05-09,112.1108709634989
2022-05-10,109.88775614213117
2022-05-11,98.10952884583243
2022-05-12,121.85780673641004
2022-05-13,124.71622753065584
2022-05-14,107.856643186389
2022-05-15,110.56976019260487
2022-05-16,116.62677202949075
2022-05-17,118.05556448148444
2022-05-18,121.54299359714796
2022-05-19,132.67388635121281
2022-05-20,117.53657528967733
2022-05-21,114.03912626352945
2022-05-22,110.8525828618347
2022-05-23,116.80709885249014
2022-05-24,123.13932271792773
2022-05-25,137.87279234406068
2022-05-26,121.87252510380354
2022-05-27,128.5586869842415
2022-05-28,127.96448205364366
2022-05-29,138.11049299798114
2022-05-30,149.25822747100142
2022-05-31,127.76571837325426
2022-06-01,129.29696351361812
2022-06-02,141.91709405739277
2022-06-03,140.46513856462886
2022-06-04,150.36062028184057
2022-06-05,142.23452865667184
2022-06-06,136.4876813558704
2022-06-07,144.8057932348324
2022-06-08,149.92185693384994
2022-06-09,149.05529783900784
2022-06-10,148.00778338106147
2022-06-11,153.44474862561987
2022-06-12,155.49337517535534
2022-06-13,158.36415919262566
2022-06-14,154.21042399907915
2022-06-15,149.44761681545327
2022-06-16,153.07631592394802
2022-06-17,162.2466934239279
2022-06-18,148.521550652607
2022-06-19,158.62896140686405
2022-06-20,154.27352620044857
2022-06-21,158.71192767856078
2022-06-22,169.29650884484533
2022-06-23,162.52499619565495
2022-06-24,162.75341171151248
2022-06-25,153.6114244542939
2022-06-26,170.5520467829997
2022-06-27,171.1017933590976
2022-06-28,183.66898879081117
2022-06-29,166.61143461628487
2022-06-30,171.81456074630202
2022-07-01,143.75114313145855
2022-07-02,154.46891179560788
2022-07-03,142.8988861099802
2022-07-04,146.52791653458354
2022-07-05,149.81615967299982
2022-07-06,147.52990052484117
2022-07-07,143.66726153227302
2022-07-08,149.2584387351093
2022-07-09,156.6203196005056
2022-07-10,141.84957467464048
2022-07-11,151.28102759405616
2022-07-12,145.90996669762228
2022-07-13,160.79447531589378
2022-07-14,141.41295173475515
2022-07-15,149.3729964144412
2022-07-16,157.11812153513463
2022-07-17,166.7297565024124
2022-07-18,155.395820648048
2022-07-19,152.53471271719803
2022-07-20,171.39458033937944
2022-07-21,147.43074687477952
2022-07-22,142.60733993058867
2022-07-23,162.94860032028683
2022-07-24,156.68927179037536
2022-07-25,153.56240122014373
2022-07-26,167.12728880324332
2022-07-27,164.38931732177878
2022-07-28,159.09303067312152
2022-07-29,154.4684915517949
2022-07-30,171.14080907904247
2022-07-31,170.16622310135935
2022-08-01,165.26757070479093
2022-08-02,180.37450104882666
2022-08-03,159.360889896298
2022-08-04,156.61540018674683
2022-08-05,163.4325572450897
2022-08-06,168.84833847028693
2022-08-07,171.59933625936424
2022-08-08,168.59525523947616
2022-08-09,173.58473293218842
2022-08-10,162.24829646756407
2022-08-11,182.82542531566892
2022-08-12,172.04299603979018
2022-08-13,181.48825220337832
2022-08-14,176.26202661376362
2022-08-15,177.622807525965
2022-08-16,178.9639157821585
2022-08-17,178.5470105528033
2022-08-18,180.47234639879494
2022-08-19,186.03450276883646
2022-08-20,178.07504888929046
2022-08-21,182.31985426945275
2022-08-22,176.81415088892106
2022-08-23,188.58816621092072
2022-08-24,173.26997114506256
2022-08-25,192.05367928255507
2022-08-26,178.7539604216402
2022-08-27,168.7860778740338
2022-08-28,180.70836351944828
2022-08-29,175.03112514849073
2022-08-30,186.64960799222726
2022-08-31,175.86409923554515
2022-09-01,177.68706864317838
2022-09-02,167.24399451712554
2022-09-03,178.17882709185295
2022-09-04,163.78452413165726
2022-09-05,170.25524905519046
2022-09-06,187.88321014027613
2022-09-07,188.27557074786793
2022-09-08,185.78882243304318
2022-09-09,175.62282350149027
2022-09-10,182.60950691223601
2022-09-11,183.08228797949485
2022-09-12,174.63711898886646
2022-09-13,194.51979740625603
2022-09-14,189.9714465838747
2022-09-15,181.90084779528576
2022-09-16,183.81245655111812
2022-09-17,185.2163838299284
2022-09-18,168.54747078421164
2022-09-19,181.90057622270947
2022-09-20,178.68279274651343
2022-09-21,176.3053406792576
2022-09-22,181.63743259596697
2022-09-23,197.04146639091672
2022-09-24,188.4017903804229
2022-09-25,179.3374118824356
2022-09-26,187.75287539760959
2022-09-27,193.7993919887779
2022-09-28,190.1657576587703
2022-09-29,183.61894445686673
2022-09-30,178.23393128104456
2022-10-01,208.9973
2022-10-02,208.9973
2022-10-03,208.9973
2022-10-04,208.9973
2022-10-05,208.9973
2022-10-06,202.71661409420423
2022-10-07,208.9973
2022-10-08,207.54091401917893
2022-10-09,208.9973
2022-10-10,200.26606467938387
2022-10-11,208.9973
2022-10-12,206.0940934483011
2022-10-13,199.38063609664985
2022-10-14,200.20140452930383
2022-10-15,200.97535168314027
2022-10-16,206.04675872359687
2022-10-17,206.3050394454676
2022-10-18,197.67061246861988
2022-10-19,201.24237984962593
2022-10-20,208.9973
2022-10-21,208.9973
2022-10-22,203.04186866641192
2022-10-23,199.51109636419943
2022-10-24,199.5317224379641
2022-10-25,202.59232910174651
2022-10-26,189.8209660904159
2022-10-27,194.87027183572047
2022-10-28,183.740232903288
2022-10-29,198.43150858495758
2022-10-30,199.5934527364489
2022-10-31,190.50482341894062
2022-11-01,205.07365002127887
2022-11-02,183.5594111197476
2022-11-03,181.05112557035392
2022-11-04,192.84291108444216
2022-11-05,198.18875841646957
2022-11-06,202.14147440453505
2022-11-07,185.43877215044927
2022-11-08,196.05492020918703
2022-11-09,186.94356962505245
2022-11-10,185.12054067617342
2022-11-11,192.12581475903815
2022-11-12,189.5570436019767
2022-11-13,172.14363556076944
2022-11-14,193.94207336151598
2022-11-15,192.34126486497726
2022-11-16,176.55139449499168
2022-11-17,183.23061786460894
2022-11-18,183.0441311040437
2022-11-19,180.38528172954682
2022-11-20,173.42718150913288
2022-11-21,171.5813329234924
2022-11-22,175.42523854322275
2022-11-23,183.36123647874172
2022-11-24,177.71779733795233
2022-11-25,169.94898699571408
2022-11-26,177.4446174689836
2022-11-27,149.5644334444532
2022-11-28,178.24709634762405
2022-11-29,155.78676833206723
2022-11-30,164.99843093634462
2022-12-01,158.3521782596621
2022-12-02,156.02348491071857
2022-12-03,173.22396445416024
2022-12-04,160.08961560616896
2022-12-05,165.0904936903878
2022-12-06,161.11822066576687
2022-12-07,163.95410978529267
2022-12-08,159.9224505913905
2022-12-09,148.76055583803776
2022-12-10,164.61983134363712
2022-12-11,152.48392210804425
2022-12-12,143.51746874271467
2022-12-13,150.82148039695574
2022-12-14,164.06715535218424
2022-12-15,158.1552469773809
2022-12-16,148.16946394546437
2022-12-17,147.08093333488358
2022-12-18,146.20090769531748
2022-12-19,162.92605515291731
2022-12-20,149.25342144736015
2022-12-21,148.5240640860821
2022-12-22,151.89519241207728
2022-12-23,144.93135385550545
2022-12-24,140.1491494880282
2022-12-25,139.53068782452274
2022-12-26,139.37452231328984
2022-12-27,138.54901358601032
2022-12-28,143.15030326307445
2022-12-29,137.0561528350392
2022-12-30,141.03759838385096
2022-12-31,133.92681939876283
2023-01-01,138.0643183469545
2023-01-02,121.08300349688896
2023-01-03,142.2851916021742
2023-01-04,136.83957922009984
2023-01-05,140.74102368232056
2023-01-06,109.87641765687222
2023-01-07,146.93267300467383
2023-01-08,128.82486821828348
2023-01-09,137.30931571142798
2023-01-10,119.82486512931801
2023-01-11,131.4194902262719
2023-01-12,117.63475744754031
2023-01-13,119.88853823092083
2023-01-14,138.27535730039884
2023-01-15,121.15905972943979
2023-01-16,123.27180310329311
2023-01-17,127.26338557615995
2023-01-18,123.40797881394516
2023-01-19,119.7844127656907
2023-01-20,120.45221413606421
2023-01-21,135.08094136879365
2023-01-22,115.3026195198154
2023-01-23,116.33814955936796
2023-01-24,121.90355287453522
2023-01-25,121.40113003808146
2023-01-26,121.11347843771159
2023-01-27,116.01972078002397
2023-01-28,101.50289953877174
2023-01-29,121.86379247173815
2023-01-30,99.73682858652447
2023-01-31,109.96837918390105
2023-02-01,101.0447597746988
2023-02-02,105.49734319625067
2023-02-03,107.68945208112052
2023-02-04,106.83294188123693
2023-02-05,106.81588791949444
2023-02-06,115.15955299177875
2023-02-07,105.52686513404431
2023-02-08,99.44605448203143
2023-02-09,107.95840917876372
2023-02-10,108.9674936573406
2023-02-11,89.77908291808097
2023-02-12,103.0539033274289
2023-02-13,103.17818167825503
2023-02-14,94.8848088467783
2023-02-15,107.04558345464257
2023-02-16,94.75259264959396
2023-02-17,96.25473320060085
2023-02-18,93.38043706839926
2023-02-19,94.24999488610895
2023-02-20,85.23270600000001
2023-02-21,85.23270600000001
2023-02-22,104.70742290745342
2023-02-23,85.52646681866347
2023-02-24,85.23270600000001
2023-02-25,85.23270600000001
2023-02-26,85.70371724862376
2023-02-27,85.23270600000001
2023-02-28,102.29676604424772
2023-03-01,97.8814488275163
2023-03-02,85.23270600000001
2023-03-03,106.49065401898933
2023-03-04,96.35615901461026
2023-03-05,85.9689069757297
2023-03-06,85.23270600000001
2023-03-07,105.25784649373523
2023-03-08,85.23270600000001
2023-03-09,85.23270600000001
2023-03-10,94.6449924504581
2023-03-11,105.22667179316156
2023-03-12,96.91746727478922
2023-03-13,90.42947947126662
2023-03-14,90.47532190923035
2023-03-15,92.28666295605373
2023-03-16,91.41970542030784
2023-03-17,87.64423907794746
2023-03-18,86.19225410154179
2023-03-19,85.23270600000001
2023-03-20,85.23270600000001
2023-03-21,85.23270600000001
2023-03-22,85.23270600000001
2023-03-23,85.23270600000001
2023-03-24,85.23270600000001
2023-03-25,85.23270600000001
2023-03-26,86.81743986423815
2023-03-27,96.19865818558493
2023-03-28,92.70811444618899
2023-03-29,85.23270600000001
2023-03-30,85.23270600000001
2023-03-31,93.41575400404346
2023-04-01,85.23270600000001
2023-04-02,85.23270600000001
2023-04-03,91.16839153474815
2023-04-04,85.23270600000001
2023-04-05,88.37436663083201
2023-04-06,85.23270600000001
2023-04-07,85.23270600000001
2023-04-08,91.09333628113765
2023-04-09,85.23270600000001
2023-04-10,92.84654483272209
2023-04-11,89.77496765750122
2023-04-12,94.62081707018753
2023-04-13,92.59869427296597
2023-04-14,101.83301362623892
2023-04-15,92.89035450772481
2023-04-16,89.20299293960143
2023-04-17,93.99904107617415
2023-04-18,97.81613278245293
2023-04-19,94.6515759577028
2023-04-20,95.22621246717628
2023-04-21,90.20425812109488
2023-04-22,91.18145382566333
2023-04-23,86.22143026261985
2023-04-24,111.05043902365755
2023-04-25,88.89047263703443
2023-04-26,93.86113814373772
2023-04-27,94.44140089631428
2023-04-28,107.5760107047511
2023-04-29,99.2871774887233
2023-04-30,111.91826936898057
2023-05-01,98.07153468919381
2023-05-02,106.22390907098162
2023-05-03,98.58447885479947
2023-05-04,122.28409373679202
2023-05-05,97.71014773348658
2023-05-06,110.09930660558842
2023-05-07,113.52899581521864
2023-05-08,112.81425672978705
2023-05-09,109.21556349410295
2023-05-10,110.63920249345139
2023-05-11,112.98199419643667
2023-05-12,112.55210453193132
2023-05-13,122.09368335156063
2023-05-14,132.68810488940858
2023-05-15,112.58811245547844
2023-05-16,107.46122047143535
2023-05-17,118.36366441772286
2023-05-18,139.8844459707966
2023-05-19,115.13049121908443
2023-05-20,134.95390796601023
2023-05-21,136.3994295656079
2023-05-22,120.4942501520062
2023-05-23,130.25446295853635
2023-05-24,139.54264426088744
2023-05-25,125.38226146750284
2023-05-26,127.93075145757594
2023-05-27,126.2543445541606
2023-05-28,124.16707216253245
2023-05-29,128.19730014440344
2023-05-30,125.04521524148998
2023-05-31,135.9200598979837
2023-06-01,131.03004450297382
2023-06-02,139.97597664632875
2023-06-03,127.56205975654944
2023-06-04,143.27674254333792
2023-06-05,148.41078306862946
2023-06-06,128.08030760347157
2023-06-07,147.49318765743078
2023-06-08,155.32948966533664
2023-06-09,137.9983637372656
2023-06-10,161.36148771702887
2023-06-11,153.09411514500638
2023-06-12,145.82143196123826
2023-06-13,152.11624419535647
2023-06-14,158.1453892986722
2023-06-15,155.79071839316302
2023-06-16,160.6673718921255
2023-06-17,150.84308550911146
2023-06-18,160.5214668430066
2023-06-19,149.75418729016027
2023-06-20,161.05963752673267
2023-06-21,156.33934380265572
2023-06-22,158.9702780378577
2023-06-23,175.39399901190058
2023-06-24,175.628345012185
2023-06-25,173.28077953758645
2023-06-26,161.6052506905635
2023-06-27,168.87724481816275
2023-06-28,181.91122281913775
2023-06-29,175.04800605142876
2023-06-30,193.0334552796595
2023-07-01,149.16464259236614
2023-07-02,148.50589940362704
2023-07-03,145.55031735575957
2023-07-04,149.81095981290812
2023-07-05,148.49453460928842
2023-07-06,155.9447940390147
2023-07-07,158.70999099619786
2023-07-08,146.2394769309868
2023-07-09,142.92390503912137
2023-07-10,139.91167047879122
2023-07-11,158.68803242080952
2023-07-12,147.2028027525213
2023-07-13,140.0096397988182
2023-07-14,160.27860481467658
2023-07-15,177.19860444649967
2023-07-16,158.8999010342835
2023-07-17,166.17050712569224
2023-07-18,161.1865449125532
2023-07-19,160.60110893270993
2023-07-20,169.177377718611
2023-07-21,160.70932065561047
2023-07-22,165.74973019267543
2023-07-23,166.93204379084952
2023-07-24,160.11992404901966
2023-07-25,173.56899418807555
2023-07-26,165.38454320784257
2023-07-27,161.67538149725274
2023-07-28,172.28432078566465
2023-07-29,162.02324703450384
2023-07-30,169.81708977953616
2023-07-31,170.22801109936728
2023-08-01,179.29031466238615
2023-08-02,175.29165437827172
2023-08-03,172.13545677351894
2023-08-04,179.23790720027637
2023-08-05,184.26182163968755
2023-08-06,178.52922079905687
2023-08-07,174.96517935263012
2023-08-08,165.46399687854165
2023-08-09,167.9522226553064
2023-08-10,174.3541908756249
2023-08-11,172.60449104263054
2023-08-12,176.4025074589819
2023-08-13,178.81992483171436
2023-08-14,182.98001775590745
2023-08-15,178.91849429963494
2023-08-16,183.69592699211213
2023-08-17,180.97202878485865
2023-08-18,165.85975361564113
2023-08-19,174.26367182617372
2023-08-20,180.81195390103147
2023-08-21,173.11315430358366
2023-08-22,187.39387997706643
2023-08-23,194.93907579926417
2023-08-24,192.96427307021827
2023-08-25,182.4070924898377
2023-08-26,195.82644786821706
2023-08-27,185.9309569168825
2023-08-28,182.57133176035288
2023-08-29,180.79951207830666
2023-08-30,183.50532135675365
2023-08-31,183.16280208107096
2023-09-01,187.73410634545303
2023-09-02,187.94282424490146
2023-09-03,187.0072224750564
2023-09-04,190.58070749813888
2023-09-05,196.58567951439895
2023-09-06,194.96645115504106
2023-09-07,176.55506580397713
2023-09-08,168.57295429037225
2023-09-09,195.43469094174839
2023-09-10,177.99736371266007
2023-09-11,186.88306219781154
2023-09-12,179.7863684842362
2023-09-13,175.0722551724694
2023-09-14,193.10126433375498
2023-09-15,194.85489324654313
2023-09-16,184.71139870775846
2023-09-17,169.3598236053851
2023-09-18,185.04303423027955
2023-09-19,192.24521901495845
2023-09-20,177.94750852575916
2023-09-21,190.65851784492602
2023-09-22,189.11961033315592
2023-09-23,193.6330983820635
2023-09-24,190.06666089164221
2023-09-25,181.64344223474862
2023-09-26,198.15840691617242
2023-09-27,187.69697265814577
2023-09-28,188.58927020272037
2023-09-29,181.53274510415116
2023-09-30,185.13872081803484
2023-10-01,207.3892155437098
2023-10-02,212.61887735607314
2023-10-03,215.267219
2023-10-04,202.96062669706546
2023-10-05,200.84034687559333
2023-10-06,215.267219
2023-10-07,210.98202928184122
2023-10-08,207.13788755161386
2023-10-09,215.267219
2023-10-10,206.91329841481797
2023-10-11,215.267219
2023-10-12,215.267219
2023-10-13,206.61273168037678
2023-10-14,215.267219
2023-10-15,204.8218099502426
2023-10-16,214.6600319574946
2023-10-17,210.78429103305857
2023-10-18,215.267219
2023-10-19,215.267219
2023-10-20,207.17071840076807
2023-10-21,200.6061352909085
2023-10-22,209.31401400312305
2023-10-23,200.02183208840555
2023-10-24,215.267219
2023-10-25,205.02161629738072
2023-10-26,200.54464937326495
2023-10-27,204.097712128163
2023-10-28,191.71129909260648
2023-10-29,193.8987983926232
2023-10-30,209.8128697940222
2023-10-31,194.89126157178887
2023-11-01,191.17837940307822
2023-11-02,202.54708876896512
2023-11-03,206.75334973224082
2023-11-04,202.4106843407201
2023-11-05,203.74393045750708
2023-11-06,189.53641286791463
2023-11-07,183.636425551289
2023-11-08,205.16947684045502
2023-11-09,190.37822461845957
2023-11-10,190.0759544105325
2023-11-11,201.28987089452139
2023-11-12,194.50873200269203
2023-11-13,192.85303467793094
2023-11-14,205.02644263657407
2023-11-15,182.63273299762196
2023-11-16,193.73005282623305
2023-11-17,186.13609841327593
2023-11-18,186.8110604193396
2023-11-19,195.4943143740004
2023-11-20,186.72381095057082
2023-11-21,185.98355444403674
2023-11-22,189.08716513908104
2023-11-23,177.1002090228399
2023-11-24,172.47209586004786
2023-11-25,169.89048010330254
2023-11-26,161.82432731624522
2023-11-27,191.56823381262757
2023-11-28,166.36895918080953
2023-11-29,172.07520825204918
2023-11-30,170.60335731523725
2023-12-01,174.0185794728059
2023-12-02,176.84696983180567
2023-12-03,176.12325427214685
2023-12-04,164.00978096708977
2023-12-05,166.11444060831093
2023-12-06,168.47214616041887
2023-12-07,163.32154477709997
2023-12-08,176.4272359919972
2023-12-09,166.7926053241569
2023-12-10,167.55903830386612
2023-12-11,165.90566564069235
2023-12-12,168.7054322587121
2023-12-13,160.00546579078537
2023-12-14,147.59014181860894
2023-12-15,159.45373132672486
2023-12-16,150.29913221857672
2023-12-17,150.12142855360887
2023-12-18,157.5323006243137
2023-12-19,161.40034407126666
2023-12-20,150.97227400803104
2023-12-21,152.05265037510105
2023-12-22,161.59171195796762
2023-12-23,149.2943174384827
2023-12-24,166.2355660909656
2023-12-25,149.54413953984013
2023-12-26,130.63521133579042
2023-12-27,148.7525773006663
2023-12-28,144.79462363172266
2023-12-29,150.63593232034054
2023-12-30,144.81392124878184
2023-12-31,137.50297014167742
2024-01-01,131.94100654394768
2024-01-02,138.81163830092586
2024-01-03,132.63352540508387
2024-01-04,133.64124597122853
2024-01-05,141.7375214518354
2024-01-06,149.14748241628988
2024-01-07,137.99670828023466
2024-01-08,124.36754130439228
2024-01-09,136.2005380596889
2024-01-10,141.04030902485613
2024-01-11,125.73008571526594
2024-01-12,128.40733713709673
2024-01-13,128.51531845051713
2024-01-14,121.15993419536036
2024-01-15,131.40365195261387
2024-01-16,124.30400144828145
2024-01-17,127.5317171020238
2024-01-18,116.21279600081289
2024-01-19,118.74631833100254
2024-01-20,126.88173887197541
2024-01-21,117.26052272154313
2024-01-22,132.82164255499328
2024-01-23,115.0953644708987
2024-01-24,119.05320647611198
2024-01-25,123.6806840804189
2024-01-26,104.22010942679891
2024-01-27,100.59539614440502
2024-01-28,101.53324385742957
2024-01-29,122.59796190734623
2024-01-30,107.41263788263284
2024-01-31,131.0380292192905
2024-02-01,105.57325186533731
2024-02-02,110.62158023469965
2024-02-03,120.47956908242712
2024-02-04,123.31122403275967
2024-02-05,122.9379189364391
2024-02-06,115.42080369835314
2024-02-07,113.18761288766898
2024-02-08,109.02129933518792
2024-02-09,109.73390698361759
2024-02-10,98.52265120770552
2024-02-11,95.69800892238638
2024-02-12,101.41228126446238
2024-02-13,99.40848439313494
2024-02-14,96.50494038694588
2024-02-15,104.9048914407687
2024-02-16,106.30382362484059
2024-02-17,98.84953246934646
2024-02-18,109.18621908428511
2024-02-19,87.95988615189327
2024-02-20,94.85547146640532
2024-02-21,90.17747395115428
2024-02-22,87.78968718000002
2024-02-23,94.11369315572607
2024-02-24,93.30253873421094
2024-02-25,105.70010326250784
2024-02-26,98.27881705894661
2024-02-27,87.78968718000002
2024-02-28,107.03653394911832
2024-02-29,101.63659220012445
2024-03-01,96.9755704242752
2024-03-02,90.15505029937499
2024-03-03,87.78968718000002
2024-03-04,88.17472423305801
2024-03-05,99.3030155897348
2024-03-06,105.21407898170598
2024-03-07,102.18884526407413
2024-03-08,87.78968718000002
2024-03-09,87.78968718000002
2024-03-10,90.27171313882633
2024-03-11,87.78968718000002
2024-03-12,91.2456678427544
2024-03-13,87.78968718000002
2024-03-14,87.78968718000002
2024-03-15,87.78968718000002
2024-03-16,92.10461238879613
2024-03-17,87.78968718000002
2024-03-18,87.78968718000002
2024-03-19,87.78968718000002
2024-03-20,87.78968718000002
2024-03-21,101.75322484622554
2024-03-22,100.89662384023588
2024-03-23,87.78968718000002
2024-03-24,87.78968718000002
2024-03-25,91.69792278202577
2024-03-26,87.78968718000002
2024-03-27,90.63202996083447
2024-03-28,94.45033148554765
2024-03-29,98.2651943241811
2024-03-30,88.01723273419124
2024-03-31,87.78968718000002
2024-04-01,87.78968718000002
2024-04-02,87.78968718000002
2024-04-03,88.08668110692054
2024-04-04,93.08970200696065
2024-04-05,97.74060414138611
2024-04-06,87.78968718000002
2024-04-07,103.0669536251296
2024-04-08,89.58678656706904
2024-04-09,91.99329024436047
2024-04-10,87.78968718000002
2024-04-11,87.78968718000002
2024-04-12,100.577539961452
2024-04-13,99.94580961534272
2024-04-14,92.47401966802366
2024-04-15,95.7899712619582
2024-04-16,99.92034283338583
2024-04-17,87.78968718000002
2024-04-18,92.93800201402092
2024-04-19,104.02085795945555
2024-04-20,88.55907409647298
2024-04-21,101.45241747275044
2024-04-22,89.17067189491407
2024-04-23,104.27260130811078
2024-04-24,101.07623640893051
2024-04-25,89.41115300355783
2024-04-26,112.11112970273352
2024-04-27,97.96504909208457
2024-04-28,98.20594825006982
2024-04-29,107.02560137172274
2024-04-30,115.36942834108122
2024-05-01,99.209338783908
2024-05-02,108.60929499622684
2024-05-03,112.43038409735445
2024-05-04,115.45869481965518
2024-05-05,112.3514499059916
2024-05-06,109.04996398340663
2024-05-07,106.41832213254885
2024-05-08,114.63052054115815
2024-05-09,106.53426563240583
2024-05-10,93.01024269459232
2024-05-11,120.52629534303207
2024-05-12,125.28421917917288
2024-05-13,100.6364973296402
2024-05-14,112.40276361069559
2024-05-15,126.35517936451468
2024-05-16,138.82021485641306
2024-05-17,123.92040475080475
2024-05-18,119.18058953360199
2024-05-19,124.64768147849809
2024-05-20,138.10559178195345
2024-05-21,123.38128813680613
2024-05-22,123.3828450581797
2024-05-23,127.09617575987201
2024-05-24,124.61985236776411
2024-05-25,134.33906007281388
2024-05-26,147.42491327256474
2024-05-27,138.43230778776316
2024-05-28,135.17040969934186
2024-05-29,136.14040749266533
2024-05-30,127.41343780002165
2024-05-31,147.98486226384156
2024-06-01,141.72011406521275
2024-06-02,142.22521922052573
2024-06-03,170.12527939696201
2024-06-04,148.6498404455723
2024-06-05,141.70745389412303
2024-06-06,145.61187091836263
2024-06-07,159.36520883230267
2024-06-08,152.56095392851188
2024-06-09,141.6933059005235
2024-06-10,161.62787334306304
2024-06-11,150.48653992138446
2024-06-12,171.87800369502625
2024-06-13,167.00016325760637
2024-06-14,156.341373640174
2024-06-15,171.3353371435276
2024-06-16,163.1565655797406
2024-06-17,170.7214211416495
2024-06-18,169.20384715103137
2024-06-19,160.09965493502105
2024-06-20,163.08076917236872
2024-06-21,177.64891421081526
2024-06-22,168.27963457189992
2024-06-23,169.1190719657007
2024-06-24,166.15507852878562
2024-06-25,178.396613052314
2024-06-26,192.68613541870616
2024-06-27,169.40047056298363
2024-06-28,179.37373527218782
2024-06-29,191.67774486173292
2024-06-30,181.28890132242216
2024-07-01,155.01204467232236
2024-07-02,143.98208707355002
2024-07-03,156.62762223254973
2024-07-04,152.67618602328088
2024-07-05,162.81039454276464
2024-07-06,165.28874675673651
2024-07-07,177.22116452753178
2024-07-08,162.26649881317718
2024-07-09,161.1424842359861
2024-07-10,160.97790110418515
2024-07-11,157.5293862687821
2024-07-12,163.83837613313332
2024-07-13,159.69818423249185
2024-07-14,164.20054232904877
2024-07-15,174.09550155679952
2024-07-16,156.61941338918405
2024-07-17,174.3580471523623
2024-07-18,176.57522271640593
2024-07-19,166.08148812831826
2024-07-20,151.10038149626936
2024-07-21,163.82679225225078
2024-07-22,179.6239406200914
2024-07-23,170.00694617156017
2024-07-24,163.08713291953853
2024-07-25,167.74761039060493
2024-07-26,179.10270450789187
2024-07-27,177.53339865423683
2024-07-28,172.0801385703491
2024-07-29,171.79952673611413
2024-07-30,172.32020527281136
2024-07-31,168.8464633960666
2024-08-01,189.53730169693893
2024-08-02,174.95727522042583
2024-08-03,187.7616806648772
2024-08-04,190.82262271447772
2024-08-05,187.35560850116565
2024-08-06,176.73202372755307
2024-08-07,183.94411185716072
2024-08-08,181.19172643797066
2024-08-09,174.8696774173034
2024-08-10,185.14018985151944
2024-08-11,173.878509917806
2024-08-12,193.0954079559454
2024-08-13,180.6356852275189
2024-08-14,186.42632685353234
2024-08-15,187.6057725647737
2024-08-16,183.8534251931884
2024-08-17,191.02168469048223
2024-08-18,183.15063606396467
2024-08-19,194.23608470261595
2024-08-20,177.23281964864873
2024-08-21,189.28481019078365
2024-08-22,204.00310493205055
2024-08-23,181.26993882134633
2024-08-24,184.22127253936597
2024-08-25,194.00531818824524
2024-08-26,191.75244603831968
2024-08-27,193.46668518519377
2024-08-28,194.9103191269441
2024-08-29,196.39419930909546
2024-08-30,200.45879978728595
2024-08-31,195.25227638039078
2024-09-01,190.41525364967802
2024-09-02,197.89235427422727
2024-09-03,207.82402139655042
2024-09-04,192.05770664637274
2024-09-05,185.65643464854446
2024-09-06,202.27278132282905
2024-09-07,192.80293765661006
2024-09-08,176.81912362299082
2024-09-09,200.78278668883956
2024-09-10,190.0427660171125
2024-09-11,193.68549512762144
2024-09-12,197.13696434086626
2024-09-13,196.1292182428544
2024-09-14,200.3089491896198
2024-09-15,191.36380718753415
2024-09-16,198.89684047595333
2024-09-17,192.85309132405177
2024-09-18,200.7464875024048
2024-09-19,199.78584045310498
2024-09-20,187.56374944192441
2024-09-21,203.46979530882058
2024-09-22,190.6554864738148
2024-09-23,201.1928726080017
2024-09-24,197.6528249109291
2024-09-25,209.15814021364713
2024-09-26,192.81627633223815
2024-09-27,191.70995488661794
2024-09-28,194.17853806487534
2024-09-29,191.7966883796476
2024-09-30,200.32582084947984
2024-10-01,207.6258070690027
2024-10-02,211.81721362184675
2024-10-03,211.44530208863776
2024-10-04,221.72523557000002
2024-10-05,221.72523557000002
2024-10-06,218.13775005009785
2024-10-07,217.29328265402208
2024-10-08,218.81903580767263
2024-10-09,221.72523557000002
2024-10-10,210.19211096363188
2024-10-11,218.96397615732536
2024-10-12,221.72523557000002
2024-10-13,220.15389577032335
2024-10-14,217.2322570819425
2024-10-15,221.72523557000002
2024-10-16,193.45224238321435
2024-10-17,219.5693661385634
2024-10-18,208.53674433317724
2024-10-19,198.71093911766624
2024-10-20,216.58770971066014
2024-10-21,221.72523557000002
2024-10-22,210.2790127874124
2024-10-23,218.24481100846614
2024-10-24,221.72523557000002
2024-10-25,219.79883183919168
2024-10-26,221.68618999428182
2024-10-27,213.92295282013498
2024-10-28,207.96499204232458
2024-10-29,194.02853444231354
2024-10-30,203.97476301908344
2024-10-31,198.51831322101444
2024-11-01,221.49935570771657
2024-11-02,202.2285796991942
2024-11-03,203.78936354330835
2024-11-04,206.3537367975884
2024-11-05,201.52848659350795
2024-11-06,213.70190549464846
2024-11-07,194.59062998628005
2024-11-08,200.16505120452518
2024-11-09,191.90483613427864
2024-11-10,186.46442880462592
2024-11-11,191.14184102050794
2024-11-12,194.75508910171988
2024-11-13,190.73784737474608
2024-11-14,187.72643165983186
2024-11-15,181.1521498768948
2024-11-16,190.6162475660973
2024-11-17,178.44423913590109
2024-11-18,195.30515882966128
2024-11-19,188.9740166324831
2024-11-20,175.8386528461107
2024-11-21,183.87384211226956
2024-11-22,179.3626072529326
2024-11-23,186.77265991786948
2024-11-24,193.7796096794517
2024-11-25,167.39745684635207
2024-11-26,182.02156620569912
2024-11-27,178.79010699517076
2024-11-28,184.26981901159965
2024-11-29,179.58203147235216
2024-11-30,170.89277747647705
2024-12-01,173.21185688304945
2024-12-02,168.3561196531281
2024-12-03,182.00127455306279
2024-12-04,172.5824576933739
2024-12-05,186.2786350427385
2024-12-06,169.70259953224095
2024-12-07,163.4752554255326
2024-12-08,156.00231485600764
2024-12-09,152.58988235666928
2024-12-10,153.17957193419673
2024-12-11,166.6258828658371
2024-12-12,167.3874617192515
2024-12-13,149.77750809277285
2024-12-14,168.13999164434892
2024-12-15,156.1340353559896
2024-12-16,159.94632833482657
2024-12-17,170.3405442055686
2024-12-18,163.552268708325
2024-12-19,153.21821752932763
2024-12-20,147.1597570431024
2024-12-21,136.0752475579736
2024-12-22,146.21046441395134
2024-12-23,149.06170960582088
2024-12-24,141.79750632392535
2024-12-25,147.39242955025873
2024-12-26,147.88538849858276
2024-12-27,144.36394077979443
2024-12-28,139.87252825918074
2024-12-29,145.1833943291945
2024-12-30,146.2007499164369
2024-12-31,132.99593932448113
