Date,Turbidity (Devprayag) (NTU)
2020-01-01,2.7313390967261006
2020-01-02,2.5942345905018853
2020-01-03,2.741354305481771
2020-01-04,2.9063926629930434
2020-01-05,2.5449700294185282
2020-01-06,2.535034203490634
2020-01-07,2.8878148715373837
2020-01-08,2.7156227212690855
2020-01-09,2.4584600334782913
2020-01-10,2.6511446211147525
2020-01-11,2.440288222999647
2020-01-12,2.4302292701635695
2020-01-13,2.562238288319327
2020-01-14,2.1217303757790678
2020-01-15,2.1500162295156606
2020-01-16,2.3732312235415085
2020-01-17,2.27388975982804
2020-01-18,2.5301537619147365
2020-01-19,2.276631560630544
2020-01-20,2.1667941716654764
2020-01-21,2.733492319174799
2020-01-22,2.3864067110055327
2020-01-23,2.436361377813194
2020-01-24,2.1292968053112027
2020-01-25,2.2968600943523687
2020-01-26,2.419513366566489
2020-01-27,2.1588268465805855
2020-01-28,2.4559688436911378
2020-01-29,2.2526145732587386
2020-01-30,2.3064284220994065
2020-01-31,2.236564863228669
2020-02-01,2.7196173183736674
2020-02-02,2.338836509366203
2020-02-03,2.1224890780766335
2020-02-04,2.491158816356331
2020-02-05,2.0752251218002185
2020-02-06,2.3540381865490585
2020-02-07,1.9133327687148873
2020-02-08,2.032762693701109
2020-02-09,2.331039079499499
2020-02-10,2.4327628911788572
2020-02-11,2.312883743190765
2020-02-12,2.2491606252527823
2020-02-13,2.205891293089575
2020-02-14,1.9643727710589647
2020-02-15,2.1102186390867126
2020-02-16,2.1563169581568604
2020-02-17,2.454275010831945
2020-02-18,2.306130356063796
2020-02-19,1.879506692097506
2020-02-20,2.2917930026533657
2020-02-21,2.144976221532615
2020-02-22,2.081781206361112
2020-02-23,2.334831683327228
2020-02-24,2.414186423104379
2020-02-25,2.38989324576671
2020-02-26,2.031606319719836
2020-02-27,2.1335830915139007
2020-02-28,2.257818327657925
2020-02-29,2.382980217647213
2020-03-01,2.0885084663966893
2020-03-02,2.143851256659934
2020-03-03,1.9565244072205268
2020-03-04,1.935527984991488
2020-03-05,2.33442283534035
2020-03-06,2.440485335899726
2020-03-07,2.152327057706496
2020-03-08,2.3651002491989837
2020-03-09,2.2345589900222325
2020-03-10,2.0312201178909857
2020-03-11,2.2307102311233846
2020-03-12,2.4644007591537895
2020-03-13,2.148166353781937
2020-03-14,2.4669746216023527
2020-03-15,1.6289877925216325
2020-03-16,2.3163851598225427
2020-03-17,2.168659117128399
2020-03-18,2.090870700555806
2020-03-19,2.1686243868946864
2020-03-20,1.7525362218869787
2020-03-21,2.1060711785907835
2020-03-22,2.2215614131144146
2020-03-23,2.446028802204493
2020-03-24,2.047284703651932
2020-03-25,1.989906295556469
2020-03-26,2.0520971935947854
2020-03-27,2.3365496794040435
2020-03-28,2.2204168962811774
2020-03-29,2.0500884621941804
2020-03-30,2.2602438211862794
2020-03-31,2.178731219818353
2020-04-01,2.3549451159436123
2020-04-02,2.0228803763211354
2020-04-03,2.100007297576994
2020-04-04,2.089540016262664
2020-04-05,1.8778530477806634
2020-04-06,2.2325461850895345
2020-04-07,2.2284701584808344
2020-04-08,2.1803887815514
2020-04-09,2.1357247408686852
2020-04-10,1.9030122168247798
2020-04-11,2.105568598153173
2020-04-12,2.124932086547128
2020-04-13,2.0369617735256953
2020-04-14,2.169266064755598
2020-04-15,2.2866018836813264
2020-04-16,2.58745865845076
2020-04-17,2.2497267546906388
2020-04-18,2.2710695721785346
2020-04-19,2.2095757937602207
2020-04-20,1.8457719441024332
2020-04-21,2.2294388499446747
2020-04-22,2.2521557870716884
2020-04-23,2.7382773791163704
2020-04-24,2.212825431224291
2020-04-25,2.3174235364852738
2020-04-26,2.2561342106545346
2020-04-27,2.0354477395712873
2020-04-28,2.503997168848938
2020-04-29,2.432209095894889
2020-04-30,2.4465574932782466
2020-05-01,2.1131390239539147
2020-05-02,2.582375609569287
2020-05-03,2.0283795736631522
2020-05-04,2.4331849957825065
2020-05-05,2.761097151792931
2020-05-06,2.132217738742874
2020-05-07,2.2245087937452452
2020-05-08,2.3652641017177607
2020-05-09,2.252324098231393
2020-05-10,2.0506895771657847
2020-05-11,2.382453214427099
2020-05-12,2.1643112081902585
2020-05-13,2.4796323640579607
2020-05-14,2.2092791409767814
2020-05-15,2.7115067169312272
2020-05-16,2.253328287758082
2020-05-17,2.3541265088582928
2020-05-18,2.589900340550954
2020-05-19,2.189777772293879
2020-05-20,2.490289420609563
2020-05-21,2.715163220760499
2020-05-22,2.1412630490182814
2020-05-23,2.50879660916475
2020-05-24,2.533038953805438
2020-05-25,2.6466992188252036
2020-05-26,2.2522936962569933
2020-05-27,2.245015883859561
2020-05-28,2.622990269377215
2020-05-29,2.5875622089122334
2020-05-30,2.587892896763352
2020-05-31,2.616775902142927
2020-06-01,2.4212332586688827
2020-06-02,2.6134980046384273
2020-06-03,2.6355250349313706
2020-06-04,2.443954821874263
2020-06-05,2.9699429251592386
2020-06-06,2.7015629245787873
2020-06-07,2.378586392756971
2020-06-08,2.7582480218055943
2020-06-09,2.442127640048589
2020-06-10,2.8046410342396038
2020-06-11,2.889133823402912
2020-06-12,2.5034962730616988
2020-06-13,2.870550398909253
2020-06-14,2.7706951669188387
2020-06-15,2.8628331527564304
2020-06-16,3.0880771404493976
2020-06-17,2.6699505764654736
2020-06-18,2.5785998001548545
2020-06-19,2.5617691003813943
2020-06-20,2.586837943006912
2020-06-21,2.74490767181068
2020-06-22,2.8388833619369764
2020-06-23,2.836309960199956
2020-06-24,2.9567181058885965
2020-06-25,2.804179257618049
2020-06-26,3.1025678338999243
2020-06-27,2.7691934602920205
2020-06-28,3.3764010965858824
2020-06-29,2.96771876195157
2020-06-30,2.6813443752256303
2020-07-01,2.648757526293724
2020-07-02,2.969557182969808
2020-07-03,2.8384603507373285
2020-07-04,3.0360037584219883
2020-07-05,2.997859501984421
2020-07-06,2.8986091119890887
2020-07-07,2.753730716114684
2020-07-08,2.6299832898566007
2020-07-09,2.8534588066020143
2020-07-10,3.123793498621162
2020-07-11,3.0050244221318634
2020-07-12,2.7226869699920058
2020-07-13,3.0160342289164004
2020-07-14,3.0679562694693514
2020-07-15,2.823544674327163
2020-07-16,3.040410376719364
2020-07-17,3.030579348733446
2020-07-18,2.7995361029755856
2020-07-19,3.1087977761391294
2020-07-20,3.158422235369633
2020-07-21,3.2718128149463177
2020-07-22,3.2748097748263105
2020-07-23,2.7972692293315617
2020-07-24,2.893896179917547
2020-07-25,3.193028107216402
2020-07-26,3.2012373542547223
2020-07-27,3.2098455494376674
2020-07-28,3.88563242020002
2020-07-29,3.237406151203154
2020-07-30,3.358372508570226
2020-07-31,3.329978089319629
2020-08-01,3.2772590212065262
2020-08-02,3.091612322371698
2020-08-03,3.3140255044328537
2020-08-04,3.0151099533234738
2020-08-05,3.1296302520210633
2020-08-06,3.087113713411727
2020-08-07,3.2076250416556555
2020-08-08,3.6611149659526347
2020-08-09,2.831530446568787
2020-08-10,3.348900934205265
2020-08-11,2.8956343364045347
2020-08-12,3.1301810208961793
2020-08-13,3.448606772298279
2020-08-14,3.249779439223509
2020-08-15,3.0273369763955875
2020-08-16,3.105641633967491
2020-08-17,3.3902905931676215
2020-08-18,3.1138169285730894
2020-08-19,3.3085500928818767
2020-08-20,3.2795881808185205
2020-08-21,3.1452149535653824
2020-08-22,3.7092293238310834
2020-08-23,3.411972612339331
2020-08-24,2.8847500044598244
2020-08-25,3.331499150635467
2020-08-26,3.166119499957522
2020-08-27,3.473069439589225
2020-08-28,3.148020862460978
2020-08-29,3.287355049000375
2020-08-30,3.4149110905612288
2020-08-31,3.49050887129031
2020-09-01,3.0805746283659365
2020-09-02,3.2568406487869535
2020-09-03,3.231688808091189
2020-09-04,3.19877811607817
2020-09-05,3.6851292011671233
2020-09-06,3.4154566152956436
2020-09-07,3.084532214036385
2020-09-08,3.5223562715739205
2020-09-09,3.765115529453782
2020-09-10,3.5489027175466212
2020-09-11,3.040085503861609
2020-09-12,3.2484865110775085
2020-09-13,3.5999129739736953
2020-09-14,3.206017504564551
2020-09-15,3.437158869494139
2020-09-16,3.503988063379206
2020-09-17,3.1641639124281933
2020-09-18,3.337956029975574
2020-09-19,2.7017409758278994
2020-09-20,3.1450724669259844
2020-09-21,3.2992141381337823
2020-09-22,3.09977119295805
2020-09-23,3.6752325573055624
2020-09-24,3.0619670654603754
2020-09-25,3.2590542893210213
2020-09-26,3.3721022250176667
2020-09-27,3.632923096209296
2020-09-28,3.0560341239035163
2020-09-29,3.5742016404092896
2020-09-30,3.3418025433919065
2020-10-01,3.1414664847777036
2020-10-02,3.4280270252320753
2020-10-03,3.3730828570921307
2020-10-04,3.2107192943826797
2020-10-05,3.3420427461364928
2020-10-06,3.2481679708200257
2020-10-07,3.344912067028517
2020-10-08,3.4514430829115117
2020-10-09,3.6328600492633227
2020-10-10,3.064565708011889
2020-10-11,3.735041033554041
2020-10-12,2.9141568734113554
2020-10-13,3.2701931566285194
2020-10-14,3.414026219353445
2020-10-15,3.348211854941817
2020-10-16,3.162963670476827
2020-10-17,3.241209943506241
2020-10-18,3.1794071354523545
2020-10-19,3.1551508398367507
2020-10-20,3.4378056962341517
2020-10-21,3.3339963990429053
2020-10-22,3.1185675153597074
2020-10-23,3.431475262737832
2020-10-24,3.3072724234096675
2020-10-25,3.4024952546353413
2020-10-26,3.3598137361772893
2020-10-27,3.061910716085155
2020-10-28,3.109353705007835
2020-10-29,3.3643891458448767
2020-10-30,3.3304072207610185
2020-10-31,3.1974197777263753
2020-11-01,3.218198683170914
2020-11-02,3.443267511609577
2020-11-03,3.062291870438411
2020-11-04,3.282769642298314
2020-11-05,3.1255302056454077
2020-11-06,3.114927805040766
2020-11-07,3.370593688925558
2020-11-08,3.308177084123057
2020-11-09,3.297934755142066
2020-11-10,3.3883534501883665
2020-11-11,3.1233715283045482
2020-11-12,3.247365032193946
2020-11-13,3.0406178000567925
2020-11-14,3.159096631240283
2020-11-15,3.059724946572569
2020-11-16,3.096543456122934
2020-11-17,3.1874694339845426
2020-11-18,2.895993297962817
2020-11-19,3.4692225432045576
2020-11-20,2.8405601479652733
2020-11-21,2.789857982046772
2020-11-22,3.255166190805089
2020-11-23,3.172643809402884
2020-11-24,3.1298241673921634
2020-11-25,3.121282677142229
2020-11-26,2.983704811424497
2020-11-27,2.7971739048252124
2020-11-28,2.982189150076606
2020-11-29,2.821935045300018
2020-11-30,3.142669036018268
2020-12-01,2.9084527482610683
2020-12-02,2.762928252205592
2020-12-03,2.853861236788931
2020-12-04,2.990785586491929
2020-12-05,2.785468397727766
2020-12-06,2.723739323025081
2020-12-07,2.92684999156226
2020-12-08,2.9169970480978904
2020-12-09,2.756471316361111
2020-12-10,2.7534765466394453
2020-12-11,2.8838895056234524
2020-12-12,2.5376320381720836
2020-12-13,2.535502649397706
2020-12-14,2.663033205639832
2020-12-15,2.7537424571977085
2020-12-16,2.8483094795390764
2020-12-17,3.070884583192629
2020-12-18,2.9370229887766834
2020-12-19,2.7231764921405275
2020-12-20,2.7410325602862495
2020-12-21,2.5340030629361587
2020-12-22,2.7204840329988036
2020-12-23,2.6561403057964967
2020-12-24,2.76811182452754
2020-12-25,2.5278317613992156
2020-12-26,2.7868738985752177
2020-12-27,2.979298876128967
2020-12-28,2.6407684521567036
2020-12-29,2.7326581366566782
2020-12-30,2.780168846906885
2020-12-31,2.5517521717466867
2021-01-01,2.7768147624859374
2021-01-02,2.7244059308924813
2021-01-03,2.731351817571399
2021-01-04,2.547184734940345
2021-01-05,2.6967027392149845
2021-01-06,2.7814612531295606
2021-01-07,2.962201029994914
2021-01-08,2.8539899406555453
2021-01-09,3.0829914021675933
2021-01-10,2.48916309981995
2021-01-11,2.807435888906275
2021-01-12,2.660043622025291
2021-01-13,3.0518064206496547
2021-01-14,2.442726767639597
2021-01-15,2.427055427582112
2021-01-16,2.465810200300899
2021-01-17,2.1516768390329633
2021-01-18,2.4621532910595296
2021-01-19,2.406409843424046
2021-01-20,2.579333669227776
2021-01-21,2.6087137605459203
2021-01-22,2.9067961389460173
2021-01-23,2.712940504512819
2021-01-24,2.398865711421413
2021-01-25,2.326053704987734
2021-01-26,2.595712682925817
2021-01-27,2.224978920660918
2021-01-28,2.8471209931928745
2021-01-29,2.708630335386757
2021-01-30,2.3709320416371207
2021-01-31,2.114279279856373
2021-02-01,2.7199361563049624
2021-02-02,2.418627985263267
2021-02-03,2.6815945262625056
2021-02-04,2.10776430217682
2021-02-05,2.2995188472036685
2021-02-06,2.413314207491744
2021-02-07,2.414662912243791
2021-02-08,2.308386809184946
2021-02-09,2.516236818795174
2021-02-10,2.1715454893032566
2021-02-11,2.3501341899485126
2021-02-12,2.3963494080728105
2021-02-13,2.4689997990191825
2021-02-14,2.5024001447502284
2021-02-15,2.1292590623980807
2021-02-16,2.0416218782016933
2021-02-17,2.598385929967864
2021-02-18,2.4038695005460218
2021-02-19,2.182417415858742
2021-02-20,2.6372066038789113
2021-02-21,2.3451276044744502
2021-02-22,2.553025043235069
2021-02-23,2.3260001218410764
2021-02-24,2.7201361035815865
2021-02-25,2.6547053904321114
2021-02-26,2.249656994668549
2021-02-27,2.489739756875015
2021-02-28,2.420640831294242
2021-03-01,2.561597503729211
2021-03-02,2.0913586218497264
2021-03-03,2.4181933439923853
2021-03-04,2.48947629939165
2021-03-05,1.9230214125229994
2021-03-06,2.0352659683283556
2021-03-07,1.8613908946335413
2021-03-08,2.2128477151336514
2021-03-09,2.4079021207797715
2021-03-10,2.5627031954319115
2021-03-11,2.2750630248959656
2021-03-12,2.5841542191359603
2021-03-13,1.9807731542176172
2021-03-14,1.9146550737328965
2021-03-15,2.242936350660228
2021-03-16,2.329749903127443
2021-03-17,2.245465709328679
2021-03-18,1.8377612834727894
2021-03-19,2.232848162746422
2021-03-20,1.9893783314866151
2021-03-21,2.383984514573165
2021-03-22,2.3233252053776554
2021-03-23,2.0621629415465943
2021-03-24,2.147676609788851
2021-03-25,2.0390960429288714
2021-03-26,2.239069196680472
2021-03-27,2.4434770664119405
2021-03-28,2.05632404659652
2021-03-29,2.3554759774528096
2021-03-30,2.1499889792731
2021-03-31,2.0990157681111397
2021-04-01,2.237909637957833
2021-04-02,2.0541676533531597
2021-04-03,2.1525611340271698
2021-04-04,2.0259641483787783
2021-04-05,2.6609066734723736
2021-04-06,2.277608747801433
2021-04-07,2.1333770280781024
2021-04-08,2.319055086191701
2021-04-09,2.2569004802847417
2021-04-10,2.23844824763707
2021-04-11,2.408919705243548
2021-04-12,2.441199204715706
2021-04-13,2.1873747603303766
2021-04-14,2.182253579241083
2021-04-15,2.246512867658471
2021-04-16,1.8454074793713016
2021-04-17,2.0071832657689432
2021-04-18,2.588186045613176
2021-04-19,2.6485530367342385
2021-04-20,2.2746577690021788
2021-04-21,2.4448375797733948
2021-04-22,2.3969916559432254
2021-04-23,2.955885906774531
2021-04-24,2.5695439389062287
2021-04-25,2.3257141058843622
2021-04-26,2.166005979898466
2021-04-27,2.0417873005440685
2021-04-28,2.4098760742686385
2021-04-29,2.224162456889073
2021-04-30,2.097371747438
2021-05-01,2.259036527021132
2021-05-02,2.1787069141899837
2021-05-03,2.73924507439658
2021-05-04,2.5850777376114986
2021-05-05,2.414219048759129
2021-05-06,2.7189948544089404
2021-05-07,2.4457986652985353
2021-05-08,2.265511499400147
2021-05-09,2.749958644154164
2021-05-10,2.5608012377915648
2021-05-11,2.25337303251372
2021-05-12,2.430672883849172
2021-05-13,2.301648300258528
2021-05-14,2.2083539317380567
2021-05-15,2.6783994973298704
2021-05-16,2.883403164021746
2021-05-17,2.2302654314615014
2021-05-18,2.6311326594375424
2021-05-19,2.397068383252655
2021-05-20,2.438525558827731
2021-05-21,2.4263186488409634
2021-05-22,2.3809365159680502
2021-05-23,2.572464021519492
2021-05-24,2.405679814176082
2021-05-25,2.6351537601117214
2021-05-26,2.5802870225799137
2021-05-27,2.551894229059328
2021-05-28,2.427594474068097
2021-05-29,2.503247690140169
2021-05-30,2.7792435194307474
2021-05-31,2.7379777642190533
2021-06-01,2.4519752112838216
2021-06-02,2.677104664070426
2021-06-03,2.8173246898805844
2021-06-04,2.34302948404736
2021-06-05,2.795497143955524
2021-06-06,2.5642632711411184
2021-06-07,2.8209160741150616
2021-06-08,2.5641952608889973
2021-06-09,2.3659608799459244
2021-06-10,2.411555486517421
2021-06-11,2.75684110282339
2021-06-12,2.809359207945728
2021-06-13,2.5867694117111593
2021-06-14,2.905593664815863
2021-06-15,2.4558349690777472
2021-06-16,2.785205161028069
2021-06-17,2.566515303966117
2021-06-18,2.6886609781056157
2021-06-19,2.8388267672896355
2021-06-20,2.667589313249709
2021-06-21,2.773088891154035
2021-06-22,3.061586575536389
2021-06-23,2.755274593069018
2021-06-24,3.0481102227469807
2021-06-25,2.6653400851498685
2021-06-26,3.0075397148255245
2021-06-27,3.200174742600041
2021-06-28,2.4277959269141536
2021-06-29,2.772988212173863
2021-06-30,3.0579997178346767
2021-07-01,2.912166809300288
2021-07-02,3.0371652005802083
2021-07-03,2.852265662578007
2021-07-04,3.0004708652970793
2021-07-05,2.962068212525154
2021-07-06,3.2367683894016737
2021-07-07,3.064059063180706
2021-07-08,3.090609992143406
2021-07-09,2.95057734156928
2021-07-10,2.9452405522009197
2021-07-11,2.966002102192544
2021-07-12,3.1410961017814825
2021-07-13,2.987637829570351
2021-07-14,3.1393530151254465
2021-07-15,3.5059729532526718
2021-07-16,3.2745411022537283
2021-07-17,3.0444606490966906
2021-07-18,3.3591803894770353
2021-07-19,3.0465150879374
2021-07-20,2.729615397033902
2021-07-21,2.9446480679125053
2021-07-22,2.7810441821060916
2021-07-23,3.0937466676110685
2021-07-24,3.1764867787608897
2021-07-25,3.5167486503556282
2021-07-26,3.2554065285275033
2021-07-27,3.1546600583105078
2021-07-28,3.372717128413156
2021-07-29,2.7728590602674985
2021-07-30,3.2703509606862338
2021-07-31,3.3854324193115
2021-08-01,2.9434604874650203
2021-08-02,3.4757315795867525
2021-08-03,3.3223654527986506
2021-08-04,3.17917407755404
2021-08-05,3.396231369452245
2021-08-06,3.7311325449299435
2021-08-07,3.3205596739892465
2021-08-08,3.3408943310384585
2021-08-09,3.2063110727098842
2021-08-10,3.1350146111941792
2021-08-11,3.477716059439212
2021-08-12,3.146960745460692
2021-08-13,3.3388806414979446
2021-08-14,3.2352851635517825
2021-08-15,3.432719400553695
2021-08-16,3.409618353038838
2021-08-17,3.5562103646710645
2021-08-18,3.2523677636097377
2021-08-19,3.3059152678578423
2021-08-20,3.1695056318090202
2021-08-21,3.281615160822536
2021-08-22,3.4509951216955157
2021-08-23,3.5318382292950883
2021-08-24,3.200755743040204
2021-08-25,3.563699705812478
2021-08-26,3.6653358594425716
2021-08-27,3.4811637735559406
2021-08-28,3.777941935141594
2021-08-29,3.251767170326803
2021-08-30,3.161371396631472
2021-08-31,3.058169584984282
2021-09-01,3.716566694754122
2021-09-02,3.5515070410479037
2021-09-03,3.4126239617730523
2021-09-04,3.482671595587344
2021-09-05,3.204346153133238
2021-09-06,3.9211887490342696
2021-09-07,3.460304509498498
2021-09-08,3.458587963824373
2021-09-09,3.583937206942704
2021-09-10,3.5368861363985977
2021-09-11,3.487186470292218
2021-09-12,3.2858646059633494
2021-09-13,3.5396269970779586
2021-09-14,3.822935643431378
2021-09-15,3.716635406919303
2021-09-16,3.7670323091927727
2021-09-17,3.3468181174071017
2021-09-18,3.251629042692094
2021-09-19,3.424703717168005
2021-09-20,3.461139426299453
2021-09-21,3.6687882988870326
2021-09-22,3.1112348424694503
2021-09-23,3.7552378932431427
2021-09-24,3.4171487168034376
2021-09-25,3.362619127063018
2021-09-26,3.244642311608385
2021-09-27,3.1149827751872943
2021-09-28,3.609302555188455
2021-09-29,3.457870147577085
2021-09-30,3.1835767100300876
2021-10-01,3.180740176775266
2021-10-02,3.370611275129268
2021-10-03,3.7694106354372994
2021-10-04,3.3813526477047158
2021-10-05,3.130134079190817
2021-10-06,3.3789337163213005
2021-10-07,3.370685976242844
2021-10-08,2.882831269389953
2021-10-09,3.4081579747037405
2021-10-10,3.3694697799925173
2021-10-11,3.5513700807399426
2021-10-12,3.778225577611857
2021-10-13,3.6298874392254077
2021-10-14,3.34677243752467
2021-10-15,3.175057596308195
2021-10-16,3.9066854420447825
2021-10-17,3.3993472612438427
2021-10-18,3.385620251960285
2021-10-19,3.373182304962121
2021-10-20,3.412640743379164
2021-10-21,3.339013194445158
2021-10-22,3.247860900473849
2021-10-23,3.2477776461637595
2021-10-24,3.3450046336079824
2021-10-25,3.237127565007593
2021-10-26,3.1973536743321165
2021-10-27,3.355174013330946
2021-10-28,3.2767142747853986
2021-10-29,3.622188510763767
2021-10-30,2.7847364631416216
2021-10-31,3.526634538058818
2021-11-01,3.5508171350187308
2021-11-02,2.8800551600275273
2021-11-03,3.219197013635823
2021-11-04,3.206317975006419
2021-11-05,2.9918478271207425
2021-11-06,3.110405398614011
2021-11-07,3.0363488765930438
2021-11-08,3.6012924072128447
2021-11-09,3.4302294929549433
2021-11-10,3.48954384694077
2021-11-11,3.3715921015661476
2021-11-12,2.993360405734551
2021-11-13,3.1060703846789988
2021-11-14,3.3005460636210677
2021-11-15,2.9498377989642055
2021-11-16,3.3283532434805836
2021-11-17,3.1290791834927636
2021-11-18,3.09347386738724
2021-11-19,3.3018294282502096
2021-11-20,3.2395977503646733
2021-11-21,3.069570391101398
2021-11-22,3.3645616652771677
2021-11-23,2.9073313505850957
2021-11-24,3.23749839199915
2021-11-25,3.2236204555754093
2021-11-26,3.0337042874265747
2021-11-27,3.151380770442304
2021-11-28,2.8264020638453182
2021-11-29,3.251833642279241
2021-11-30,3.0203869603138425
2021-12-01,2.9431004852309104
2021-12-02,3.2476660697288744
2021-12-03,2.8871589534555424
2021-12-04,2.7364461458468177
2021-12-05,2.6968734609320233
2021-12-06,3.1194152985576897
2021-12-07,2.7320975316391105
2021-12-08,3.329071385660751
2021-12-09,2.5516178522994015
2021-12-10,3.2971512250933452
2021-12-11,2.9898877012036342
2021-12-12,2.9181368957778466
2021-12-13,2.818265089109759
2021-12-14,2.996822627143431
2021-12-15,2.89919510940535
2021-12-16,3.117092263943382
2021-12-17,2.9089734961518836
2021-12-18,2.905873692095094
2021-12-19,2.792768621693509
2021-12-20,2.8437750733889997
2021-12-21,2.906396155645199
2021-12-22,2.492475257332395
2021-12-23,2.5545495757761394
2021-12-24,2.962524852385067
2021-12-25,2.8377412000855107
2021-12-26,2.7564812828391445
2021-12-27,2.786691382340062
2021-12-28,2.8422674346007857
2021-12-29,2.654568545786203
2021-12-30,2.5966548471564277
2021-12-31,2.781309099584199
2022-01-01,2.6363217106008476
2022-01-02,2.9035380018790167
2022-01-03,2.471299877014064
2022-01-04,3.0076178191765672
2022-01-05,2.8863202008458044
2022-01-06,2.8330675417432456
2022-01-07,2.9685105052250083
2022-01-08,3.0952306643310195
2022-01-09,2.955228923668908
2022-01-10,2.3744577661312305
2022-01-11,2.477056368214999
2022-01-12,2.5984115053384853
2022-01-13,2.719064044048287
2022-01-14,2.807918228804452
2022-01-15,2.5498510333875744
2022-01-16,2.7230420822851187
2022-01-17,2.52537939742426
2022-01-18,2.5450007347972923
2022-01-19,2.3769041563651414
2022-01-20,2.464608262710354
2022-01-21,2.3700256442672214
2022-01-22,2.4363873205073734
2022-01-23,2.8335840961971774
2022-01-24,2.4243666647875055
2022-01-25,3.1322130522248837
2022-01-26,2.695992428800694
2022-01-27,2.625992786804021
2022-01-28,2.409157683985761
2022-01-29,2.712804287124298
2022-01-30,2.449639606810507
2022-01-31,2.581308148603621
2022-02-01,3.061178589125639
2022-02-02,2.5223239743688604
2022-02-03,2.7638859291249487
2022-02-04,2.386014548910516
2022-02-05,2.5123961536950308
2022-02-06,2.8664255946752095
2022-02-07,2.379873381933289
2022-02-08,2.860889615080181
2022-02-09,2.63321721941677
2022-02-10,2.372576220000922
2022-02-11,2.6050916347638755
2022-02-12,2.6668011716557767
2022-02-13,2.5904740246508724
2022-02-14,2.146032225154359
2022-02-15,2.308760045600681
2022-02-16,2.398940985238517
2022-02-17,2.4279638797681526
2022-02-18,2.5615411176602394
2022-02-19,2.467654923356704
2022-02-20,2.1599073370323865
2022-02-21,2.498032247817071
2022-02-22,2.5392827554790687
2022-02-23,2.5244545151452624
2022-02-24,2.6241426637161136
2022-02-25,2.5704216528532515
2022-02-26,2.4912858402100513
2022-02-27,2.3813924243924145
2022-02-28,2.0593734546740143
2022-03-01,2.4737948360492585
2022-03-02,2.42588085139837
2022-03-03,2.435298819431772
2022-03-04,2.1224416868576705
2022-03-05,2.15855800172597
2022-03-06,2.5825482415280914
2022-03-07,2.361326299414231
2022-03-08,2.503029221497088
2022-03-09,2.3700573448466713
2022-03-10,2.368183012911855
2022-03-11,2.54790083000721
2022-03-12,2.2552221643782273
2022-03-13,2.3760176012487926
2022-03-14,2.262876503862919
2022-03-15,2.2671466449530886
2022-03-16,2.2911023886458537
2022-03-17,2.3964314132742404
2022-03-18,2.2554999791480697
2022-03-19,2.601823395763684
2022-03-20,2.1713507711436852
2022-03-21,2.3126756759748854
2022-03-22,2.262059344503451
2022-03-23,2.639534475682812
2022-03-24,2.389760948558505
2022-03-25,2.557307655200389
2022-03-26,2.0544929415277124
2022-03-27,2.405858655485545
2022-03-28,2.5313954149883164
2022-03-29,2.3711234722043257
2022-03-30,2.5691365779606583
2022-03-31,2.254132644543534
2022-04-01,2.6411851979858607
2022-04-02,2.8209957425608847
2022-04-03,2.290723283008674
2022-04-04,2.2764392226163936
2022-04-05,2.658638542312636
2022-04-06,2.6864704665532297
2022-04-07,2.268750124245966
2022-04-08,2.2922217406256853
2022-04-09,2.3230091684508065
2022-04-10,2.1137520653368593
2022-04-11,2.202355975938023
2022-04-12,2.1888695093558312
2022-04-13,2.2399154768316563
2022-04-14,2.3904802498926627
2022-04-15,2.4483661535961043
2022-04-16,2.715891810881234
2022-04-17,2.2105506700608957
2022-04-18,2.611675671819588
2022-04-19,2.3767617251888797
2022-04-20,2.414572234982968
2022-04-21,2.5644900855955624
2022-04-22,2.2101972207220584
2022-04-23,2.5165916943202937
2022-04-24,2.4789193982619246
2022-04-25,2.5497878769821454
2022-04-26,2.514947796800115
2022-04-27,2.954136592577762
2022-04-28,2.341635350244931
2022-04-29,2.3692332149455706
2022-04-30,2.357194384072582
2022-05-01,2.3772556800375866
2022-05-02,2.3675390894515593
2022-05-03,2.7396200536035775
2022-05-04,2.7928506358195797
2022-05-05,2.4016643182725574
2022-05-06,2.3565349120100896
2022-05-07,2.6246081150462923
2022-05-08,2.4273237308096056
2022-05-09,2.671920192251335
2022-05-10,2.593603833224893
2022-05-11,2.257673440379565
2022-05-12,2.878241659731906
2022-05-13,2.9359474855545837
2022-05-14,2.462356139834047
2022-05-15,2.5156236758363453
2022-05-16,2.6586929140727005
2022-05-17,2.6768703042227346
2022-05-18,2.750247666633994
2022-05-19,3.02923780483029
2022-05-20,2.6005611900818604
2022-05-21,2.485137984781047
2022-05-22,2.377870824301108
2022-05-23,2.516573687942143
2022-05-24,2.66524444288353
2022-05-25,3.039973967659311
2022-05-26,2.5868123846625073
2022-05-27,2.7444414287603895
2022-05-28,2.705822627261866
2022-05-29,2.9562806109434527
2022-05-30,3.2335517594403207
2022-05-31,2.631620572110113
2022-06-01,2.6495983717398874
2022-06-02,2.9660703783983955
2022-06-03,2.903425563131489
2022-06-04,3.1462520054188414
2022-06-05,2.9036107425447297
2022-06-06,2.7249296047728757
2022-06-07,2.924927306534892
2022-06-08,3.0385878083140825
2022-06-09,2.9910337363183013
2022-06-10,2.9385187803155133
2022-06-11,3.0605590514089442
2022-06-12,3.091273825690566
2022-06-13,3.1440645349395466
2022-06-14,3.007617150578317
2022-06-15,2.8547153654681683
2022-06-16,2.9277638580441967
2022-06-17,3.1500203372202797
2022-06-18,2.755641065468601
2022-06-19,3.003081694800933
2022-06-20,2.861004223841027
2022-06-21,2.9557489645869635
2022-06-22,3.216018386214961
2022-06-23,3.0088727805776285
2022-06-24,2.990259109965182
2022-06-25,2.7193102278854084
2022-06-26,3.150829592447912
2022-06-27,3.1409578546966763
2022-06-28,3.454775771600704
2022-06-29,2.970811616277359
2022-06-30,3.0864153579313567
2022-07-01,3.102652623251038
2022-07-02,3.3784266818586413
2022-07-03,3.054003593443781
2022-07-04,3.138957212956567
2022-07-05,3.2147829615468777
2022-07-06,3.140533801700984
2022-07-07,3.023888171610358
2022-07-08,3.161907458308027
2022-07-09,3.347679084765728
2022-07-10,2.937458737133207
2022-07-11,3.1791076745858433
2022-07-12,3.022181510317988
2022-07-13,3.4108440515193723
2022-07-14,2.876760662789409
2022-07-15,3.0791084240692665
2022-07-16,3.275758536580294
2022-07-17,3.5227701613771267
2022-07-18,3.2057875528296487
2022-07-19,3.117090257203071
2022-07-20,3.6134717179575913
2022-07-21,2.9566625500127373
2022-07-22,2.815441374987246
2022-07-23,3.3520522544299967
2022-07-24,3.172392258052458
2022-07-25,3.077214624474429
2022-07-26,3.431692343234541
2022-07-27,3.3472403068265204
2022-07-28,3.1940202860291125
2022-07-29,3.0590252423348967
2022-07-30,3.4977195147205498
2022-07-31,3.4612996161258387
2022-08-01,3.319342563865112
2022-08-02,3.7163081701549
2022-08-03,3.140649218034537
2022-08-04,3.0571266261492522
2022-08-05,3.2312933822547394
2022-08-06,3.3678767700979653
2022-08-07,3.4328543128420863
2022-08-08,3.3430030022071255
2022-08-09,3.4685943319207926
2022-08-10,3.1546756002490484
2022-08-11,3.7004018169450146
2022-08-12,3.4017472749639515
2022-08-13,3.648026560371692
2022-08-14,3.4993617221803466
2022-08-15,3.5282740792351737
2022-08-16,3.5568393880278895
2022-08-17,3.5382440878229477
2022-08-18,3.5829155953541956
2022-08-19,3.725720760943003
2022-08-20,3.5045626089057755
2022-08-21,3.612274564355461
2022-08-22,3.4575878842291004
2022-08-23,3.7684639490559126
2022-08-24,3.349910347463875
2022-08-25,3.849966608373509
2022-08-26,3.486176697552713
2022-08-27,3.2123217724875905
2022-08-28,3.528203655612139
2022-08-29,3.370314678652542
2022-08-30,3.6784310470915
2022-08-31,3.383388838904659
2022-09-01,3.42812114581333
2022-09-02,3.1427257635879857
2022-09-03,3.4332796321053283
2022-09-04,3.0419020049975893
2022-09-05,3.212663397895768
2022-09-06,3.6841212843397635
2022-09-07,3.691620304833619
2022-09-08,3.6218005172603873
2022-09-09,3.345388653537123
2022-09-10,3.5311420188228597
2022-09-11,3.5416891576182783
2022-09-12,3.312286559213903
2022-09-13,3.8460129860041894
2022-09-14,3.7220032022515053
2022-09-15,3.503358562922375
2022-09-16,3.5537721516637997
2022-09-17,3.590737814282849
2022-09-18,3.141203033058952
2022-09-19,3.500425624683815
2022-09-20,3.413597594242155
2022-09-21,3.3496259932138597
2022-09-22,3.4935077098352236
2022-09-23,3.9088651347209247
2022-09-24,3.6769188687726375
2022-09-25,3.4337595430959427
2022-09-26,3.66157974293165
2022-09-27,3.8258251968776493
2022-09-28,3.729595174978627
2022-09-29,3.555132628123439
2022-09-30,3.4121815344371833
2022-10-01,3.6794005939107075
2022-10-02,3.616465292071644
2022-10-03,3.7146449743849677
2022-10-04,3.660305278313831
2022-10-05,3.740673212878306
2022-10-06,3.421035286826376
2022-10-07,3.788709503319243
2022-10-08,3.5617285189167474
2022-10-09,3.934069122532356
2022-10-10,3.377819122416339
2022-10-11,3.859321568410309
2022-10-12,3.548016515315317
2022-10-13,3.3742908325929664
2022-10-14,3.403773008824772
2022-10-15,3.432293316417666
2022-10-16,3.576846670675194
2022-10-17,3.5920706720480458
2022-10-18,3.3680943927899802
2022-10-19,3.473136403931925
2022-10-20,3.901477862947966
2022-10-21,3.813393910850089
2022-10-22,3.5498580357847027
2022-10-23,3.4647501300454784
2022-10-24,3.4755615529948347
2022-10-25,3.5685161137804293
2022-10-26,3.2353643178278686
2022-10-27,3.3824126603078977
2022-10-28,3.093992903494051
2022-10-29,3.5012345375682847
2022-10-30,3.5443696127607724
2022-10-31,3.311695875214451
2022-11-01,3.7163974491772116
2022-11-02,3.1495800739086897
2022-11-03,3.0948595564099284
2022-11-04,3.4254965119175713
2022-11-05,3.5827698265867376
2022-11-06,3.7027542744237607
2022-11-07,3.266687193112422
2022-11-08,3.566574485214379
2022-11-09,3.33539212042531
2022-11-10,3.3007073679537746
2022-11-11,3.503989676254835
2022-11-12,3.449635335660681
2022-11-13,2.9956960065381035
2022-11-14,3.597979221320663
2022-11-15,3.5702816315720853
2022-11-16,3.1606410171442
2022-11-17,3.3563049698118723
2022-11-18,3.3672440661537077
2022-11-19,3.311772187774293
2022-11-20,3.1406840572983814
2022-11-21,3.1074389506776035
2022-11-22,3.2275848904060296
2022-11-23,3.4580898199569483
2022-11-24,3.3230313015291837
2022-11-25,3.1308773375645114
2022-11-26,3.349953317419042
2022-11-27,2.616445641867865
2022-11-28,3.4063779191967996
2022-11-29,2.8190854826822407
2022-11-30,3.0848791993218136
2022-12-01,2.9237111104094895
2022-12-02,2.8789279294173147
2022-12-03,3.360193049039798
2022-12-04,3.024598164857151
2022-12-05,3.1775000719829474
2022-12-06,3.0888291925127245
2022-12-07,3.1835915675829916
2022-12-08,3.093476927475929
2022-12-09,2.811405289038432
2022-12-10,3.2571133153247653
2022-12-11,2.9489328911308474
2022-12-12,2.7261631384199747
2022-12-13,2.9416258742783663
2022-12-14,3.3171473623998797
2022-12-15,3.176766398313018
2022-12-16,2.9267014606585064
2022-12-17,2.91627642555579
2022-12-18,2.911486329559242
2022-12-19,3.380840660848448
2022-12-20,3.031551288579524
2022-12-21,3.0308441313050016
2022-12-22,3.140565626670089
2022-12-23,2.9719444920025846
2022-12-24,2.862063604416384
2022-12-25,2.8642981426429266
2022-12-26,2.8789576982268676
2022-12-27,2.875560148425015
2022-12-28,3.018277002255848
2022-12-29,2.872909659009535
2022-12-30,2.998843807680006
2022-12-31,2.8259967325429463
2023-01-01,2.9477233041870723
2023-01-02,2.522247313829701
2023-01-03,3.0950821328021294
2023-01-04,2.9710843868910373
2023-01-05,3.0914027263351267
2023-01-06,2.3026105192417328
2023-01-07,3.2896472493920514
2023-01-08,2.834217849807469
2023-01-09,3.0739914740127854
2023-01-10,2.634651426972454
2023-01-11,2.9555265425746535
2023-01-12,2.6126921082428898
2023-01-13,2.6890920418669593
2023-01-14,3.1871926954839847
2023-01-15,2.756863315865598
2023-01-16,2.829175304025648
2023-01-17,2.950469530032676
2023-01-18,2.866440672990203
2023-01-19,2.7883201567635014
2023-01-20,2.8222471124257797
2023-01-21,3.2210456824381435
2023-01-22,2.720038211696123
2023-01-23,2.763075546218603
2023-01-24,2.9243773217554168
2023-01-25,2.9268418258490025
2023-01-26,2.934734909736592
2023-01-27,2.8167716064708834
2023-01-28,2.452228257475907
2023-01-29,2.999428617702719
2023-01-30,2.435498093454324
2023-01-31,2.7174332787223556
2023-02-01,2.4983065114680088
2023-02-02,2.628708284995192
2023-02-03,2.6997837459285097
2023-02-04,2.690921277025748
2023-02-05,2.70377800264148
2023-02-06,2.935007721359837
2023-02-07,2.6959736537936387
2023-02-08,2.5495685764226654
2023-02-09,2.784484265983346
2023-02-10,2.8229636729647036
2023-02-11,2.333088523925373
2023-02-12,2.6917702957004024
2023-02-13,2.7063465806696128
2023-02-14,2.500564468460452
2023-02-15,2.8293288434279784
2023-02-16,2.5184335949423127
2023-02-17,2.5679658562824708
2023-02-18,2.5027923332933297
2023-02-19,2.5352305326863465
2023-02-20,2.3077211913953666
2023-02-21,2.2339825010970196
2023-02-22,2.8360666190672985
2023-02-23,2.3431041558953893
2023-02-24,2.3097080487139277
2023-02-25,2.0729591992227276
2023-02-26,2.371657474826464
2023-02-27,2.230807608002644
2023-02-28,2.8199686734044866
2023-03-01,2.6898346100912685
2023-03-02,2.3467132449302026
2023-03-03,2.931470213061559
2023-03-04,2.6741444994200516
2023-03-05,2.409803033105898
2023-03-06,1.9720365278867962
2023-03-07,2.92742584470371
2023-03-08,2.1888145886698442
2023-03-09,2.135313920229201
2023-03-10,2.666745871414634
2023-03-11,2.948194550079865
2023-03-12,2.735285673723806
2023-03-13,2.5695752698710677
2023-03-14,2.574282429936985
2023-03-15,2.6247290021956133
2023-03-16,2.6047225312969347
2023-03-17,2.508242943741373
2023-03-18,2.47208992427114
2023-03-19,2.4381535450690754
2023-03-20,2.299479313814251
2023-03-21,2.3939149894338025
2023-03-22,2.111414193319209
2023-03-23,2.4304709734531156
2023-03-24,2.2527317718260065
2023-03-25,2.2302208838635074
2023-03-26,2.4875838463658027
2023-03-27,2.730849059580613
2023-03-28,2.637132577064092
2023-03-29,2.1405665536246055
2023-03-30,2.2581148756335208
2023-03-31,2.645744572161252
2023-04-01,2.262818231241083
2023-04-02,2.4162894878376298
2023-04-03,2.5733014149015165
2023-04-04,2.271870835923821
2023-04-05,2.489036748118288
2023-04-06,2.2037509384234464
2023-04-07,2.353048600886377
2023-04-08,2.5402154908733645
2023-04-09,2.160767343516574
2023-04-10,2.5707371151357945
2023-04-11,2.4821588054495267
2023-04-12,2.6001956535896746
2023-04-13,2.5382578166654146
2023-04-14,2.770245313364788
2023-04-15,2.5265681076183815
2023-04-16,2.419910604093368
2023-04-17,2.534680978815111
2023-04-18,2.6234707979315486
2023-04-19,2.5293315080991228
2023-04-20,2.532583315154231
2023-04-21,2.3891278496008908
2023-04-22,2.4021614415243286
2023-04-23,2.259588690723545
2023-04-24,2.8955443052567014
2023-04-25,2.3025249771022587
2023-04-26,2.41853302845937
2023-04-27,2.419395111481744
2023-04-28,2.7481682224840824
2023-04-29,2.5164426702875287
2023-04-30,2.8313709038922816
2023-05-01,2.453652979020864
2023-05-02,2.6508153473576233
2023-05-03,2.4347473367301156
2023-05-04,3.0377796117762865
2023-05-05,2.3782938932165503
2023-05-06,2.6849701686763408
2023-05-07,2.7570803799554313
2023-05-08,2.7205281591560997
2023-05-09,2.608276296924691
2023-05-10,2.6270550891079476
2023-05-11,2.6695845577748334
2023-05-12,2.639340219140196
2023-05-13,2.8695477742944617
2023-05-14,3.1270184782491945
2023-05-15,2.5816656308219756
2023-05-16,2.427559240011904
2023-05-17,2.6923225365550785
2023-05-18,3.234480679630292
2023-05-19,2.5664619834830744
2023-05-20,3.0637739966694837
2023-05-21,3.080337596504026
2023-05-22,2.643017021562415
2023-05-23,2.876556311767582
2023-05-24,3.097549162083997
2023-05-25,2.7052368467582566
2023-05-26,2.7496185724492688
2023-05-27,2.6833476556428812
2023-05-28,2.606155860337843
2023-05-29,2.6887464472406344
2023-05-30,2.583377220913145
2023-05-31,2.844611020346022
2023-06-01,2.6934916140318035
2023-06-02,2.9039953853427307
2023-06-03,2.5558681359655013
2023-06-04,2.943086586714526
2023-06-05,3.053530897801322
2023-06-06,2.498040894415997
2023-06-07,2.9816076543659444
2023-06-08,3.1623808906921593
2023-06-09,2.6850090963405875
2023-06-10,3.271578451461594
2023-06-11,3.031027915364323
2023-06-12,2.81641233644975
2023-06-13,2.9564789212005
2023-06-14,3.089540555564733
2023-06-15,3.003340059814022
2023-06-16,3.1061723192468063
2023-06-17,2.824583825302735
2023-06-18,3.0529003644732633
2023-06-19,2.7466041336453566
2023-06-20,3.0174267740367595
2023-06-21,2.8692184717070424
2023-06-22,2.913222025175548
2023-06-23,3.3178716020157353
2023-06-24,3.299233824452806
2023-06-25,3.2131090802628277
2023-06-26,2.8831163263079524
2023-06-27,3.0485793285295006
2023-06-28,3.3647443669354486
2023-06-29,3.1607106459959398
2023-06-30,3.6064512003949076
2023-07-01,3.231439454387761
2023-07-02,3.2013458492039533
2023-07-03,3.1112394070806713
2023-07-04,3.2098610887589563
2023-07-05,3.162709692327461
2023-07-06,3.3448337124074303
2023-07-07,3.4045153578793803
2023-07-08,3.0658915676267755
2023-07-09,2.966706144082218
2023-07-10,2.8755207223947594
2023-07-11,3.354112005138977
2023-07-12,3.0415323520710484
2023-07-13,2.841256607143907
2023-07-14,3.3591137646523572
2023-07-15,3.789492697010142
2023-07-16,3.2991019792594116
2023-07-17,3.477363510420587
2023-07-18,3.3353034767537597
2023-07-19,3.308352231903482
2023-07-20,3.521055600667027
2023-07-21,3.288210421258256
2023-07-22,3.4086810291256437
2023-07-23,3.428388925658533
2023-07-24,3.23918501219437
2023-07-25,3.5798696578078766
2023-07-26,3.355029102435589
2023-07-27,3.247331132173712
2023-07-28,3.514137980890539
2023-07-29,3.235392525710868
2023-07-30,3.4288642805383467
2023-07-31,3.429435581205266
2023-08-01,3.6563568497873047
2023-08-02,3.5419204175213577
2023-08-03,3.449660779550739
2023-08-04,3.6257849201742576
2023-08-05,3.747716506034451
2023-08-06,3.588556034639437
2023-08-07,3.4862569469462237
2023-08-08,3.2288829673083597
2023-08-09,3.285160520002859
2023-08-10,3.4439385442162043
2023-08-11,3.389746455698506
2023-08-12,3.480783250045376
2023-08-13,3.535897379033488
2023-08-14,3.636755203776152
2023-08-15,3.5228236797925985
2023-08-16,3.640186260746689
2023-08-17,3.561597258781509
2023-08-18,3.159277730109913
2023-08-19,3.3720231761527657
2023-08-20,3.536440863821159
2023-08-21,3.328534864269537
2023-08-22,3.6955207690857863
2023-08-23,3.8865906724347576
2023-08-24,3.8289411782151928
2023-08-25,3.5470899476053046
2023-08-26,3.892353515051572
2023-08-27,3.628210284351623
2023-08-28,3.5351655784063736
2023-08-29,3.48384447743933
2023-08-30,3.5498083999961296
2023-08-31,3.536278271056892
2023-09-01,3.6514410769313828
2023-09-02,3.6527487059870656
2023-09-03,3.6243500999858265
2023-09-04,3.7140655042726505
2023-09-05,3.8675732175501816
2023-09-06,3.8219491801991694
2023-09-07,3.337480679413472
2023-09-08,3.1259247779230033
2023-09-09,3.8256478644108207
2023-09-10,3.367308550368171
2023-09-11,3.5974565850578553
2023-09-12,3.40993689184054
2023-09-13,3.2849372381347557
2023-09-14,3.7548232897773293
2023-09-15,3.799382429748837
2023-09-16,3.5330929037195493
2023-09-17,3.130852794264357
2023-09-18,3.540301117093314
2023-09-19,3.7282219022684444
2023-09-20,3.3542121300868883
2023-09-21,3.6866219791486743
2023-09-22,3.6466657985778155
2023-09-23,3.765186129271238
2023-09-24,3.6726663702020663
2023-09-25,3.453381552876191
2023-09-26,3.886377486993317
2023-09-27,3.6142481949550542
2023-09-28,3.6392075304940863
2023-09-29,3.456552962324765
2023-09-30,3.5529124397399965
2023-10-01,3.4627953883826095
2023-10-02,3.6031790030026096
2023-10-03,3.9779480264078897
2023-10-04,3.3588906893911656
2023-10-05,3.30805039023909
2023-10-06,3.9223163946372113
2023-10-07,3.5833659547620047
2023-10-08,3.488394050246284
2023-10-09,3.8269978854865183
2023-10-10,3.4945335780868803
2023-10-11,3.9773307504866464
2023-10-12,3.7440195328906416
2023-10-13,3.506992151686716
2023-10-14,4.0
2023-10-15,3.475219793455862
2023-10-16,3.740432555796672
2023-10-17,3.6473620905222437
2023-10-18,3.8431826514574556
2023-10-19,3.890309561729492
2023-10-20,3.5794246210387466
2023-10-21,3.4172017027607104
2023-10-22,3.6545877304377195
2023-10-23,3.421606360461417
2023-10-24,3.954232737156507
2023-10-25,3.5731195854508933
2023-10-26,3.466858520605128
2023-10-27,3.5708240289655486
2023-10-28,3.2582844603636305
2023-10-29,3.327067105345099
2023-10-30,3.7550132064091093
2023-10-31,3.3769543118800467
2023-11-01,3.2922178999828176
2023-11-02,3.602063757014615
2023-11-03,3.724875363384492
2023-11-04,3.624396810338591
2023-11-05,3.6725597032254704
2023-11-06,3.3146097184182945
2023-11-07,3.174101912337841
2023-11-08,3.751105048919218
2023-11-09,3.3785578465570243
2023-11-10,3.3850662246509287
2023-11-11,3.6928965171273123
2023-11-12,3.530416761858129
2023-11-13,3.502151992351275
2023-11-14,3.835671620355701
2023-11-15,3.2655597146665665
2023-11-16,3.5713215830623533
2023-11-17,3.3885468881038077
2023-11-18,3.4221564846698116
2023-11-19,3.665331119892018
2023-11-20,3.45231223932539
2023-11-21,3.4494228400751408
2023-11-22,3.5471971720662787
2023-11-23,3.2505534701964987
2023-11-24,3.146469337142496
2023-11-25,3.0960383651775256
2023-11-26,2.9023422574141726
2023-11-27,3.6973955919819446
2023-11-28,3.0559831059780422
2023-11-29,3.2227775137207066
2023-11-30,3.202004727624656
2023-12-01,3.3091264288965387
2023-12-02,3.4010116670693558
2023-12-03,3.4001223892360435
2023-12-04,3.101522917405742
2023-12-05,3.174774952879522
2023-12-06,3.2547292983862217
2023-12-07,3.138445176901658
2023-12-08,3.4995816644678763
2023-12-09,3.2661987242037966
2023-12-10,3.304835508645301
2023-12-11,3.280260461496593
2023-12-12,3.3721742896489904
2023-12-13,3.1634532182122905
2023-12-14,2.857629014681848
2023-12-15,3.186659640240848
2023-12-16,2.9661605087817122
2023-12-17,2.9804046300695246
2023-12-18,3.193086143553737
2023-12-19,3.3131476784230074
2023-12-20,3.0594185134804257
2023-12-21,3.10660240438658
2023-12-22,3.374951924790768
2023-12-23,3.0723372960949957
2023-12-24,3.5342086564166033
2023-12-25,3.116670041586231
2023-12-26,2.641125398278517
2023-12-27,3.13367291994789
2023-12-28,3.0489827705050074
2023-12-29,3.2204710326646246
2023-12-30,3.086952062490882
2023-12-31,2.914448851767908
2024-01-01,2.787136618865981
2024-01-02,2.980082799278917
2024-01-03,2.8417125070197726
2024-01-04,2.885682001750494
2024-01-05,3.1095163852473178
2024-01-06,3.315842495750752
2024-01-07,3.0509066144005015
2024-01-08,2.722959163031467
2024-01-09,3.0412754443093095
2024-01-10,3.1819589097266903
2024-01-11,2.811015180698263
2024-01-12,2.8965717875430372
2024-01-13,2.9167834729519595
2024-01-14,2.747406762094179
2024-01-15,3.024655882787039
2024-01-16,2.8614990996681464
2024-01-17,2.96036247267633
2024-01-18,2.6898058598352614
2024-01-19,2.7707447156701037
2024-01-20,2.993731183498088
2024-01-21,2.7657959349721346
2024-01-22,3.1769547413495207
2024-01-23,2.7429284997526886
2024-01-24,2.859183387704271
2024-01-25,2.9922548056320233
2024-01-26,2.5136557020379096
2024-01-27,2.436863799668891
2024-01-28,2.4756979771079846
2024-01-29,3.025259131927936
2024-01-30,2.654395542879572
2024-01-31,3.268546042808199
2024-02-01,2.636312161740402
2024-02-02,2.7784462149531977
2024-02-03,3.0424532543813885
2024-02-04,3.1278684115675177
2024-02-05,3.1316945671217025
2024-02-06,2.953938713666736
2024-02-07,2.9100792986531347
2024-02-08,2.8169052933210317
2024-02-09,2.847339047559002
2024-02-10,2.5748324319140687
2024-02-11,2.5149703102683096
2024-02-12,2.67161539024824
2024-02-13,2.632075107702447
2024-02-14,2.569431559266995
2024-02-15,2.793464970256997
2024-02-16,2.83950575406292
2024-02-17,2.6605319428465313
2024-02-18,2.932912714361156
2024-02-19,2.4037769003433516
2024-02-20,2.588244316918463
2024-02-21,2.478628213495317
2024-02-22,2.243858283007692
2024-02-23,2.5959602883905144
2024-02-24,2.5836370169285323
2024-02-25,2.9063271705918963
2024-02-26,2.7256121612753192
2024-02-27,2.3905882018183027
2024-02-28,2.96238415464405
2024-02-29,2.8320779313278117
2024-03-01,2.7007628546594704
2024-03-02,2.5356862322227305
2024-03-03,2.385903554677036
2024-03-04,2.5003279545934114
2024-03-05,2.7896673948023474
2024-03-06,2.9461545913724834
2024-03-07,2.875377787677001
2024-03-08,2.466623785263324
2024-03-09,2.3383082983549035
2024-03-10,2.5884213181942513
2024-03-11,2.204743236909131
2024-03-12,2.621426988697552
2024-03-13,2.5258110443441932
2024-03-14,2.4608385900659027
2024-03-15,2.233996199886222
2024-03-16,2.654724680261441
2024-03-17,2.4447095355483826
2024-03-18,2.316688803506922
2024-03-19,1.9758197889312559
2024-03-20,2.54454702379703
2024-03-21,2.9044558754922347
2024-03-22,2.8823907417216392
2024-03-23,2.4590307419389354
2024-03-24,2.4304963352343054
2024-03-25,2.6453598673501113
2024-03-26,2.352771514474034
2024-03-27,2.613827635827522
2024-03-28,2.7078827300261787
2024-03-29,2.8014271477244495
2024-03-30,2.5375595192676177
2024-03-31,2.5185809599133515
2024-04-01,2.385619600485722
2024-04-02,2.3979149242886337
2024-04-03,2.5202439485162422
2024-04-04,2.641434748252331
2024-04-05,2.753272962653737
2024-04-06,2.4126863395405502
2024-04-07,2.874796817836761
2024-04-08,2.525141370014394
2024-04-09,2.5783687086740272
2024-04-10,2.436644029405298
2024-04-11,2.104849610651656
2024-04-12,2.770284069124692
2024-04-13,2.7447860067885057
2024-04-14,2.545257695665157
2024-04-15,2.619189855763393
2024-04-16,2.7134093217494737
2024-04-17,2.302302020746962
2024-04-18,2.5137489585647224
2024-04-19,2.78331791283782
2024-04-20,2.3786683025283915
2024-04-21,2.693453211467844
2024-04-22,2.3687933841588023
2024-04-23,2.7389149531060184
2024-04-24,2.6441693277210185
2024-04-25,2.334087704837449
2024-04-26,2.8960244354870173
2024-04-27,2.522265031735584
2024-04-28,2.5133821185430576
2024-04-29,2.721936328803723
2024-04-30,2.9180785737553805
2024-05-01,2.491852151117183
2024-05-02,2.714152717351661
2024-05-03,2.794513086287723
2024-05-04,2.8544346984750812
2024-05-05,2.75829433768638
2024-05-06,2.656919435952347
2024-05-07,2.5722502955360556
2024-05-08,2.7625626053095074
2024-05-09,2.5385914266575114
2024-05-10,2.1765521666800898
2024-05-11,2.856052580297427
2024-05-12,2.9575589191527185
2024-05-13,2.3123273908225563
2024-05-14,2.5912178468815545
2024-05-15,2.9253506881287588
2024-05-16,3.221478040167669
2024-05-17,2.8226975536345096
2024-05-18,2.6815963088311934
2024-05-19,2.7993713473597017
2024-05-20,3.1197727175183743
2024-05-21,2.724541834079106
2024-05-22,2.702921294600476
2024-05-23,2.7753211330218828
2024-05-24,2.690396673304011
2024-05-25,2.9148687076687
2024-05-26,3.224619530126522
2024-05-27,2.973723061099622
2024-05-28,2.868131255828578
2024-05-29,2.869803020482487
2024-05-30,2.6251561649548454
2024-05-31,3.1241082156729636
2024-06-01,2.9416707635820205
2024-06-02,2.930951282488101
2024-06-03,3.6155320538406066
2024-06-04,3.046575687152674
2024-06-05,2.8464298129112504
2024-06-06,2.921524821155321
2024-06-07,3.2465362340368515
2024-06-08,3.049591382186381
2024-06-09,2.74940837843058
2024-06-10,3.231069900406154
2024-06-11,2.9237858904936327
2024-06-12,3.44229229197555
2024-06-13,3.293884786203318
2024-06-14,2.9986746023997886
2024-06-15,3.3546243931045545
2024-06-16,3.1222896460240888
2024-06-17,3.2895829346904915
2024-06-18,3.2262935964852475
2024-06-19,2.970400655308324
2024-06-20,3.0212900335365074
2024-06-21,3.366320177209733
2024-06-22,3.1036979005523393
2024-06-23,3.1002421076855526
2024-06-24,3.0002569402115213
2024-06-25,3.28629869236116
2024-06-26,3.62436600231709
2024-06-27,3.008618244088757
2024-06-28,3.23721115460251
2024-06-29,3.5250294034816543
2024-06-30,3.2368476082597435
2024-07-01,3.353410385155893
2024-07-02,3.0605839942917954
2024-07-03,3.3688143272440287
2024-07-04,3.25577480660266
2024-07-05,3.5003579762056845
2024-07-06,3.5506521048334134
2024-07-07,3.841002188132088
2024-07-08,3.4488793694364883
2024-07-09,3.4079210603318515
2024-07-10,3.3913906000719347
2024-07-11,3.291572414743685
2024-07-12,3.439531494426742
2024-07-13,3.322317761718358
2024-07-14,3.4245849887775064
2024-07-15,3.6638356686889817
2024-07-16,3.2083568424743305
2024-07-17,3.6469133172700556
2024-07-18,3.691553176009683
2024-07-19,3.413626598671257
2024-07-20,3.021894350294267
2024-07-21,3.333638168892376
2024-07-22,3.723448273731552
2024-07-23,3.468229490463203
2024-07-24,3.281600741441589
2024-07-25,3.389066069529027
2024-07-26,3.666604169373191
2024-07-27,3.6161827258167336
2024-07-28,3.4672997022351364
2024-07-29,3.449863166701583
2024-07-30,3.452907750725342
2024-07-31,3.354695699721288
2024-08-01,3.870055908839255
2024-08-02,3.4902020774574996
2024-08-03,3.805663364499299
2024-08-04,3.8739382066154784
2024-08-05,3.7766561529986564
2024-08-06,3.4978623604339374
2024-08-07,3.671996231845713
2024-08-08,3.59334413133975
2024-08-09,3.4242431129411117
2024-08-10,3.676520752474683
2024-08-11,3.3823695524105046
2024-08-12,3.862103271746379
2024-08-13,3.537893193445127
2024-08-14,3.6771553665789845
2024-08-15,3.6995435062906767
2024-08-16,3.596921381078669
2024-08-17,3.771709803675742
2024-08-18,3.564909523592011
2024-08-19,3.83951783445693
2024-08-20,3.4012778767884084
2024-08-21,3.7008109389958275
2024-08-22,4.0
2024-08-23,3.485122542954614
2024-08-24,3.5542295276863753
2024-08-25,3.7969898576133643
2024-08-26,3.7343931492991196
2024-08-27,3.7727087924846927
2024-08-28,3.8043624361770503
2024-08-29,3.837246631006109
2024-08-30,3.9358536031563816
2024-08-31,3.7993215638419877
2024-09-01,3.6723823788533836
2024-09-02,3.8582556361956897
2024-09-03,4.0
2024-09-04,3.702917213316398
2024-09-05,3.537132492176776
2024-09-06,3.9558764069608467
2024-09-07,3.7126327721126744
2024-09-08,3.304249972960158
2024-09-09,3.9101686254813393
2024-09-10,3.635344028245607
2024-09-11,3.725852840591579
2024-09-12,3.8117293917645623
2024-09-13,3.7846306800921843
2024-09-14,3.889441761116115
2024-09-15,3.661297709750924
2024-09-16,3.851682412328555
2024-09-17,3.6976406712270267
2024-09-18,3.8976231973654354
2024-09-19,3.8730679406443245
2024-09-20,3.5628622547839237
2024-09-21,3.9669241916474207
2024-09-22,3.6421351403282105
2024-09-23,3.9103618561754643
2024-09-24,3.82145280373277
2024-09-25,4.0
2024-09-26,3.7012609130860774
2024-09-27,3.6748050791724327
2024-09-28,3.7393226329618576
2024-09-29,3.680932933411443
2024-09-30,3.899744311576399
2024-10-01,3.414506093299976
2024-10-02,3.52486984655015
2024-10-03,3.519710333661598
2024-10-04,3.9208241882091532
2024-10-05,4.0
2024-10-06,3.7043408464848833
2024-10-07,3.688444253340265
2024-10-08,3.733027380629939
2024-10-09,3.9480323465558906
2024-10-10,3.526658180939144
2024-10-11,3.7561081551697444
2024-10-12,3.899613959272342
2024-10-13,3.800769009623605
2024-10-14,3.734279101376278
2024-10-15,3.8922226999082388
2024-10-16,3.1468571158410974
2024-10-17,3.818409457483877
2024-10-18,3.5471921857586364
2024-10-19,3.3068972118543014
2024-10-20,3.7701257967349426
2024-10-21,3.9373250108824873
2024-10-22,3.6296597314862993
2024-10-23,3.84213019709177
2024-10-24,3.968268170832075
2024-10-25,3.902905721584359
2024-10-26,3.9618808736668454
2024-10-27,3.776135216483948
2024-10-28,3.636476640827547
2024-10-29,3.2945372624407905
2024-10-30,3.559120670048336
2024-10-31,3.4329507774559667
2024-11-01,4.0
2024-11-02,3.552557369965425
2024-11-03,3.605247109562474
2024-11-04,3.6836472412724004
2024-11-05,3.5746892254066767
2024-11-06,3.89747425377236
2024-11-07,3.4263084461812294
2024-11-08,3.5820153053728996
2024-11-09,3.3867387108023284
2024-11-10,3.263253186513359
2024-11-11,3.3968169417969394
2024-11-12,3.5035670785252706
2024-11-13,3.416810706472032
2024-11-14,3.3557791647678235
2024-11-15,3.204490064711739
2024-11-16,3.4605231485986514
2024-11-17,3.1674939540909595
2024-11-18,3.611648627347432
2024-11-19,3.4672330386543657
2024-11-20,3.1502533243722275
2024-11-21,3.370853889194345
2024-11-22,3.2731127349869586
2024-11-23,3.478146172694133
2024-11-24,3.673090293186361
2024-11-25,3.0205790813602236
2024-11-26,3.4091593818233634
2024-11-27,3.3445982200090505
2024-11-28,3.5012962537279537
2024-11-29,3.4000067132499776
2024-11-30,3.1972512229869543
2024-12-01,3.2740534374281727
2024-12-02,3.1688225202033964
2024-12-03,3.533339832839249
2024-12-04,3.3124616253711925
2024-12-05,3.678451445439163
2024-12-06,3.276051239375443
2024-12-07,3.136431195881785
2024-12-08,2.9652608553535806
2024-12-09,2.8972320161841485
2024-12-10,2.9308570191620125
2024-12-11,3.290904848354222
2024-12-12,3.3289939111175357
2024-12-13,2.90075726386659
2024-12-14,3.3857297127055426
2024-12-15,3.0998196772033895
2024-12-16,3.2154865688165852
2024-12-17,3.4982574654538032
2024-12-18,3.344858927309386
2024-12-19,3.1014580685520468
2024-12-20,2.9665973567837294
2024-12-21,2.7041458555978592
2024-12-22,2.9803559963487976
2024-12-23,3.071645985814985
2024-12-24,2.9061322070296853
2024-12-25,3.0670265566912196
2024-12-26,3.098374972318737
2024-12-27,3.0277798971668357
2024-12-28,2.9325199656833836
2024-12-29,3.0860467266302356
2024-12-30,3.1305281784785444
2024-12-31,2.813916450635285
