Date,DO
2020-01-01,9.73333123652819
2020-01-02,9.651300562899106
2020-01-03,9.711432616556396
2020-01-04,9.780578587111775
2020-01-05,9.58655262052686
2020-01-06,9.568332561585946
2020-01-07,9.7315371803499
2020-01-08,9.632325727885883
2020-01-09,9.490703230959522
2020-01-10,9.57408246042079
2020-01-11,9.455773126916009
2020-01-12,9.437948262918612
2020-01-13,9.49124692283449
2020-01-14,9.258380420837039
2020-01-15,9.260007842782189
2020-01-16,9.35920058429036
2020-01-17,9.297219525107254
2020-01-18,9.413149274818277
2020-01-19,9.27429761462832
2020-01-20,9.207403635076117
2020-01-21,9.478896246774717
2020-01-22,9.29361931697322
2020-01-23,9.306988338074076
2020-01-24,9.14197699272746
2020-01-25,9.214412232852725
2020-01-26,9.264528481449267
2020-01-27,9.123114172710356
2020-01-28,9.260756741874909
2020-01-29,9.148297034952702
2020-01-30,9.164570440460453
2020-01-31,9.119157345847068
2020-02-01,9.350357567816008
2020-02-02,9.14979952710149
2020-02-03,9.031619557528735
2020-02-04,9.206112520092423
2020-02-05,8.98847102995934
2020-02-06,9.118373050005339
2020-02-07,8.888688775678567
2020-02-08,8.939247884824947
2020-02-09,9.079408649517315
2020-02-10,9.121474212495796
2020-02-11,9.052921987532411
2020-02-12,9.0126340216003
2020-02-13,8.982761689488031
2020-02-14,8.85395594437275
2020-02-15,8.91902596056423
2020-02-16,8.934418095543522
2020-02-17,9.075938259533523
2020-02-18,8.994607442232038
2020-02-19,8.8
2020-02-20,8.973531446359226
2020-02-21,8.893478347587479
2020-02-22,8.855444745076962
2020-02-23,8.975744409075688
2020-02-24,9.009408569692443
2020-02-25,8.991462918807983
2020-02-26,8.806736259012405
2020-02-27,8.852358968002477
2020-02-28,8.90933001899858
2020-02-29,8.966985031787262
2020-03-01,8.802452770031902
2020-03-02,8.826875911922908
2020-03-03,8.8
2020-03-04,8.8
2020-03-05,8.91339849950297
2020-03-06,8.963838753795907
2020-03-07,8.817334974808393
2020-03-08,8.92146400523272
2020-03-09,8.854103553856731
2020-03-10,8.8
2020-03-11,8.848505188582672
2020-03-12,8.963767377242137
2020-03-13,8.804237019774765
2020-03-14,8.962398338226077
2020-03-15,8.8
2020-03-16,8.885130416893853
2020-03-17,8.810537605262272
2020-03-18,8.8
2020-03-19,8.809575350648675
2020-03-20,8.8
2020-03-21,8.8
2020-03-22,8.83591497540887
2020-03-23,8.94844939458323
2020-03-24,8.8
2020-03-25,8.8
2020-03-26,8.8
2020-03-27,8.89662845370353
2020-03-28,8.839719566678188
2020-03-29,8.8
2020-03-30,8.862459234004628
2020-03-31,8.823370796192963
2020-04-01,8.913314805214274
2020-04-02,8.8
2020-04-03,8.8
2020-04-04,8.8
2020-04-05,8.8
2020-04-06,8.863817817898834
2020-04-07,8.864618879817113
2020-04-08,8.843581611324513
2020-04-09,8.8244164657266
2020-04-10,8.8
2020-04-11,8.81615870635929
2020-04-12,8.829491866797632
2020-04-13,8.8
2020-04-14,8.859438799230306
2020-04-15,8.922232930415136
2020-04-16,9.076943424827078
2020-04-17,8.912514196398782
2020-04-18,8.927775630322117
2020-04-19,8.90177070789645
2020-04-20,8.8
2020-04-21,8.921636329172372
2020-04-22,8.93818398044988
2020-04-23,9.18658001429019
2020-04-24,8.929333752319979
2020-04-25,8.987255367327238
2020-04-26,8.962374451102999
2020-04-27,8.857934438644332
2020-04-28,9.098250103505539
2020-04-29,9.068532954326397
2020-04-30,9.082018147046439
2020-05-01,8.921752143059393
2020-05-02,9.162943993920642
2020-05-03,8.892647913512466
2020-05-04,9.101878955679625
2020-05-05,9.272787734973036
2020-05-06,8.965423039681482
2020-05-07,9.018763791882895
2020-05-08,9.096454751935774
2020-05-09,9.047413970535176
2020-05-10,8.954139643182604
2020-05-11,9.127675872697248
2020-05-12,9.026368489999426
2020-05-13,9.191899597362207
2020-05-14,9.064698092051149
2020-05-15,9.323889199862409
2020-05-16,9.102977125230193
2020-05-17,9.161650772791928
2020-05-18,9.287907170783264
2020-05-19,9.09630783387492
2020-05-20,9.255115562870563
2020-05-21,9.376191791287464
2020-05-22,9.097965897241984
2020-05-23,9.290539147458723
2020-05-24,9.31154645869328
2020-05-25,9.377339765733351
2020-05-26,9.189174558613352
2020-05-27,9.194644908190316
2020-05-28,9.392810359067317
2020-05-29,9.384340869579528
2020-05-30,9.39381429751938
2020-05-31,9.417624669306878
2020-06-01,9.329280225552871
2020-06-02,9.434894692018565
2020-06-03,9.455442706394933
2020-06-04,9.36924167956735
2020-06-05,9.641866551412232
2020-06-06,9.517351258005942
2020-06-07,9.365578718836069
2020-06-08,9.565163400979
2020-06-09,9.416892328315214
2020-06-10,9.607970493494546
2020-06-11,9.660067795716174
2020-06-12,9.477126448705157
2020-06-13,9.670554533413002
2020-06-14,9.630548598939908
2020-06-15,9.686556993110496
2020-06-16,9.809133162679354
2020-06-17,9.61003588124325
2020-06-18,9.574335365336236
2020-06-19,9.575900803620314
2020-06-20,9.598418971503456
2020-06-21,9.687437582475726
2020-06-22,9.744406215709681
2020-06-23,9.753094387089465
2020-06-24,9.823264460489645
2020-06-25,9.756949212076744
2020-06-26,9.916082901469474
2020-06-27,9.759317396187635
2020-06-28,10.072822236118636
2020-06-29,9.878358496961068
2020-06-30,9.745022211238073
2020-07-01,10.26137000718697
2020-07-02,10.438985181350896
2020-07-03,10.390590118632915
2020-07-04,10.506448100537064
2020-07-05,10.504390112010721
2020-07-06,10.471701876679333
2020-07-07,10.416117439595563
2020-07-08,10.371011294077716
2020-07-09,10.49942445822722
2020-07-10,10.651170106896577
2020-07-11,10.60826185568583
2020-07-12,10.483462518744489
2020-07-13,10.646393788826678
2020-07-14,10.688495883724768
2020-07-15,10.582309811828145
2020-07-16,10.706636292761122
2020-07-17,10.717483602941941
2020-07-18,10.617589327808702
2020-07-19,10.78770740498767
2020-07-20,10.827862178847994
2020-07-21,10.899750770202306
2020-07-22,10.916288806926017
2020-07-23,10.692399889634848
2020-07-24,10.755432109389744
2020-07-25,10.919549845025141
2020-07-26,10.938034956050238
2020-07-27,10.956543995418812
2020-07-28,11.0
2020-07-29,10.998190759011262
2020-07-30,11.0
2020-07-31,11.0
2020-08-01,11.0
2020-08-02,10.978738652395455
2020-08-03,11.0
2020-08-04,10.966002470254416
2020-08-05,11.0
2020-08-06,11.0
2020-08-07,11.0
2020-08-08,11.0
2020-08-09,10.934237147932528
2020-08-10,11.0
2020-08-11,10.988718936294458
2020-08-12,11.0
2020-08-13,11.0
2020-08-14,11.0
2020-08-15,11.0
2020-08-16,11.0
2020-08-17,11.0
2020-08-18,11.0
2020-08-19,11.0
2020-08-20,11.0
2020-08-21,11.0
2020-08-22,11.0
2020-08-23,11.0
2020-08-24,11.0
2020-08-25,11.0
2020-08-26,11.0
2020-08-27,11.0
2020-08-28,11.0
2020-08-29,11.0
2020-08-30,11.0
2020-08-31,11.0
2020-09-01,11.0
2020-09-02,11.0
2020-09-03,11.0
2020-09-04,11.0
2020-09-05,11.0
2020-09-06,11.0
2020-09-07,11.0
2020-09-08,11.0
2020-09-09,11.0
2020-09-10,11.0
2020-09-11,11.0
2020-09-12,11.0
2020-09-13,11.0
2020-09-14,11.0
2020-09-15,11.0
2020-09-16,11.0
2020-09-17,11.0
2020-09-18,11.0
2020-09-19,11.0
2020-09-20,11.0
2020-09-21,11.0
2020-09-22,11.0
2020-09-23,11.0
2020-09-24,11.0
2020-09-25,11.0
2020-09-26,11.0
2020-09-27,11.0
2020-09-28,11.0
2020-09-29,11.0
2020-09-30,11.0
2020-10-01,10.879424195705244
2020-10-02,11.0
2020-10-03,10.989235985849316
2020-10-04,10.90470987361059
2020-10-05,10.966797811919566
2020-10-06,10.916058238999849
2020-10-07,10.960400830818614
2020-10-08,11.0
2020-10-09,11.0
2020-10-10,10.80678793104229
2020-10-11,11.0
2020-10-12,10.721511014460154
2020-10-13,10.894163479161774
2020-10-14,10.960496813752096
2020-10-15,10.921790569330655
2020-10-16,10.82315326782634
2020-10-17,10.856050829856715
2020-10-18,10.818713330905007
2020-10-19,10.799940474885831
2020-10-20,10.934416550557005
2020-10-21,10.875455935321314
2020-10-22,10.760483003562303
2020-10-23,10.909478014903828
2020-10-24,10.839719570683961
2020-10-25,10.879478068474404
2020-10-26,10.8500908251454
2020-10-27,10.69290164906867
2020-10-28,10.708196736566888
2020-10-29,10.82710180601607
2020-10-30,10.801314500612943
2020-10-31,10.725843350888795
2020-11-01,10.727076950264333
2020-11-02,10.83027979907398
2020-11-03,10.630287466159976
2020-11-04,10.7308517092349
2020-11-05,10.642390084332286
2020-11-06,10.627082630101995
2020-11-07,10.744747935833605
2020-11-08,10.703213627828797
2020-11-09,10.687611148160284
2020-11-10,10.722186976770852
2020-11-11,10.578913444122936
2020-11-12,10.629981766676913
2020-11-13,10.515537101862375
2020-11-14,10.563566129943602
2020-11-15,10.502533883214426
2020-11-16,10.50946407889399
2020-11-17,10.543318755521819
2020-11-18,10.385846561794091
2020-11-19,10.6606047223589
2020-11-20,10.334298239669588
2020-11-21,10.296856597162478
2020-11-22,10.517308450209311
2020-11-23,10.46373693218184
2020-11-24,10.429912355671725
2020-11-25,10.413126105623611
2020-11-26,10.331724627037422
2020-11-27,10.225753324575777
2020-11-28,10.305465559622117
2020-11-29,10.212457372786595
2020-11-30,10.35986130378876
2020-12-01,10.229712006879195
2020-12-02,10.143834381521588
2020-12-03,10.176115158553838
2020-12-04,10.231325187428371
2020-12-05,10.115351943248632
2020-12-06,10.07111419769703
2020-12-07,10.159241728132967
2020-12-08,10.140836835883807
2020-12-09,10.047048926761006
2020-12-10,10.031983883670536
2020-12-11,10.083584110347626
2020-12-12,9.896814561048107
2020-12-13,9.882078530396209
2020-12-14,9.932146002673676
2020-12-15,9.963780411985624
2020-12-16,9.997325361662172
2020-12-17,10.094860077999938
2020-12-18,10.01416624657005
2020-12-19,9.893473843581216
2020-12-20,9.888630682632174
2020-12-21,9.771346779286374
2020-12-22,9.850824230095778
2020-12-23,9.804899531005615
2020-12-24,9.847146728877
2020-12-25,9.713286480845849
2020-12-26,9.829109743590253
2020-12-27,9.911650896102419
2020-12-28,9.728744868542453
2020-12-29,9.761083457977525
2020-12-30,9.771271154872993
2020-12-31,9.643537774038483
2021-01-01,9.80312976010219
2021-01-02,9.763050095425347
2021-01-03,9.752995686327223
2021-01-04,9.64648436931628
2021-01-05,9.708543165179337
2021-01-06,9.737961547269464
2021-01-07,9.815917562174452
2021-01-08,9.748024430954903
2021-01-09,9.850498604457215
2021-01-10,9.537522616771124
2021-01-11,9.685240429468017
2021-01-12,9.59788399323797
2021-01-13,9.78289129888965
2021-01-14,9.462567402934976
2021-01-15,9.442012716233567
2021-01-16,9.449044973396756
2021-01-17,9.277974195356812
2021-01-18,9.42244052978458
2021-01-19,9.382078623585324
2021-01-20,9.45731011769584
2021-01-21,9.460172037134882
2021-01-22,9.598852171252897
2021-01-23,9.489230680438128
2021-01-24,9.319029060240393
2021-01-25,9.270799128552111
2021-01-26,9.39565442102522
2021-01-27,9.197252111848027
2021-01-28,9.500396144792033
2021-01-29,9.41956796517688
2021-01-30,9.238290472731602
2021-01-31,9.098094699702528
2021-02-01,9.393522156649473
2021-02-02,9.231092217700521
2021-02-03,9.35378400443789
2021-02-04,9.054059415632695
2021-02-05,9.141124071587676
2021-02-06,9.18899117108145
2021-02-07,9.18024738591745
2021-02-08,9.117330541992535
2021-02-09,9.213227594356805
2021-02-10,9.030274166673577
2021-02-11,9.111762683020398
2021-02-12,9.126590697140417
2021-02-13,9.154959101877365
2021-02-14,9.163699327530566
2021-02-15,8.967331633942113
2021-02-16,8.915341261121599
2021-02-17,9.188973656292498
2021-02-18,9.083411784617882
2021-02-19,8.964451955544337
2021-02-20,9.187200629441719
2021-02-21,9.03298957944898
2021-02-22,9.131477330149082
2021-02-23,9.010541914615938
2021-02-24,9.203507244030357
2021-02-25,9.16460768105209
2021-02-26,8.95441921245163
2021-02-27,9.070241673689862
2021-02-28,9.030148683524905
2021-03-01,9.082331646723388
2021-03-02,8.888000000000002
2021-03-03,9.003187425145024
2021-03-04,9.036069203366669
2021-03-05,8.888000000000002
2021-03-06,8.888000000000002
2021-03-07,8.888000000000002
2021-03-08,8.888000000000002
2021-03-09,8.981793590433345
2021-03-10,9.057857413127188
2021-03-11,8.91065845342259
2021-03-12,9.06497945441485
2021-03-13,8.888000000000002
2021-03-14,8.888000000000002
2021-03-15,8.888382994782564
2021-03-16,8.93114100983657
2021-03-17,8.888000000000002
2021-03-18,8.888000000000002
2021-03-19,8.888000000000002
2021-03-20,8.888000000000002
2021-03-21,8.955711001219504
2021-03-22,8.925034653378258
2021-03-23,8.888000000000002
2021-03-24,8.888000000000002
2021-03-25,8.888000000000002
2021-03-26,8.888000000000002
2021-03-27,8.988096570595014
2021-03-28,8.888000000000002
2021-03-29,8.945821598336645
2021-03-30,8.888000000000002
2021-03-31,8.888000000000002
2021-04-01,8.890989605315331
2021-04-02,8.888000000000002
2021-04-03,8.888000000000002
2021-04-04,8.888000000000002
2021-04-05,9.113044424682936
2021-04-06,8.922011962161509
2021-04-07,8.888000000000002
2021-04-08,8.948510457109272
2021-04-09,8.920155835298095
2021-04-10,8.914036001301902
2021-04-11,9.00348677240563
2021-04-12,9.023313749736964
2021-04-13,8.898820335726148
2021-04-14,8.900083077172344
2021-04-15,8.93654282268856
2021-04-16,8.888000000000002
2021-04-17,8.888000000000002
2021-04-18,9.12206128027865
2021-04-19,9.15718253622597
2021-04-20,8.973154812472604
2021-04-21,9.06403704518497
2021-04-22,9.044966859493366
2021-04-23,9.332449530704315
2021-04-24,9.142735427126969
2021-04-25,9.025135870546515
2021-04-26,8.950162054924172
2021-04-27,8.893253006008244
2021-04-28,9.085100092052937
2021-04-29,8.997416075000864
2021-04-30,8.939625422898931
2021-05-01,9.027640240557062
2021-05-02,8.993581449059201
2021-05-03,9.283292513597631
2021-05-04,9.212206965441505
2021-05-05,9.132819941989617
2021-05-06,9.29375395214385
2021-05-07,9.162935637988905
2021-05-08,9.07915779615745
2021-05-09,9.331190043385515
2021-05-10,9.243169065718416
2021-05-11,9.095536184565137
2021-05-12,9.192803564482368
2021-05-13,9.135487406393896
2021-05-14,9.096322985014277
2021-05-15,9.34175085292997
2021-05-16,9.453435797641745
2021-05-17,9.131860154052722
2021-05-18,9.342655386562368
2021-05-19,9.232906104055454
2021-05-20,9.262388544413266
2021-05-21,9.264861478756126
2021-05-22,9.250669223280152
2021-05-23,9.356202047327516
2021-05-24,9.280870557464032
2021-05-25,9.405729900464888
2021-05-26,9.387075004286814
2021-05-27,9.381864573264666
2021-05-28,9.328293545327531
2021-05-29,9.375768460143282
2021-05-30,9.524483340087173
2021-05-31,9.513045298559703
2021-06-01,9.3780765671161
2021-06-02,9.501288087536178
2021-06-03,9.58167611498604
2021-06-04,9.351786880262457
2021-06-05,9.58996296901406
2021-06-06,9.482916991647203
2021-06-07,9.62229811110182
2021-06-08,9.502466984431104
2021-06-09,9.412210028349657
2021-06-10,9.445122314065125
2021-06-11,9.629411233064303
2021-06-12,9.665882292867456
2021-06-13,9.563450648210187
2021-06-14,9.73445692802997
2021-06-15,9.517349685019555
2021-06-16,9.693720427218778
2021-06-17,9.59333576688209
2021-06-18,9.665084992883957
2021-06-19,9.750993337392662
2021-06-20,9.674599019155014
2021-06-21,9.737959890032787
2021-06-22,9.893734804681966
2021-06-23,9.749127849588458
2021-06-24,9.907084463546607
2021-06-25,9.723851204621484
2021-06-26,9.906715735087285
2021-06-27,10.014035219377728
2021-06-28,9.63400481579369
2021-06-29,9.818326951851752
2021-06-30,9.972233964651647
2021-07-01,10.429060435832403
2021-07-02,10.509629582773515
2021-07-03,10.433642815366547
2021-07-04,10.525811329671917
2021-07-05,10.523675130864532
2021-07-06,10.67958300127654
2021-07-07,10.609471120797894
2021-07-08,10.639902648386025
2021-07-09,10.586121403133397
2021-07-10,10.60026848433694
2021-07-11,10.627497152769092
2021-07-12,10.732560672465747
2021-07-13,10.671597328018999
2021-07-14,10.764633713750513
2021-07-15,10.966079267872592
2021-07-16,10.865386106049343
2021-07-17,10.765248043239282
2021-07-18,10.940101964546873
2021-07-19,10.797989608492504
2021-07-20,10.653597377589406
2021-07-21,10.777684846070626
2021-07-22,10.710410118320015
2021-07-23,10.88351482585158
2021-07-24,10.940328750993006
2021-07-25,11.11
2021-07-26,11.009746446237498
2021-07-27,10.973393771158914
2021-07-28,11.097859582755623
2021-07-29,10.80909669702769
2021-07-30,11.07430979539033
2021-07-31,11.11
2021-08-01,10.936615719948072
2021-08-02,11.11
2021-08-03,11.11
2021-08-04,11.09523466995861
2021-08-05,11.11
2021-08-06,11.11
2021-08-07,11.11
2021-08-08,11.11
2021-08-09,11.11
2021-08-10,11.11
2021-08-11,11.11
2021-08-12,11.11
2021-08-13,11.11
2021-08-14,11.11
2021-08-15,11.11
2021-08-16,11.11
2021-08-17,11.11
2021-08-18,11.11
2021-08-19,11.11
2021-08-20,11.11
2021-08-21,11.11
2021-08-22,11.11
2021-08-23,11.11
2021-08-24,11.11
2021-08-25,11.11
2021-08-26,11.11
2021-08-27,11.11
2021-08-28,11.11
2021-08-29,11.11
2021-08-30,11.11
2021-08-31,11.11
2021-09-01,11.11
2021-09-02,11.11
2021-09-03,11.11
2021-09-04,11.11
2021-09-05,11.11
2021-09-06,11.11
2021-09-07,11.11
2021-09-08,11.11
2021-09-09,11.11
2021-09-10,11.11
2021-09-11,11.11
2021-09-12,11.11
2021-09-13,11.11
2021-09-14,11.11
2021-09-15,11.11
2021-09-16,11.11
2021-09-17,11.11
2021-09-18,11.11
2021-09-19,11.11
2021-09-20,11.11
2021-09-21,11.11
2021-09-22,11.11
2021-09-23,11.11
2021-09-24,11.11
2021-09-25,11.11
2021-09-26,11.11
2021-09-27,11.11
2021-09-28,11.11
2021-09-29,11.11
2021-09-30,11.11
2021-10-01,10.960228443271337
2021-10-02,11.053436556789837
2021-10-03,11.11
2021-10-04,11.052804589967163
2021-10-05,10.922561438674807
2021-10-06,11.04459572998209
2021-10-07,11.036590414128371
2021-10-08,10.786154036319324
2021-10-09,11.047145933875223
2021-10-10,11.02308324275568
2021-10-11,11.11
2021-10-12,11.11
2021-10-13,11.11
2021-10-14,10.991277650805948
2021-10-15,10.898922627251766
2021-10-16,11.11
2021-10-17,11.000258513841947
2021-10-18,10.987038543924575
2021-10-19,10.974256924816489
2021-10-20,10.98747228092361
2021-10-21,10.943370502659135
2021-10-22,10.890212067897153
2021-10-23,10.882838949653973
2021-10-24,10.924405127342292
2021-10-25,10.862193612897753
2021-10-26,10.83417635110602
2021-10-27,10.90574867335945
2021-10-28,10.857806462702978
2021-10-29,11.023760280839303
2021-10-30,10.592148219311088
2021-10-31,10.95792244085446
2021-11-01,10.961067449830322
2021-11-02,10.613085240579567
2021-11-03,10.774926995587974
2021-11-04,10.75882352362842
2021-11-05,10.640744709662576
2021-11-06,10.690675957624753
2021-11-07,10.643171097536916
2021-11-08,10.918198267927021
2021-11-09,10.821382230567187
2021-11-10,10.840749851000233
2021-11-11,10.77044436548434
2021-11-12,10.568546961666316
2021-11-13,10.614427787348633
2021-11-14,10.701456245980957
2021-11-15,10.513026080943618
2021-11-16,10.692716511985118
2021-11-17,10.580489262004692
2021-11-18,10.5507841819454
2021-11-19,10.644152273207165
2021-11-20,10.600750249198347
2021-11-21,10.502791394850027
2021-11-22,10.639550523165452
2021-11-23,10.396324940400309
2021-11-24,10.550625865714771
2021-11-25,10.53107860476098
2021-11-26,10.422530279873442
2021-11-27,10.469218232611789
2021-11-28,10.292271078126689
2021-11-29,10.494190683780669
2021-11-30,10.364300163596443
2021-12-01,10.31217779867903
2021-12-02,10.452811854289228
2021-12-03,10.25750922946803
2021-12-04,10.168081689213608
2021-12-05,10.134712815894902
2021-12-06,10.334648647600229
2021-12-07,10.125546235024087
2021-12-08,10.413455949434034
2021-12-09,10.007228710364409
2021-12-10,10.370062769938395
2021-12-11,10.201191355562157
2021-12-12,10.15121488347907
2021-12-13,10.087002397382115
2021-12-14,10.163365904461763
2021-12-15,10.100229224102
2021-12-16,10.196409868512047
2021-12-17,10.077433943668261
2021-12-18,10.061978178775684
2021-12-19,9.990959453658746
2021-12-20,10.002810865547506
2021-12-21,10.020525605114765
2021-12-22,9.797588705249336
2021-12-23,9.81503557149929
2021-12-24,10.007172722342899
2021-12-25,9.930281030822545
2021-12-26,9.875387353981472
2021-12-27,9.876808670327401
2021-12-28,9.891066527091711
2021-12-29,9.782501364510773
2021-12-30,9.739512631359675
2021-12-31,9.819059694023766
2022-01-01,9.778497576589222
2022-01-02,9.901041909186283
2022-01-03,9.666881150909227
2022-01-04,9.926788107624127
2022-01-05,9.851337983135931
2022-01-06,9.810657950249569
2022-01-07,9.866289885637306
2022-01-08,9.917544506375128
2022-01-09,9.832833338343532
2022-01-10,9.523387387490905
2022-01-11,9.562577759234111
2022-01-12,9.611422372054243
2022-01-13,9.65999996269302
2022-01-14,9.69245398173146
2022-01-15,9.54805974213698
2022-01-16,9.623731544536774
2022-01-17,9.510355927217862
2022-01-18,9.507916273760872
2022-01-19,9.409845034136781
2022-01-20,9.442362525278588
2022-01-21,9.38202588379828
2022-01-22,9.403903675120796
2022-01-23,9.594652251181115
2022-01-24,9.37422111210717
2022-01-25,9.723683694895941
2022-01-26,9.489753649618955
2022-01-27,9.442756755392796
2022-01-28,9.321011920378867
2022-01-29,9.46488756891238
2022-01-30,9.319813171075605
2022-01-31,9.376278721204088
2022-02-01,9.610503081076153
2022-02-02,9.325288279120835
2022-02-03,9.438289574512257
2022-02-04,9.235516548135543
2022-02-05,9.290108382479472
2022-02-06,9.46098554582519
2022-02-07,9.203300459841753
2022-02-08,9.439302903559327
2022-02-09,9.314020723637418
2022-02-10,9.172107632532656
2022-02-11,9.281916354578678
2022-02-12,9.304795526127313
2022-02-13,9.257461621679582
2022-02-14,9.022565863415997
2022-02-15,9.09755442676402
2022-02-16,9.135740284276945
2022-02-17,9.14293462615106
2022-02-18,9.203661310773168
2022-02-19,9.148576865799116
2022-02-20,8.984621144681068
2022-02-21,9.150303488580374
2022-02-22,9.164777849580624
2022-02-23,9.150863997066896
2022-02-24,9.195575862467278
2022-02-25,9.162259837510515
2022-02-26,9.116201197244587
2022-02-27,9.054676533494012
2022-02-28,8.976880000000001
2022-03-01,9.077366212540463
2022-03-02,9.04944885567965
2022-03-03,9.050938947144333
2022-03-04,8.976880000000001
2022-03-05,8.976880000000001
2022-03-06,9.117104172769036
2022-03-07,9.001626846187778
2022-03-08,9.071429046443432
2022-03-09,9.001303798373
2022-03-10,8.998215968164105
2022-03-11,9.087920960453806
2022-03-12,8.976880000000001
2022-03-13,8.996849271835261
2022-03-14,8.976880000000001
2022-03-15,8.976880000000001
2022-03-16,8.976880000000001
2022-03-17,9.002539129846458
2022-03-18,8.976880000000001
2022-03-19,9.105985348245659
2022-03-20,8.976880000000001
2022-03-21,8.976880000000001
2022-03-22,8.976880000000001
2022-03-23,9.1246940269776
2022-03-24,8.997603808662218
2022-03-25,9.083542965124899
2022-03-26,8.976880000000001
2022-03-27,9.007785265807955
2022-03-28,9.07282175305773
2022-03-29,8.992255819018022
2022-03-30,9.094607131410442
2022-03-31,8.976880000000001
2022-04-01,9.13458520076078
2022-04-02,9.22817155490522
2022-04-03,8.976880000000001
2022-04-04,8.976880000000001
2022-04-05,9.152013008631743
2022-04-06,9.16876700143248
2022-04-07,8.976880000000001
2022-04-08,8.976880000000001
2022-04-09,8.992071130050176
2022-04-10,8.976880000000001
2022-04-11,8.976880000000001
2022-04-12,8.976880000000001
2022-04-13,8.976880000000001
2022-04-14,9.044284921309906
2022-04-15,9.077858519407934
2022-04-16,9.218519139684794
2022-04-17,8.976880000000001
2022-04-18,9.174257776928018
2022-04-19,9.059122203134518
2022-04-20,9.083244733970831
2022-04-21,9.164701176231414
2022-04-22,8.989137026403743
2022-04-23,9.150707012949074
2022-04-24,9.13693473444261
2022-04-25,9.178671056200402
2022-04-26,9.1666364491841
2022-04-27,9.396524292470112
2022-04-28,9.090139911685174
2022-04-29,9.110378575897588
2022-04-30,9.110539212943388
2022-05-01,9.127209321958674
2022-05-02,9.12882611454196
2022-05-03,9.325311696878137
2022-05-04,9.359298601826952
2022-05-05,9.166739601124837
2022-05-06,9.150813798044755
2022-05-07,9.29476175421264
2022-05-08,9.201476702749419
2022-05-09,9.333693431426331
2022-05-10,9.301326720176368
2022-05-11,9.137679969442763
2022-05-12,9.46200905426618
2022-05-13,9.499361579918089
2022-05-14,9.26583504110378
2022-05-15,9.301139553706497
2022-05-16,9.382351692631651
2022-05-17,9.399964570945116
2022-05-18,9.445831549848542
2022-05-19,9.596668178571683
2022-05-20,9.386653703578565
2022-05-21,9.336505895839927
2022-05-22,9.290607259478229
2022-05-23,9.370252203159664
2022-05-24,9.455065201910907
2022-05-25,9.655260746329184
2022-05-26,9.433269015259908
2022-05-27,9.52288691820484
2022-05-28,9.512481750317287
2022-05-29,9.64959058600043
2022-05-30,9.800443091304928
2022-05-31,9.502923265710137
2022-06-01,9.521650025777875
2022-06-02,9.692682931004521
2022-06-03,9.670403626537524
2022-06-04,9.803983396090606
2022-06-05,9.690000939664625
2022-06-06,9.608689025032554
2022-06-07,9.720567021308574
2022-06-08,9.788450573089579
2022-06-09,9.774145539025882
2022-06-10,9.757346165207494
2022-06-11,9.82961168507101
2022-06-12,9.855326666576886
2022-06-13,9.892328532294925
2022-06-14,9.83283357622341
2022-06-15,9.764967128048687
2022-06-16,9.812364694904044
2022-06-17,9.935880866762197
2022-06-18,9.744894036372285
2022-06-19,9.881276496543727
2022-06-20,9.818991284493668
2022-06-21,9.877500259387581
2022-06-22,10.020435097765391
2022-06-23,9.92496188362311
2022-06-24,9.925643348107718
2022-06-25,9.79761218796996
2022-06-26,10.027862894519457
2022-06-27,10.032966997896395
2022-06-28,10.203150933734
2022-06-29,9.966405048633256
2022-06-30,10.035444701529475
2022-07-01,10.579503329596307
2022-07-02,10.737781297127315
2022-07-03,10.589870675158298
2022-07-04,10.650699404592359
2022-07-05,10.706804039911708
2022-07-06,10.68628937983257
2022-07-07,10.644071668760414
2022-07-08,10.731661947487149
2022-07-09,10.843519361282079
2022-07-10,10.65129705440502
2022-07-11,10.791461621495984
2022-07-12,10.72822889181445
2022-07-13,10.943164634804287
2022-07-14,10.687339821579023
2022-07-15,10.807012807441323
2022-07-16,10.9236559194881
2022-07-17,11.065857290410312
2022-07-18,10.920259967860343
2022-07-19,10.890961369661385
2022-07-20,11.159939267852428
2022-07-21,10.840584681126554
2022-07-22,10.784053507732247
2022-07-23,11.07309373866709
2022-07-24,10.9966386282156
2022-07-25,10.963107867434717
2022-07-26,11.158753490491199
2022-07-27,11.130348264626095
2022-07-28,11.066688854125196
2022-07-29,11.012141725161444
2022-07-30,11.2211
2022-07-31,11.2211
2022-08-01,11.18669553021542
2022-08-02,11.2211
2022-08-03,11.122412567941435
2022-08-04,11.092931714069186
2022-08-05,11.194673477832922
2022-08-06,11.2211
2022-08-07,11.2211
2022-08-08,11.2211
2022-08-09,11.2211
2022-08-10,11.216825500240589
2022-08-11,11.2211
2022-08-12,11.2211
2022-08-13,11.2211
2022-08-14,11.2211
2022-08-15,11.2211
2022-08-16,11.2211
2022-08-17,11.2211
2022-08-18,11.2211
2022-08-19,11.2211
2022-08-20,11.2211
2022-08-21,11.2211
2022-08-22,11.2211
2022-08-23,11.2211
2022-08-24,11.2211
2022-08-25,11.2211
2022-08-26,11.2211
2022-08-27,11.2211
2022-08-28,11.2211
2022-08-29,11.2211
2022-08-30,11.2211
2022-08-31,11.2211
2022-09-01,11.2211
2022-09-02,11.2211
2022-09-03,11.2211
2022-09-04,11.2211
2022-09-05,11.2211
2022-09-06,11.2211
2022-09-07,11.2211
2022-09-08,11.2211
2022-09-09,11.2211
2022-09-10,11.2211
2022-09-11,11.2211
2022-09-12,11.2211
2022-09-13,11.2211
2022-09-14,11.2211
2022-09-15,11.2211
2022-09-16,11.2211
2022-09-17,11.2211
2022-09-18,11.2211
2022-09-19,11.2211
2022-09-20,11.2211
2022-09-21,11.2211
2022-09-22,11.2211
2022-09-23,11.2211
2022-09-24,11.2211
2022-09-25,11.2211
2022-09-26,11.2211
2022-09-27,11.2211
2022-09-28,11.2211
2022-09-29,11.2211
2022-09-30,11.2211
2022-10-01,11.2211
2022-10-02,11.2211
2022-10-03,11.2211
2022-10-04,11.2211
2022-10-05,11.2211
2022-10-06,11.125510593318024
2022-10-07,11.2211
2022-10-08,11.18928211880366
2022-10-09,11.2211
2022-10-10,11.086567657286508
2022-10-11,11.2211
2022-10-12,11.163553509278051
2022-10-13,11.069694711731382
2022-10-14,11.079258568705624
2022-10-15,11.088109932566118
2022-10-16,11.155923747539012
2022-10-17,11.15755467466105
2022-10-18,11.036964864894006
2022-10-19,11.0839760822442
2022-10-20,11.2211
2022-10-21,11.2211
2022-10-22,11.102142827441426
2022-10-23,11.051329154554384
2022-10-24,11.049234735348977
2022-10-25,11.088835278328316
2022-10-26,10.910900443332087
2022-10-27,10.97769423198364
2022-10-28,10.822182491902858
2022-10-29,11.02130030961934
2022-10-30,11.034515589467448
2022-10-31,10.906867200279237
2022-11-01,11.10412736356516
2022-11-02,10.80568227531045
2022-11-03,10.768252945485784
2022-11-04,10.927198771616238
2022-11-05,10.997546922586833
2022-11-06,11.048705261307763
2022-11-07,10.816081866852993
2022-11-08,10.958667374490974
2022-11-09,10.83021925101412
2022-11-10,10.801836303402919
2022-11-11,10.894673192109147
2022-11-12,10.855950459291803
2022-11-13,10.613270613651357
2022-11-14,10.909171590525446
2022-11-15,10.883608718574703
2022-11-16,10.663097056062098
2022-11-17,10.7511856669368
2022-11-18,10.74492351364569
2022-11-19,10.704660100434497
2022-11-20,10.605301822541868
2022-11-21,10.576129167610372
2022-11-22,10.625076024374083
2022-11-23,10.730197547107425
2022-11-24,10.648753184877712
2022-11-25,10.538080763467134
2022-11-26,10.637053400419834
2022-11-27,10.250061752608515
2022-11-28,10.64000547392998
2022-11-29,10.327404391816026
2022-11-30,10.449832431738423
2022-12-01,10.354405026038156
2022-12-02,10.31826008436621
2022-12-03,10.55035036221546
2022-12-04,10.365729443401966
2022-12-05,10.430198547020375
2022-12-06,10.371389690687996
2022-12-07,10.406081230407503
2022-12-08,10.346420555531207
2022-12-09,10.188800579576796
2022-12-10,10.402337061760315
2022-12-11,10.231309268240153
2022-12-12,10.10380581737348
2022-12-13,10.199787589831182
2022-12-14,10.377376194723931
2022-12-15,10.291801752250375
2022-12-16,10.150260137981714
2022-12-17,10.130928142247408
2022-12-18,10.114455686302028
2022-12-19,10.33981019176631
2022-12-20,10.147609232760907
2022-12-21,10.133200551151196
2022-12-22,10.17511808518252
2022-12-23,10.075073204235583
2022-12-24,10.004999190039902
2022-12-25,9.992124209682181
2022-12-26,9.985605323189795
2022-12-27,9.969899271172306
2022-12-28,10.028745872345095
2022-12-29,9.940686262955444
2022-12-30,9.991039236988323
2022-12-31,9.889038218154614
2023-01-01,9.985186188991856
2023-01-02,9.752115189684199
2023-01-03,10.033376653378669
2023-01-04,9.955720722791764
2023-01-05,10.003984678514378
2023-01-06,9.5839842793819
2023-01-07,10.078871488819706
2023-01-08,9.830744019530666
2023-01-09,9.940827208917892
2023-01-10,9.701145105845
2023-01-11,9.853172636382917
2023-01-12,9.663378205501292
2023-01-13,9.68964482041024
2023-01-14,9.93324690269597
2023-01-15,9.698667770383047
2023-01-16,9.723128392228388
2023-01-17,9.772929830848334
2023-01-18,9.71707033137853
2023-01-19,9.664369592791367
2023-01-20,9.669508932781701
2023-01-21,9.862734490810032
2023-01-22,9.592550560293335
2023-01-23,9.60276120891719
2023-01-24,9.67402901317059
2023-01-25,9.663608391891753
2023-01-26,9.656124444540511
2023-01-27,9.583949077287519
2023-01-28,9.384894817051391
2023-01-29,9.655676061811143
2023-01-30,9.354211245110166
2023-01-31,9.48865138725936
2023-02-01,9.365129229645548
2023-02-02,9.421830042723354
2023-02-03,9.448135148532643
2023-02-04,9.433429517058824
2023-02-05,9.430084871479956
2023-02-06,9.539410468136092
2023-02-07,9.406657627539166
2023-02-08,9.321803693869981
2023-02-09,9.43357117554609
2023-02-10,9.444330980446002
2023-02-11,9.183097929574455
2023-02-12,9.35919128812474
2023-02-13,9.35821299306571
2023-02-14,9.243913934455415
2023-02-15,9.405186197516793
2023-02-16,9.23713931475493
2023-02-17,9.254971010614911
2023-02-18,9.213918408239893
2023-02-19,9.223359193391078
2023-02-20,9.099098687109896
2023-02-21,9.066648800000001
2023-02-22,9.357798933795838
2023-02-23,9.097434858794816
2023-02-24,9.074035421956268
2023-02-25,9.066648800000001
2023-02-26,9.094221546975497
2023-02-27,9.066648800000001
2023-02-28,9.31433850959077
2023-03-01,9.227917822283496
2023-03-02,9.066648800000001
2023-03-03,9.345536228129859
2023-03-04,9.209796009933072
2023-03-05,9.070610495581322
2023-03-06,9.066648800000001
2023-03-07,9.331754528455305
2023-03-08,9.066648800000001
2023-03-09,9.066648800000001
2023-03-10,9.190487883684883
2023-03-11,9.333496630100633
2023-03-12,9.222010885845243
2023-03-13,9.135014044323214
2023-03-14,9.135982965400274
2023-03-15,9.160690068312475
2023-03-16,9.149279131022114
2023-03-17,9.098649236970832
2023-03-18,9.079273087254313
2023-03-19,9.066648800000001
2023-03-20,9.066648800000001
2023-03-21,9.066648800000001
2023-03-22,9.066648800000001
2023-03-23,9.066648800000001
2023-03-24,9.066648800000001
2023-03-25,9.066648800000001
2023-03-26,9.087608665318651
2023-03-27,9.213767037630811
2023-03-28,9.166505472500225
2023-03-29,9.066648800000001
2023-03-30,9.066648800000001
2023-03-31,9.175046365869337
2023-04-01,9.066648800000001
2023-04-02,9.066648800000001
2023-04-03,9.143404853558287
2023-04-04,9.066648800000001
2023-04-05,9.104647639637946
2023-04-06,9.066648800000001
2023-04-07,9.066648800000001
2023-04-08,9.13927631034913
2023-04-09,9.066648800000001
2023-04-10,9.161356801164471
2023-04-11,9.119155915621645
2023-04-12,9.183559356242327
2023-04-13,9.155414106386766
2023-04-14,9.278848882853202
2023-04-15,9.157407830317569
2023-04-16,9.10671441441427
2023-04-17,9.170250289489621
2023-04-18,9.220561569811439
2023-04-19,9.176794775116967
2023-04-20,9.183355598266306
2023-04-21,9.114495194439957
2023-04-22,9.126403810996182
2023-04-23,9.066648800000001
2023-04-24,9.391413560937853
2023-04-25,9.091565110257834
2023-04-26,9.157119647557824
2023-04-27,9.16350214403746
2023-04-28,9.338951873202463
2023-04-29,9.225802336180703
2023-04-30,9.394401826346202
2023-05-01,9.206322471948146
2023-05-02,9.31452923158582
2023-05-03,9.209994431313197
2023-05-04,9.527551822273809
2023-05-05,9.19485266098327
2023-05-06,9.360000472714452
2023-05-07,9.404437475258842
2023-05-08,9.393020827641825
2023-05-09,9.342729131241128
2023-05-10,9.360057368571917
2023-05-11,9.389737937218923
2023-05-12,9.382043898237303
2023-05-13,9.508634301261763
2023-05-14,9.649379477480553
2023-05-15,9.376657445375388
2023-05-16,9.305591531798713
2023-05-17,9.45040939186669
2023-05-18,9.738227694108577
2023-05-19,9.402720614602472
2023-05-20,9.667629499534371
2023-05-21,9.684973282377225
2023-05-22,9.468588478165275
2023-05-23,9.597884903846248
2023-05-24,9.720802796178496
2023-05-25,9.527858308591739
2023-05-26,9.559956344453953
2023-05-27,9.535128249618516
2023-05-28,9.504748133006169
2023-05-29,9.556751083661847
2023-05-30,9.511994733608434
2023-05-31,9.656159584271192
2023-06-01,9.587963101748958
2023-06-02,9.706116746604446
2023-06-03,9.53654823041963
2023-06-04,9.745847413023276
2023-06-05,9.812617342001785
2023-06-06,9.536379032698179
2023-06-07,9.795456551047002
2023-06-08,9.898592097104084
2023-06-09,9.662723198119304
2023-06-10,9.97498043298031
2023-06-11,9.861179772422764
2023-06-12,9.760769849629504
2023-06-13,9.8431019449074
2023-06-14,9.921849745026101
2023-06-15,9.887665834933788
2023-06-16,9.95088049984584
2023-06-17,9.816075843597242
2023-06-18,9.94396120324791
2023-06-19,9.79644966764109
2023-06-20,9.946247302283211
2023-06-21,9.88018398530912
2023-06-22,9.913138701955411
2023-06-23,10.131877349822593
2023-06-24,10.132553210244453
2023-06-25,10.098453985551314
2023-06-26,9.93871385055602
2023-06-27,10.034192773931077
2023-06-28,10.207287669942334
2023-06-29,10.112380629228634
2023-06-30,10.35218082280779
2023-07-01,10.700127913345769
2023-07-02,10.70242078061611
2023-07-03,10.673739389922833
2023-07-04,10.742217515709822
2023-07-05,10.73553145963581
2023-07-06,10.846882424781278
2023-07-07,10.8950776207681
2023-07-08,10.73800088286963
2023-07-09,10.70418110401532
2023-07-10,10.674387575687554
2023-07-11,10.938014756097557
2023-07-12,10.793964726537105
2023-07-13,10.707657974388589
2023-07-14,10.991182611396063
2023-07-15,11.229522698913366
2023-07-16,10.993402814850851
2023-07-17,11.10160955437083
2023-07-18,11.044667710506415
2023-07-19,11.046884635255905
2023-07-20,11.172415401500661
2023-07-21,11.068272529583886
2023-07-22,11.145986697258794
2023-07-23,11.171634500405478
2023-07-24,11.089498285190341
2023-07-25,11.280166887858305
2023-07-26,11.179332868566911
2023-07-27,11.138668435995374
2023-07-28,11.290749483233162
2023-07-29,11.161603786627833
2023-07-30,11.275531538256152
2023-07-31,11.289892815115925
2023-08-01,11.333311000000002
2023-08-02,11.333311000000002
2023-08-03,11.333311000000002
2023-08-04,11.333311000000002
2023-08-05,11.333311000000002
2023-08-06,11.333311000000002
2023-08-07,11.333311000000002
2023-08-08,11.29165268211074
2023-08-09,11.3327873901641
2023-08-10,11.333311000000002
2023-08-11,11.333311000000002
2023-08-12,11.333311000000002
2023-08-13,11.333311000000002
2023-08-14,11.333311000000002
2023-08-15,11.333311000000002
2023-08-16,11.333311000000002
2023-08-17,11.333311000000002
2023-08-18,11.333311000000002
2023-08-19,11.333311000000002
2023-08-20,11.333311000000002
2023-08-21,11.333311000000002
2023-08-22,11.333311000000002
2023-08-23,11.333311000000002
2023-08-24,11.333311000000002
2023-08-25,11.333311000000002
2023-08-26,11.333311000000002
2023-08-27,11.333311000000002
2023-08-28,11.333311000000002
2023-08-29,11.333311000000002
2023-08-30,11.333311000000002
2023-08-31,11.333311000000002
2023-09-01,11.333311000000002
2023-09-02,11.333311000000002
2023-09-03,11.333311000000002
2023-09-04,11.333311000000002
2023-09-05,11.333311000000002
2023-09-06,11.333311000000002
2023-09-07,11.333311000000002
2023-09-08,11.333311000000002
2023-09-09,11.333311000000002
2023-09-10,11.333311000000002
2023-09-11,11.333311000000002
2023-09-12,11.333311000000002
2023-09-13,11.333311000000002
2023-09-14,11.333311000000002
2023-09-15,11.333311000000002
2023-09-16,11.333311000000002
2023-09-17,11.333311000000002
2023-09-18,11.333311000000002
2023-09-19,11.333311000000002
2023-09-20,11.333311000000002
2023-09-21,11.333311000000002
2023-09-22,11.333311000000002
2023-09-23,11.333311000000002
2023-09-24,11.333311000000002
2023-09-25,11.333311000000002
2023-09-26,11.333311000000002
2023-09-27,11.333311000000002
2023-09-28,11.333311000000002
2023-09-29,11.333311000000002
2023-09-30,11.333311000000002
2023-10-01,11.22279981826822
2023-10-02,11.29238791287913
2023-10-03,11.333311000000002
2023-10-04,11.1603645731693
2023-10-05,11.130728500186844
2023-10-06,11.333311000000002
2023-10-07,11.264957978726487
2023-10-08,11.211881601788875
2023-10-09,11.333311000000002
2023-10-10,11.206043794055281
2023-10-11,11.333311000000002
2023-10-12,11.32464504687627
2023-10-13,11.197237759730502
2023-10-14,11.333311000000002
2023-10-15,11.169589578001247
2023-10-16,11.300239285527674
2023-10-17,11.246098573280355
2023-10-18,11.333311000000002
2023-10-19,11.333311000000002
2023-10-20,11.191209171738448
2023-10-21,11.100580998915595
2023-10-22,11.215600760281191
2023-10-23,11.088101861626814
2023-10-24,11.333311000000002
2023-10-25,11.150580061844375
2023-10-26,11.087748752073217
2023-10-27,11.133016335073151
2023-10-28,10.963524144489028
2023-10-29,10.990275822922046
2023-10-30,11.201858847951861
2023-10-31,10.998038738559531
2023-11-01,10.945137280343545
2023-11-02,11.095321243657413
2023-11-03,11.148973382911494
2023-11-04,11.087419297514138
2023-11-05,11.102262641658083
2023-11-06,10.907724401822348
2023-11-07,10.825032281837858
2023-11-08,11.111800010393715
2023-11-09,10.909243238923878
2023-11-10,10.901797123643915
2023-11-11,11.049420327559119
2023-11-12,10.95460950598105
2023-11-13,10.92878932410752
2023-11-14,11.089195614639802
2023-11-15,10.783952107905614
2023-11-16,10.92977527549574
2023-11-17,10.82379191393522
2023-11-18,10.829145858636927
2023-11-19,10.942327712098754
2023-11-20,10.820375204552594
2023-11-21,10.806548580901563
2023-11-22,10.844460161321244
2023-11-23,10.67907201823123
2023-11-24,10.612769682491708
2023-11-25,10.573999207057163
2023-11-26,10.461321823056995
2023-11-27,10.857899227410844
2023-11-28,10.514384415442231
2023-11-29,10.587125537369669
2023-11-30,10.563152980523782
2023-12-01,10.6049809203248
2023-12-02,10.638879333703192
2023-12-03,10.62490843540438
2023-12-04,10.45749951257377
2023-12-05,10.481581636021891
2023-12-06,10.509052060085663
2023-12-07,10.435369806978896
2023-12-08,10.60757476940029
2023-12-09,10.473460600894718
2023-12-10,10.47942949412809
2023-12-11,10.452790874460256
2023-12-12,10.486121793108419
2023-12-13,10.36454488287073
2023-12-14,10.192913800085055
2023-12-15,10.348301228298624
2023-12-16,10.220575037731727
2023-12-17,10.213758050289234
2023-12-18,10.309151478144221
2023-12-19,10.356821169941016
2023-12-20,10.211926089929829
2023-12-21,10.22204441891982
2023-12-22,10.346098434704365
2023-12-23,10.176026289502547
2023-12-24,10.399789991550742
2023-12-25,10.170539911705596
2023-12-26,9.91142689818715
2023-12-27,10.151050137190424
2023-12-28,10.093336372934983
2023-12-29,10.167624491004103
2023-12-30,10.084823590878157
2023-12-31,9.981979703780958
2024-01-01,9.949454276032906
2024-01-02,10.035818862120415
2024-01-03,9.949851495111794
2024-01-04,9.95881269729927
2024-01-05,10.06141889784942
2024-01-06,10.154980550583472
2024-01-07,10.003412772146826
2024-01-08,9.819133141422752
2024-01-09,9.971183064656712
2024-01-10,10.03089153703198
2024-01-11,9.824484610917178
2024-01-12,9.855684953374926
2024-01-13,9.852979376229184
2024-01-14,9.751727668309417
2024-01-15,9.882957257080198
2024-01-16,9.785147611332674
2024-01-17,9.82377624654966
2024-01-18,9.670307386754997
2024-01-19,9.699838550979624
2024-01-20,9.803397327614002
2024-01-21,9.672464278835823
2024-01-22,9.874180451892572
2024-01-23,9.636276071835319
2024-01-24,9.684818568201646
2024-01-25,9.7422487798448
2024-01-26,9.48156713245648
2024-01-27,9.430091573966164
2024-01-28,9.438924906903262
2024-01-29,9.713642290270815
2024-01-30,9.509615938886611
2024-01-31,9.81825277676691
2024-02-01,9.478554937980059
2024-02-02,9.541927087832287
2024-02-03,9.668877931818367
2024-02-04,9.7030780819105
2024-02-05,9.695001366166526
2024-02-06,9.592624205571372
2024-02-07,9.56009359961677
2024-02-08,9.502087360121017
2024-02-09,9.5085801556792
2024-02-10,9.357640907528678
2024-02-11,9.317532166477411
2024-02-12,9.390266362788639
2024-02-13,9.361121326197248
2024-02-14,9.320154558725129
2024-02-15,9.428547813874031
2024-02-16,9.444534995542611
2024-02-17,9.343652840655343
2024-02-18,9.477819888483246
2024-02-19,9.195166996352393
2024-02-20,9.284016218139527
2024-02-21,9.220068229738143
2024-02-22,9.157315288000001
2024-02-23,9.267940559596521
2024-02-24,9.255271367065468
2024-02-25,9.417133173614454
2024-02-26,9.317296894983738
2024-02-27,9.157315288000001
2024-02-28,9.429550754618662
2024-02-29,9.356626220556734
2024-03-01,9.270304034113979
2024-03-02,9.181034191133834
2024-03-03,9.157315288000001
2024-03-04,9.157315288000001
2024-03-05,9.304062076364191
2024-03-06,9.382786477682757
2024-03-07,9.343438074819229
2024-03-08,9.157315288000001
2024-03-09,9.157315288000001
2024-03-10,9.187610662006225
2024-03-11,9.157315288000001
2024-03-12,9.20131253753456
2024-03-13,9.157315288000001
2024-03-14,9.157315288000001
2024-03-15,9.157315288000001
2024-03-16,9.213820270047812
2024-03-17,9.157315288000001
2024-03-18,9.157315288000001
2024-03-19,9.157315288000001
2024-03-20,9.157315288000001
2024-03-21,9.34174497973788
2024-03-22,9.330398578066665
2024-03-23,9.157315288000001
2024-03-24,9.157315288000001
2024-03-25,9.208545731530894
2024-03-26,9.157315288000001
2024-03-27,9.194014719073431
2024-03-28,9.244156277027306
2024-03-29,9.294209582942484
2024-03-30,9.158477729096441
2024-03-31,9.157315288000001
2024-04-01,9.157315288000001
2024-04-02,9.157315288000001
2024-04-03,9.157464833470877
2024-04-04,9.222956900562057
2024-04-05,9.283756289821369
2024-04-06,9.157315288000001
2024-04-07,9.352722208207236
2024-04-08,9.173921148512786
2024-04-09,9.204910902095403
2024-04-10,9.157315288000001
2024-04-11,9.157315288000001
2024-04-12,9.315661771317833
2024-04-13,9.306360642924183
2024-04-14,9.206675938254104
2024-04-15,9.249436752257225
2024-04-16,9.302915307063593
2024-04-17,9.157315288000001
2024-04-18,9.208424890602375
2024-04-19,9.353616667646607
2024-04-20,9.157315288000001
2024-04-21,9.317197340547752
2024-04-22,9.157315288000001
2024-04-23,9.351802930081378
2024-04-24,9.308208801484277
2024-04-25,9.157315288000001
2024-04-26,9.45109815789957
2024-04-27,9.262773308352147
2024-04-28,9.264437747833455
2024-04-29,9.379376615274763
2024-04-30,9.487997064281313
2024-05-01,9.272935453676567
2024-05-02,9.395439354871506
2024-05-03,9.444225079035462
2024-05-04,9.482508002731432
2024-05-05,9.439720989092478
2024-05-06,9.394337709523933
2024-05-07,9.357771565679617
2024-05-08,9.464401697650207
2024-05-09,9.35559992081503
2024-05-10,9.17507937447457
2024-05-11,9.536590012738067
2024-05-12,9.597482818906476
2024-05-13,9.269957665511646
2024-05-14,9.423363856497133
2024-05-15,9.605619135143753
2024-05-16,9.768203954771773
2024-05-17,9.56932818446889
2024-05-18,9.504622240571445
2024-05-19,9.574706365466524
2024-05-20,9.75031098723218
2024-05-21,9.55366168585661
2024-05-22,9.551490904814454
2024-05-23,9.598324734052063
2024-05-24,9.563385319174861
2024-05-25,9.689505684079684
2024-05-26,9.86007417315865
2024-05-27,9.739011365364819
2024-05-28,9.693622669573312
2024-05-29,9.704112398244174
2024-05-30,9.586508178346888
2024-05-31,9.855863213486629
2024-06-01,9.770750288407525
2024-06-02,9.77504002540124
2024-06-03,10.141150411452369
2024-06-04,9.855094504876112
2024-06-05,9.760980075338022
2024-06-06,9.810119697471903
2024-06-07,9.98933401144883
2024-06-08,9.897013123913545
2024-06-09,9.751013900861079
2024-06-10,10.011843615548436
2024-06-11,9.862214023078808
2024-06-12,10.14227243472654
2024-06-13,10.075358754887798
2024-06-14,9.932084845936256
2024-06-15,10.127629216518892
2024-06-16,10.017103336954703
2024-06-17,10.114517030612966
2024-06-18,10.091967353110467
2024-06-19,9.96921179094427
2024-06-20,10.006078763185561
2024-06-21,10.195987765440146
2024-06-22,10.069730916531142
2024-06-23,10.0783127526345
2024-06-24,10.036660929669592
2024-06-25,10.195847381999707
2024-06-26,10.382087461994349
2024-06-27,10.072037210391745
2024-06-28,10.201277603032437
2024-06-29,10.3613085063512
2024-06-30,10.221617834485038
2024-07-01,10.836534270867459
2024-07-02,10.702090470483906
2024-07-03,10.880313179051944
2024-07-04,10.839278539285106
2024-07-05,10.98424063480947
2024-07-06,11.028033438920142
2024-07-07,11.196642301144033
2024-07-08,11.010068410464616
2024-07-09,11.006110214235775
2024-07-10,11.014760830845733
2024-07-11,10.979970519241373
2024-07-12,11.073987977026881
2024-07-13,11.029919202907477
2024-07-14,11.099925513169103
2024-07-15,11.241078312400612
2024-07-16,11.02063074072373
2024-07-17,11.265215411909837
2024-07-18,11.304703500644813
2024-07-19,11.176213829882117
2024-07-20,10.988360268693437
2024-07-21,11.166371413091078
2024-07-22,11.384840615305917
2024-07-23,11.267535368819697
2024-07-24,11.185748441022334
2024-07-25,11.256805498975414
2024-07-26,11.416173521752656
2024-07-27,11.404720862950304
2024-07-28,11.341851392913574
2024-07-29,11.347182415712211
2024-07-30,11.362974159630078
2024-07-31,11.325882016841755
2024-08-01,11.446644110000001
2024-08-02,11.423785713168307
2024-08-03,11.446644110000001
2024-08-04,11.446644110000001
2024-08-05,11.446644110000001
2024-08-06,11.446644110000001
2024-08-07,11.446644110000001
2024-08-08,11.446644110000001
2024-08-09,11.446644110000001
2024-08-10,11.446644110000001
2024-08-11,11.446644110000001
2024-08-12,11.446644110000001
2024-08-13,11.446644110000001
2024-08-14,11.446644110000001
2024-08-15,11.446644110000001
2024-08-16,11.446644110000001
2024-08-17,11.446644110000001
2024-08-18,11.446644110000001
2024-08-19,11.446644110000001
2024-08-20,11.446644110000001
2024-08-21,11.446644110000001
2024-08-22,11.446644110000001
2024-08-23,11.446644110000001
2024-08-24,11.446644110000001
2024-08-25,11.446644110000001
2024-08-26,11.446644110000001
2024-08-27,11.446644110000001
2024-08-28,11.446644110000001
2024-08-29,11.446644110000001
2024-08-30,11.446644110000001
2024-08-31,11.446644110000001
2024-09-01,11.446644110000001
2024-09-02,11.446644110000001
2024-09-03,11.446644110000001
2024-09-04,11.446644110000001
2024-09-05,11.446644110000001
2024-09-06,11.446644110000001
2024-09-07,11.446644110000001
2024-09-08,11.446644110000001
2024-09-09,11.446644110000001
2024-09-10,11.446644110000001
2024-09-11,11.446644110000001
2024-09-12,11.446644110000001
2024-09-13,11.446644110000001
2024-09-14,11.446644110000001
2024-09-15,11.446644110000001
2024-09-16,11.446644110000001
2024-09-17,11.446644110000001
2024-09-18,11.446644110000001
2024-09-19,11.446644110000001
2024-09-20,11.446644110000001
2024-09-21,11.446644110000001
2024-09-22,11.446644110000001
2024-09-23,11.446644110000001
2024-09-24,11.446644110000001
2024-09-25,11.446644110000001
2024-09-26,11.446644110000001
2024-09-27,11.446644110000001
2024-09-28,11.446644110000001
2024-09-29,11.446644110000001
2024-09-30,11.446644110000001
2024-10-01,11.255114698300456
2024-10-02,11.309537626006366
2024-10-03,11.303612801758284
2024-10-04,11.446644110000001
2024-10-05,11.446644110000001
2024-10-06,11.388520836731823
2024-10-07,11.376056739077217
2024-10-08,11.394825104584138
2024-10-09,11.446644110000001
2024-10-10,11.27789369442167
2024-10-11,11.392151031254537
2024-10-12,11.446644110000001
2024-10-13,11.404449080129222
2024-10-14,11.364044350606163
2024-10-15,11.440188194203438
2024-10-16,11.046115616674083
2024-10-17,11.389047288720315
2024-10-18,11.241234972263591
2024-10-19,11.10929450553971
2024-10-20,11.343183722112352
2024-10-21,11.42283534128766
2024-10-22,11.255203265834338
2024-10-23,11.35799035302326
2024-10-24,11.41565226320956
2024-10-25,11.37347227203808
2024-10-26,11.39578395829094
2024-10-27,11.290567972134086
2024-10-28,11.209134782328901
2024-10-29,11.022260679030394
2024-10-30,11.150770446843634
2024-10-31,11.075782050965678
2024-11-01,11.376339325199096
2024-11-02,11.118775518767091
2024-11-03,11.136299662280315
2024-11-04,11.167023935850995
2024-11-05,11.100091334286038
2024-11-06,11.257624483766161
2024-11-07,11.001895486375886
2024-11-08,11.072164794567222
2024-11-09,10.959655092278261
2024-11-10,10.88434004398139
2024-11-11,10.942613146295383
2024-11-12,10.98678328902217
2024-11-13,10.930123196976393
2024-11-14,10.886702789262351
2024-11-15,10.796179653255676
2024-11-16,10.917449025222439
2024-11-17,10.752905691464745
2024-11-18,10.971789680215394
2024-11-19,10.884312077905186
2024-11-20,10.70692536735547
2024-11-21,10.809122798787905
2024-11-22,10.745570168615343
2024-11-23,10.839439301366196
2024-11-24,10.927950273759848
2024-11-25,10.575423697351527
2024-11-26,10.764478141125839
2024-11-27,10.71766508160029
2024-11-28,10.785880451099208
2024-11-29,10.719775139943854
2024-11-30,10.600791635083503
2024-12-01,10.627181305106664
2024-12-02,10.5587815336445
2024-12-03,10.734719514092475
2024-12-04,10.606005903641304
2024-12-05,10.78257586286107
2024-12-06,10.559290014753948
2024-12-07,10.472672399672259
2024-12-08,10.36958642986047
2024-12-09,10.320116674196829
2024-12-10,10.323493271104272
2024-12-11,10.496668157288605
2024-12-12,10.502291285627123
2024-12-13,10.265252452108866
2024-12-14,10.503330597920485
2024-12-15,10.340293720925477
2024-12-16,10.38617903436151
2024-12-17,10.518994043078767
2024-12-18,10.424858607517063
2024-12-19,10.283888415122199
2024-12-20,10.199389755631135
2024-12-21,10.048507475784168
2024-12-22,10.17789829721712
2024-12-23,10.211085406014071
2024-12-24,10.110671852874523
2024-12-25,10.180108193322972
2024-12-26,10.182164845138496
2024-12-27,10.131207638654722
2024-12-28,10.067449017921914
2024-12-29,10.133170578223446
2024-12-30,10.142195807245361
2024-12-31,9.963387876196037
