Date,Fecal Streptococci (MPN/100 mL)
2020-01-01,2.1153173133661403
2020-01-02,2.0941619565348897
2020-01-03,2.115642447364194
2020-01-04,2.139813123132124
2020-01-05,2.0850172121672994
2020-01-06,2.0829470568916224
2020-01-07,2.1352872820560354
2020-01-08,2.108884661757609
2020-01-09,2.069739708143885
2020-01-10,2.098075262223737
2020-01-11,2.0658832528744053
2020-01-12,2.063814611742397
2020-01-13,2.0830600835649227
2020-01-14,2.0164320978083135
2020-01-15,2.020127422528415
2020-01-16,2.053066526078959
2020-01-17,2.03762672970141
2020-01-18,2.0755324815186253
2020-01-19,2.0369751893457777
2020-01-20,2.019975662279219
2020-01-21,2.104461664190665
2020-01-22,2.051885454965162
2020-01-23,2.058870791323056
2020-01-24,2.012308896612324
2020-01-25,2.036946984776204
2020-01-26,2.054854521154737
2020-01-27,2.0152671847742156
2020-01-28,2.059360365554954
2020-01-29,2.0283854874779568
2020-01-30,2.035992348351631
2020-01-31,2.0250542569819823
2020-02-01,2.0970603625085764
2020-02-02,2.039498407073235
2020-02-03,2.006608518770451
2020-02-04,2.0614783960996985
2020-02-05,1.998665076291374
2020-02-06,2.0400712135893317
2020-02-07,1.9735571449275322
2020-02-08,1.9910710650915462
2020-02-09,2.035419760477256
2020-02-10,2.050293492228982
2020-02-11,2.03193481655086
2020-02-12,2.022007693555526
2020-02-13,2.0151568958422033
2020-02-14,1.9785770838582375
2020-02-15,2.0001103989076703
2020-02-16,2.0066901519438765
2020-02-17,2.051057534617435
2020-02-18,2.0285182774683252
2020-02-19,1.964216029332879
2020-02-20,2.0257592292431785
2020-02-21,2.0034460060908184
2020-02-22,1.9936851746621347
2020-02-23,2.0313703773233627
2020-02-24,2.043010510384293
2020-02-25,2.039112824811709
2020-02-26,1.9851255210458967
2020-02-27,2.000187288450327
2020-02-28,2.0185974115623595
2020-02-29,2.0371561855267415
2020-03-01,1.9927796299408387
2020-03-02,2.000885033198564
2020-03-03,1.9725998262010134
2020-03-04,1.9692740741541679
2020-03-05,2.028941956101307
2020-03-06,2.044694977979117
2020-03-07,2.0013249217739575
2020-03-08,2.0331046681077147
2020-03-09,2.0133973692957428
2020-03-10,1.9827805883643483
2020-03-11,2.0125983494197732
2020-03-12,2.0475563982149363
2020-03-13,2.0000359608275198
2020-03-14,2.0477822035159936
2020-03-15,1.9220194829897204
2020-03-16,2.0250747124119854
2020-03-17,2.0028717669389713
2020-03-18,1.9911698150378947
2020-03-19,2.0028095382101454
2020-03-20,1.940383350230131
2020-03-21,1.9934110008978507
2020-03-22,2.010742314397866
2020-03-23,2.044430569937285
2020-03-24,1.9846474658073452
2020-03-25,1.9760795702746847
2020-03-26,1.9854574141740666
2020-03-27,2.028184825169318
2020-03-28,2.010834757112549
2020-03-29,1.9853656320010697
2020-03-30,2.0169793426941527
2020-03-31,2.0048530993864295
2020-04-01,2.0313960409320355
2020-04-02,1.9817073644954726
2020-04-03,1.9934075787055145
2020-04-04,1.9919787651745966
2020-04-05,1.9603770593491794
2020-04-06,2.0137423853278995
2020-04-07,2.0133023048414085
2020-04-08,2.0062713391623794
2020-04-09,1.999762837570353
2020-04-10,1.9650568704957507
2020-04-11,1.9956509867141738
2020-04-12,1.9987758540567973
2020-04-13,1.985810270958772
2020-04-14,2.005895430126853
2020-04-15,2.0237447991041067
2020-04-16,2.0691317183297855
2020-04-17,2.0187396660775114
2020-04-18,2.0222180729787627
2020-04-19,2.0132801593839846
2020-04-20,1.959004819199829
2020-04-21,2.016859088952048
2020-04-22,2.02057976985729
2020-04-23,2.0938199626702487
2020-04-24,2.0153328427608406
2020-04-25,2.0313618511072065
2020-04-26,2.022516264532922
2020-04-27,1.9897695228495795
2020-04-28,2.0604164773408535
2020-04-29,2.0500210095967564
2020-04-30,2.052554105050799
2020-05-01,2.0029301502963373
2020-05-02,2.0737123183660136
2020-05-03,1.9910173402457332
2020-05-04,2.052150208027019
2020-05-05,2.101756590989077
2020-05-06,2.007851619364623
2020-05-07,2.0221294722089587
2020-05-08,2.043684088598511
2020-05-09,2.0271914030962295
2020-05-10,1.9974014019386435
2020-05-11,2.047627851632909
2020-05-12,2.0153750450331085
2020-05-13,2.0631481641546645
2020-05-14,2.023076437102891
2020-05-15,2.0988979979688014
2020-05-16,2.030664681693523
2020-05-17,2.046283740367877
2020-05-18,2.082154870078803
2020-05-19,2.0226471195862876
2020-05-20,2.068239930056611
2020-05-21,2.1024923388584758
2020-05-22,2.01693377294869
2020-05-23,2.072595231893113
2020-05-24,2.0767678161099012
2020-05-25,2.0943577370845152
2020-05-26,2.0357422783471177
2020-05-27,2.035200302956725
2020-05-28,2.092450321188056
2020-05-29,2.0876939723356616
2020-05-30,2.08830527023833
2020-05-31,2.093203083835645
2020-06-01,2.0644405506410997
2020-06-02,2.093852457832794
2020-06-03,2.097731870088884
2020-06-04,2.069574687767446
2020-06-05,2.149054073444819
2020-06-06,2.1093808918766097
2020-06-07,2.0615207059584
2020-06-08,2.1190585457754376
2020-06-09,2.0722312111627748
2020-06-10,2.127200895089589
2020-06-11,2.1404692647871872
2020-06-12,2.0832196839352903
2020-06-13,2.1388752782649103
2020-06-14,2.1244957156271655
2020-06-15,2.138916204957654
2020-06-16,2.173303486129328
2020-06-17,2.1111858981170073
2020-06-18,2.098085213616432
2020-06-19,2.096162897591755
2020-06-20,2.100525691451037
2020-06-21,2.124838618237056
2020-06-22,2.1395372606973426
2020-06-23,2.1397531823828073
2020-06-24,2.1584158008213707
2020-06-25,2.136135656598518
2020-06-26,2.181493734495649
2020-06-27,2.1320863006152804
2020-06-28,2.223764921511847
2020-06-29,2.1630586230159854
2020-06-30,2.120696916330196
2020-07-01,2.1164015637885725
2020-07-02,2.1651122349408727
2020-07-03,2.146036305565745
2020-07-04,2.1762541105735065
2020-07-05,2.17111629062673
2020-07-06,2.156809902312057
2020-07-07,2.135656492568024
2020-07-08,2.1176697363414605
2020-07-09,2.151763259149535
2020-07-10,2.1928823262789683
2020-07-11,2.1756323275959524
2020-07-12,2.1338434044999746
2020-07-13,2.1784033535559866
2020-07-14,2.1867455200426114
2020-07-15,2.150633477240506
2020-07-16,2.18370870224717
2020-07-17,2.1827749292709315
2020-07-18,2.1486546749279376
2020-07-19,2.195575350824922
2020-07-20,2.2035454795610443
2020-07-21,2.221075405276771
2020-07-22,2.222041012481741
2020-07-23,2.1509205654035743
2020-07-24,2.165919662948499
2020-07-25,2.2112887775526495
2020-07-26,2.213013612709091
2020-07-27,2.2147922664592765
2020-07-28,2.3
2020-07-29,2.219882558875903
2020-07-30,2.23849600681669
2020-07-31,2.2346987480341687
2020-08-01,2.2272460648194587
2020-08-02,2.1998473750149077
2020-08-03,2.233650672517756
2020-08-04,2.189247534445329
2020-08-05,2.2068525195830215
2020-08-06,2.2008945983521158
2020-08-07,2.219383352052088
2020-08-08,2.2878112679622746
2020-08-09,2.163770270282068
2020-08-10,2.2417646590717277
2020-08-11,2.1741555052481574
2020-08-12,2.209710251120914
2020-08-13,2.2578386539308557
2020-08-14,2.228370782948784
2020-08-15,2.1953522258249225
2020-08-16,2.207437217017927
2020-08-17,2.2504652331723505
2020-08-18,2.209316137489427
2020-08-19,2.2388392524719345
2020-08-20,2.234799199538314
2020-08-21,2.2149384527148555
2020-08-22,2.2998267614226804
2020-08-23,2.255515238976984
2020-08-24,2.176699581106802
2020-08-25,2.243970356043412
2020-08-26,2.2194124045801153
2020-08-27,2.2656944110084662
2020-08-28,2.2171670882944183
2020-08-29,2.2382875603588586
2020-08-30,2.2576316256121505
2020-08-31,2.269172204253496
2020-09-01,2.207873172325221
2020-09-02,2.23449431624876
2020-09-03,2.230892863649209
2020-09-04,2.226117615229646
2020-09-05,2.2992216174398714
2020-09-06,2.258912008225381
2020-09-07,2.2094045240581557
2020-09-08,2.2751991671955945
2020-09-09,2.3
2020-09-10,2.2793926381157825
2020-09-11,2.2031604629072987
2020-09-12,2.234500753991254
2020-09-13,2.2872845728373425
2020-09-14,2.228259790549834
2020-09-15,2.2629802044829064
2020-09-16,2.2730434492473255
2020-09-17,2.222098337257618
2020-09-18,2.2481853020656324
2020-09-19,2.152760822264952
2020-09-20,2.2192579530918133
2020-09-21,2.242366240544125
2020-09-22,2.2124264689891837
2020-09-23,2.2987119842261228
2020-09-24,2.2066781213804525
2020-09-25,2.2361868292866776
2020-09-26,2.2530793234770097
2020-09-27,2.292127456671165
2020-09-28,2.2055088342436595
2020-09-29,2.2831384313101277
2020-09-30,2.2481728108280854
2020-10-01,2.2180064519242477
2020-10-02,2.260864423056944
2020-10-03,2.2524865654458366
2020-10-04,2.227985716563244
2020-10-05,2.2475278811202193
2020-10-06,2.233280319217559
2020-10-07,2.247615644936343
2020-10-08,2.2634091177371527
2020-10-09,2.290425647408163
2020-10-10,2.204975703322124
2020-10-11,2.3
2020-10-12,2.1819737062884617
2020-10-13,2.2351444004063565
2020-10-14,2.2564750949563144
2020-10-15,2.246349231322636
2020-10-16,2.218298925747246
2020-10-17,2.2297634978179683
2020-10-18,2.220211497456927
2020-10-19,2.216282347130339
2020-10-20,2.2583808289168696
2020-10-21,2.24250073579768
2020-10-22,2.209868844311313
2020-10-23,2.2564786811903272
2020-10-24,2.2375132604667867
2020-10-25,2.2514531199959085
2020-10-26,2.2446988585478262
2020-10-27,2.1996530076451646
2020-10-28,2.2064008006789306
2020-10-29,2.244279313324578
2020-10-30,2.2387971845618218
2020-10-31,2.2184563056225763
2020-11-01,2.221172572855338
2020-11-02,2.2545246411344637
2020-11-03,2.1969624725444206
2020-11-04,2.229610872698498
2020-11-05,2.2055943737878554
2020-11-06,2.2035662400878104
2020-11-07,2.2414712885863075
2020-11-08,2.2316570351207767
2020-11-09,2.22966212823459
2020-11-10,2.2427597160391093
2020-11-11,2.202540690244399
2020-11-12,2.220661597041964
2020-11-13,2.1891651538387555
2020-11-14,2.206446524062694
2020-11-15,2.191044366170242
2020-11-16,2.1960649337673632
2020-11-17,2.209195966783349
2020-11-18,2.164961178379978
2020-11-19,2.250426844951286
2020-11-20,2.1556035669435953
2020-11-21,2.147469280075601
2020-11-22,2.2167316628935594
2020-11-23,2.2038147288627
2020-11-24,2.1968486370077587
2020-11-25,2.195019860129881
2020-11-26,2.173831381396651
2020-11-27,2.1452958645059206
2020-11-28,2.172488353087033
2020-11-29,2.1478866877384784
2020-11-30,2.1954296522805987
2020-12-01,2.159726658671914
2020-12-02,2.137324186505411
2020-12-03,2.150387259150312
2020-12-04,2.1703461302192695
2020-12-05,2.1389660359759977
2020-12-06,2.129121596911834
2020-12-07,2.159000730774732
2020-12-08,2.1569331083574586
2020-12-09,2.1322625279545613
2020-12-10,2.131219727448765
2020-12-11,2.1501863977357134
2020-12-12,2.097650991936653
2020-12-13,2.096733462658915
2020-12-14,2.115263767089577
2020-12-15,2.1282698953528274
2020-12-16,2.1418538866386645
2020-12-17,2.174638465634053
2020-12-18,2.1539570937244523
2020-12-19,2.121277718712183
2020-12-20,2.1233536391518335
2020-12-21,2.091696814032474
2020-12-22,2.1190668267946617
2020-12-23,2.1088135811616717
2020-12-24,2.1250082469059595
2020-12-25,2.0883659779662804
2020-12-26,2.1266230195370235
2020-12-27,2.1548886452085045
2020-12-28,2.10351229593131
2020-12-29,2.1167004750456537
2020-12-30,2.123233496535638
2020-12-31,2.088379274619228
2021-01-01,2.128210049862417
2021-01-02,2.119674534169414
2021-01-03,2.120133494919415
2021-01-04,2.0916412532634614
2021-01-05,2.113704889823135
2021-01-06,2.125960225480836
2021-01-07,2.1527596578829113
2021-01-08,2.135786142112234
2021-01-09,2.1699036075817535
2021-01-10,2.079365814369812
2021-01-11,2.1270149567880035
2021-01-12,2.1041196321668716
2021-01-13,2.1629102564486162
2021-01-14,2.070077372153267
2021-01-15,2.0671501352607664
2021-01-16,2.072472906318796
2021-01-17,2.0243377394979696
2021-01-18,2.0708357349992474
2021-01-19,2.061856351082451
2021-01-20,2.0875251527826997
2021-01-21,2.0914523292002962
2021-01-22,2.1360933078477973
2021-01-23,2.10621123693128
2021-01-24,2.0581216748541444
2021-01-25,2.0465892866352235
2021-01-26,2.0869472627947228
2021-01-27,2.030291895845128
2021-01-28,2.1240635198600164
2021-01-29,2.102605730315131
2021-01-30,2.050974570195111
2021-01-31,2.0116285336708994
2021-02-01,2.1029292700802533
2021-02-02,2.0568317997423726
2021-02-03,2.096229079358315
2021-02-04,2.0088589111624997
2021-02-05,2.0374822264529104
2021-02-06,2.054302242898042
2021-02-07,2.0540942331214365
2021-02-08,2.037588829238263
2021-02-09,2.0686814155853233
2021-02-10,2.0160719907671187
2021-02-11,2.042747607400167
2021-02-12,2.0493768710883153
2021-02-13,2.0600194034489605
2021-02-14,2.064724001811046
2021-02-15,2.007846127028419
2021-02-16,1.9942307488501076
2021-02-17,2.078250914212701
2021-02-18,2.0484609406320655
2021-02-19,2.014599164276035
2021-02-20,2.083196982121281
2021-02-21,2.038653400667415
2021-02-22,2.0698654676951604
2021-02-23,2.035196099531444
2021-02-24,2.0946419920804327
2021-02-25,2.084472992976634
2021-02-26,2.0228614535110854
2021-02-27,2.058996896137039
2021-02-28,2.0483009949788853
2021-03-01,2.069438266223432
2021-03-02,1.9979892247913824
2021-03-03,2.0473067097614157
2021-03-04,2.0579180361269485
2021-03-05,1.9719220691667336
2021-03-06,1.988759110310003
2021-03-07,1.9622591199070811
2021-03-08,2.015357050591911
2021-03-09,2.044770198333281
2021-03-10,2.068095190108267
2021-03-11,2.0244005946592463
2021-03-12,2.071121097097876
2021-03-13,1.9796123800492555
2021-03-14,1.9695093615083652
2021-03-15,2.0191682275034215
2021-03-16,2.032255137576398
2021-03-17,2.019431162786285
2021-03-18,1.957619462809536
2021-03-19,2.017441098710152
2021-03-20,1.980531856197924
2021-03-21,2.0403016000743897
2021-03-22,2.0311090959650406
2021-03-23,1.99155086909932
2021-03-24,2.004524518485688
2021-03-25,1.9881033583658752
2021-03-26,2.0184385454977183
2021-03-27,2.0494560390476066
2021-03-28,1.9908624900506717
2021-03-29,2.0362545554811766
2021-03-30,2.005204216658537
2021-03-31,1.9975730860802106
2021-04-01,2.0187171607284253
2021-04-02,1.9909922157589024
2021-04-03,2.0060210729328913
2021-04-04,1.98697411738904
2021-04-05,2.0833106013936136
2021-04-06,2.025393818495818
2021-04-07,2.0037056818939467
2021-04-08,2.0320089444380187
2021-04-09,2.022775574912105
2021-04-10,2.020173077221467
2021-04-11,2.0462024236961516
2021-04-12,2.0513055334755395
2021-04-13,2.0130736776755276
2021-04-14,2.012530082234241
2021-04-15,2.0225072750679067
2021-04-16,1.9619912948421792
2021-04-17,1.9867613135217883
2021-04-18,2.075053645313051
2021-04-19,2.084478998588739
2021-04-20,2.028122880226981
2021-04-21,2.054203311195978
2021-04-22,2.047261929950349
2021-04-23,2.1322506806908437
2021-04-24,2.0740450461051148
2021-04-25,2.0374388053994497
2021-04-26,2.013585709795377
2021-04-27,1.9951178702965162
2021-04-28,2.051243110784724
2021-04-29,2.0234756832523426
2021-04-30,2.004643361401505
2021-05-01,2.029520219713354
2021-05-02,2.017742987170065
2021-05-03,2.103065165471009
2021-05-04,2.0801172854863648
2021-05-05,2.0546483691332478
2021-05-06,2.1012456588452935
2021-05-07,2.060287645931452
2021-05-08,2.033412676837766
2021-05-09,2.1072521526636114
2021-05-10,2.0790476037705576
2021-05-11,2.0329319594432422
2021-05-12,2.060259410066682
2021-05-13,2.0411853649317826
2021-05-14,2.027530963299746
2021-05-15,2.0992289354614124
2021-05-16,2.130779289682703
2021-05-17,2.0323273057815268
2021-05-18,2.0935630095843125
2021-05-19,2.0586123772488985
2021-05-20,2.065408880442029
2021-05-21,2.064080757434234
2021-05-22,2.0577319164710044
2021-05-23,2.08728005801211
2021-05-24,2.062548989771261
2021-05-25,2.097855887426402
2021-05-26,2.0900898667241994
2021-05-27,2.0863391818501427
2021-05-28,2.0680629624028857
2021-05-29,2.080083823645524
2021-05-30,2.122460630602573
2021-05-31,2.1167761803602523
2021-06-01,2.0740178100088476
2021-06-02,2.1086994740658445
2021-06-03,2.130520725225309
2021-06-04,2.0592461128308455
2021-06-05,2.1283790964404314
2021-06-06,2.0939341465955223
2021-06-07,2.1334067029501216
2021-06-08,2.0951056565399857
2021-06-09,2.065667629241452
2021-06-10,2.0731718420144305
2021-06-11,2.1260812144309287
2021-06-12,2.1346381031932955
2021-06-13,2.1015177612800366
2021-06-14,2.150423085832411
2021-06-15,2.082889352810512
2021-06-16,2.1333947262603834
2021-06-17,2.1008699027634044
2021-06-18,2.1199823829466586
2021-06-19,2.1433404512735157
2021-06-20,2.118006288817222
2021-06-21,2.1345979670098365
2021-06-22,2.1789138583338716
2021-06-23,2.13311590482082
2021-06-24,2.1780884539825096
2021-06-25,2.1207061886876675
2021-06-26,2.1731561224314357
2021-06-27,2.2029461185086734
2021-06-28,2.0865354373146867
2021-06-29,2.1394355187385448
2021-06-30,2.1832167740624357
2021-07-01,2.1617234842558086
2021-07-02,2.1812593420808604
2021-07-03,2.153843691950924
2021-07-04,2.176891261577205
2021-07-05,2.171665416475871
2021-07-06,2.213872149976711
2021-07-07,2.188293668940707
2021-07-08,2.192900267812056
2021-07-09,2.1722664325393457
2021-07-10,2.1720358261992647
2021-07-11,2.175755752982822
2021-07-12,2.202853510338829
2021-07-13,2.1801718937710937
2021-07-14,2.2037201832022166
2021-07-15,2.2598225028362107
2021-07-16,2.2253157708437854
2021-07-17,2.1910094055348064
2021-07-18,2.2392357362362945
2021-07-19,2.192408537898932
2021-07-20,2.144934973898729
2021-07-21,2.1780441479869
2021-07-22,2.1537847114542443
2021-07-23,2.201680361863449
2021-07-24,2.2147312297961537
2021-07-25,2.2667910088493533
2021-07-26,2.2277019961568074
2021-07-27,2.2129372885006338
2021-07-28,2.246465233338656
2021-07-29,2.156072804989096
2021-07-30,2.231922523101349
2021-07-31,2.24983054336216
2021-08-01,2.183338318833537
2021-08-02,2.2644371180622573
2021-08-03,2.24165494802474
2021-08-04,2.2204071880707934
2021-08-05,2.253729904333291
2021-08-06,2.3048986421545474
2021-08-07,2.2431206073631316
2021-08-08,2.2466174829141035
2021-08-09,2.226636590815621
2021-08-10,2.216235823925635
2021-08-11,2.2685477971353882
2021-08-12,2.218823011272647
2021-08-13,2.2482753461532905
2021-08-14,2.2329488167450697
2021-08-15,2.2632198949197955
2021-08-16,2.2600713766446243
2021-08-17,2.2826227518896975
2021-08-18,2.236924576826054
2021-08-19,2.245362197265961
2021-08-20,2.2250124091441164
2021-08-21,2.2423042790043057
2021-08-22,2.2682635327137195
2021-08-23,2.280800278214704
2021-08-24,2.230921035667936
2021-08-25,2.286177456672797
2021-08-26,2.301836320988123
2021-08-27,2.2741857360760767
2021-08-28,2.3193895381947347
2021-08-29,2.2399063248190356
2021-08-30,2.2264339126285586
2021-08-31,2.2110116037733647
2021-09-01,2.310961686550799
2021-09-02,2.2861481645697914
2021-09-03,2.265290431328641
2021-09-04,2.276075684591369
2021-09-05,2.234072348995785
2021-09-06,2.323
2021-09-07,2.273145584279367
2021-09-08,2.2730180153916173
2021-09-09,2.292130670575921
2021-09-10,2.285114399086574
2021-09-11,2.2776865530378982
2021-09-12,2.247277601504785
2021-09-13,2.2858035451602348
2021-09-14,2.323
2021-09-15,2.312751000662077
2021-09-16,2.3204358326420786
2021-09-17,2.2568126369250248
2021-09-18,2.2424202878651753
2021-09-19,2.268659429695942
2021-09-20,2.2741872957340417
2021-09-21,2.3056434811648305
2021-09-22,2.22116103965642
2021-09-23,2.318703938772267
2021-09-24,2.2674494022323124
2021-09-25,2.259143689927057
2021-09-26,2.24121528295608
2021-09-27,2.221506520062478
2021-09-28,2.2963202192732193
2021-09-29,2.273292080172642
2021-09-30,2.23164013867078
2021-10-01,2.2311035903939453
2021-10-02,2.259751952181752
2021-10-03,2.3200426842336053
2021-10-04,2.261114304378102
2021-10-05,2.2229069136273094
2021-10-06,2.26044214191442
2021-10-07,2.259024600231292
2021-10-08,2.184936560543464
2021-10-09,2.264335515021047
2021-10-10,2.2582762780877177
2021-10-11,2.285626322823645
2021-10-12,2.319777265970389
2021-10-13,2.297076624072175
2021-10-14,2.253947605466187
2021-10-15,2.2276860995145222
2021-10-16,2.323
2021-10-17,2.2611440290059215
2021-10-18,2.258789294526936
2021-10-19,2.256620550612226
2021-10-20,2.2623048909883177
2021-10-21,2.250847573185006
2021-10-22,2.2367262151224443
2021-10-23,2.23639286757124
2021-10-24,2.2507931676890585
2021-10-25,2.2341114470235404
2021-10-26,2.227738701779929
2021-10-27,2.251292929122084
2021-10-28,2.239042276864703
2021-10-29,2.2910092817577437
2021-10-30,2.163754725028281
2021-10-31,2.2757635949780566
2021-11-01,2.279030568308594
2021-11-02,2.177005554827668
2021-11-03,2.2279732071027847
2021-11-04,2.2256020521119178
2021-11-05,2.192682326426081
2021-11-06,2.2102089092604777
2021-11-07,2.1985471948288584
2021-11-08,2.283686857292694
2021-11-09,2.2573145454100154
2021-11-10,2.265837526924439
2021-11-11,2.247497968883234
2021-11-12,2.189719412077488
2021-11-13,2.2063120739138693
2021-11-14,2.2352859373071308
2021-11-15,2.1816582762134953
2021-11-16,2.2385019968135085
2021-11-17,2.2078047458015657
2021-11-18,2.2018975981116915
2021-11-19,2.2329449639023173
2021-11-20,2.2229929572855567
2021-11-21,2.1967046544481543
2021-11-22,2.240861580885762
2021-11-23,2.171052001229166
2021-11-24,2.220528345414661
2021-11-25,2.2178772610375983
2021-11-26,2.188551932689258
2021-11-27,2.205822603001815
2021-11-28,2.156026889242526
2021-11-29,2.219914377186602
2021-11-30,2.1842810197404576
2021-12-01,2.17199931335912
2021-12-02,2.2175647434610055
2021-12-03,2.1623683796098327
2021-12-04,2.1389527454640853
2021-12-05,2.1323719044991365
2021-12-06,2.1957986518114914
2021-12-07,2.1365290814859774
2021-12-08,2.2263772792884007
2021-12-09,2.1079974912775623
2021-12-10,2.2203481594070404
2021-12-11,2.1731982146397275
2021-12-12,2.1617267413214614
2021-12-13,2.1459934090730775
2021-12-14,2.1724407739139817
2021-12-15,2.1570449331809485
2021-12-16,2.1894500900283256
2021-12-17,2.1573130240218914
2021-12-18,2.156235700289117
2021-12-19,2.138492128048596
2021-12-20,2.1456111809584484
2021-12-21,2.154489760240233
2021-12-22,2.0911723196238285
2021-12-23,2.0999684247933748
2021-12-24,2.161168975781457
2021-12-25,2.1416571797720514
2021-12-26,2.1287400402440926
2021-12-27,2.1327115985227674
2021-12-28,2.14052726826907
2021-12-29,2.111488133075492
2021-12-30,2.1021129814368225
2021-12-31,2.1294885797816074
2022-01-01,2.112693106026844
2022-01-02,2.1529796733531126
2022-01-03,2.0862414821842283
2022-01-04,2.1677093341805014
2022-01-05,2.1485547546128063
2022-01-06,2.1398148639878674
2022-01-07,2.159951198814073
2022-01-08,2.1787559528665588
2022-01-09,2.156751568010095
2022-01-10,2.0673063358791306
2022-01-11,2.0824305839973074
2022-01-12,2.100428690153709
2022-01-13,2.118323284257444
2022-01-14,2.1313564173049397
2022-01-15,2.091309706235697
2022-01-16,2.1172564718037994
2022-01-17,2.0864617138651935
2022-01-18,2.088919493952774
2022-01-19,2.062658601887957
2022-01-20,2.075544196232263
2022-01-21,2.0605424903799143
2022-01-22,2.070173135572886
2022-01-23,2.130432128482175
2022-01-24,2.067303419981998
2022-01-25,2.1751081520190687
2022-01-26,2.107859540737714
2022-01-27,2.0966544515314665
2022-01-28,2.0629876993002907
2022-01-29,2.108968964843402
2022-01-30,2.068226253982068
2022-01-31,2.0879057413589686
2022-02-01,2.160872273639112
2022-02-02,2.077965659512788
2022-02-03,2.1144816891608946
2022-02-04,2.056222461778081
2022-02-05,2.075128969770215
2022-02-06,2.1288766042369005
2022-02-07,2.05401035547219
2022-02-08,2.127204434374705
2022-02-09,2.0919664857422897
2022-02-10,2.0516919279324926
2022-02-11,2.086885896892592
2022-02-12,2.0959523164038463
2022-02-13,2.0839054761184834
2022-02-14,2.015540104612195
2022-02-15,2.0400894312434494
2022-02-16,2.0535467395018485
2022-02-17,2.057654793343519
2022-02-18,2.0777701725311184
2022-02-19,2.063089273128596
2022-02-20,2.0156935046259723
2022-02-21,2.06713513867516
2022-02-22,2.0731598462111274
2022-02-23,2.0706130595181986
2022-02-24,2.0855984758002215
2022-02-25,2.0771195468007715
2022-02-26,2.0647614058467294
2022-02-27,2.0477065980185847
2022-02-28,1.99820317729513
2022-03-01,2.061396023690618
2022-03-02,2.0538545359936817
2022-03-03,2.055095671183388
2022-03-04,2.0070339152513315
2022-03-05,2.012380421055293
2022-03-06,2.0770875984467607
2022-03-07,2.043077827068669
2022-03-08,2.064611244294031
2022-03-09,2.0441255819272106
2022-03-10,2.043710136281043
2022-03-11,2.0710913773549358
2022-03-12,2.0261992697101006
2022-03-13,2.0445853329122237
2022-03-14,2.027186057254794
2022-03-15,2.0277629479596775
2022-03-16,2.031362539523762
2022-03-17,2.047423991603378
2022-03-18,2.0258144439563845
2022-03-19,2.07877275497739
2022-03-20,2.0128801876140296
2022-03-21,2.034491794137018
2022-03-22,2.0267440912230246
2022-03-23,2.0845113830861663
2022-03-24,2.0463107987673834
2022-03-25,2.0719770418012597
2022-03-26,1.9950784952704959
2022-03-27,2.04889291829018
2022-03-28,2.068162660385649
2022-03-29,2.0437099024453915
2022-03-30,2.0740906286382987
2022-03-31,2.0259825257883155
2022-04-01,2.085310042153398
2022-04-02,2.1129368379866116
2022-04-03,2.031920664888625
2022-04-04,2.029868802047399
2022-04-05,2.0884951493181423
2022-04-06,2.0929082325755823
2022-04-07,2.0291553530230115
2022-04-08,2.032921629510615
2022-04-09,2.037817451580956
2022-04-10,2.005992921659015
2022-04-11,2.019755598893428
2022-04-12,2.0179068604748034
2022-04-13,2.025942432187726
2022-04-14,2.049215687066335
2022-04-15,2.0583174283663324
2022-04-16,2.099506867776593
2022-04-17,2.0224456900247394
2022-04-18,2.084096946920156
2022-04-19,2.0484341410385136
2022-04-20,2.0545116210413013
2022-04-21,2.077752472486317
2022-04-22,2.0238506987444858
2022-04-23,2.071053083579067
2022-04-24,2.0656170824794775
2022-04-25,2.0767983415379714
2022-04-26,2.071813399006537
2022-04-27,2.1393706759200164
2022-04-28,2.0460121875060837
2022-04-29,2.050606942128881
2022-04-30,2.0491450557601607
2022-05-01,2.0526032256093005
2022-05-02,2.0515130723394157
2022-05-03,2.1088516945690774
2022-05-04,2.117409328360538
2022-05-05,2.0579722907391775
2022-05-06,2.0514948073475865
2022-05-07,2.0929495503439197
2022-05-08,2.0632050021952617
2022-05-09,2.101082120472336
2022-05-10,2.089555868948494
2022-05-11,2.0386178059472666
2022-05-12,2.1340452404090455
2022-05-13,2.1433530084191763
2022-05-14,2.071370920804551
2022-05-15,2.0800125824901947
2022-05-16,2.102401543683577
2022-05-17,2.1056863234449015
2022-05-18,2.1174235225063205
2022-05-19,2.1606284050640894
2022-05-20,2.0955553513628
2022-05-21,2.0784203056974486
2022-05-22,2.062538638825297
2022-05-23,2.084299299199893
2022-05-24,2.1075902613306434
2022-05-25,2.1654765103585607
2022-05-26,2.0966877436705094
2022-05-27,2.1213636834309018
2022-05-28,2.116015172887859
2022-05-29,2.1549039942586936
2022-05-30,2.1978997122536637
2022-05-31,2.106368196413305
2022-06-01,2.109695796006121
2022-06-02,2.158701057584397
2022-06-03,2.149699157598049
2022-06-04,2.187442168066811
2022-06-05,2.150904389692963
2022-06-06,2.1241563471021405
2022-06-07,2.1553545487083428
2022-06-08,2.1733443887496353
2022-06-09,2.166668328651686
2022-06-10,2.1592353488350895
2022-06-11,2.1785139284780564
2022-06-12,2.183820149459455
2022-06-13,2.1925059521736285
2022-06-14,2.172236940364677
2022-06-15,2.1494514301922973
2022-06-16,2.16124079254691
2022-06-17,2.195862124454424
2022-06-18,2.1361296648439723
2022-06-19,2.174605823519392
2022-06-20,2.1534802342495247
2022-06-21,2.168592177816274
2022-06-22,2.209031880428192
2022-06-23,2.1779498905306585
2022-06-24,2.1757157505000277
2022-06-25,2.1348699919652225
2022-06-26,2.2015116842801397
2022-06-27,2.2006130075912265
2022-06-28,2.2492426126225458
2022-06-29,2.1757983221048263
2022-06-30,2.194095460972454
2022-07-01,2.197186405920041
2022-07-02,2.2399885610594885
2022-07-03,2.1909495583618592
2022-07-04,2.2045491626800935
2022-07-05,2.216749717962189
2022-07-06,2.205984036039457
2022-07-07,2.188728356656478
2022-07-08,2.2104373522753553
2022-07-09,2.239450120099944
2022-07-10,2.1772639500286712
2022-07-11,2.2148201596724113
2022-07-12,2.1913848292294307
2022-07-13,2.2514290127603336
2022-07-14,2.1702753162415407
2022-07-15,2.201802551931574
2022-07-16,2.232453714265703
2022-07-17,2.2708065296117455
2022-07-18,2.2228551886990577
2022-07-19,2.209830182803108
2022-07-20,2.2863260985838547
2022-07-21,2.186361485445336
2022-07-22,2.165284345037497
2022-07-23,2.2479202948491817
2022-07-24,2.220950519007914
2022-07-25,2.206902119967635
2022-07-26,2.261651890055773
2022-07-27,2.2492328281123175
2022-07-28,2.226285088334648
2022-07-29,2.2061197513880297
2022-07-30,2.273731047627923
2022-07-31,2.2686361679163274
2022-08-01,2.2473857979422323
2022-08-02,2.3085918162486654
2022-08-03,2.2209646878425566
2022-08-04,2.2086346691747982
2022-08-05,2.235727717265598
2022-08-06,2.2570625461901774
2022-08-07,2.26743307760083
2022-08-08,2.254104816062118
2022-08-09,2.2737347296319337
2022-08-10,2.226105108405122
2022-08-11,2.3100060362914925
2022-08-12,2.2646959021973148
2022-08-13,2.30276056239129
2022-08-14,2.2803844795310706
2022-08-15,2.2851718930274396
2022-08-16,2.2898976170799203
2022-08-17,2.2873983695566795
2022-08-18,2.294571099068693
2022-08-19,2.3167508567630466
2022-08-20,2.2832297765860172
2022-08-21,2.3000216704259393
2022-08-22,2.276653459599933
2022-08-23,2.324514065506053
2022-08-24,2.2607516378205035
2022-08-25,2.3375408613349014
2022-08-26,2.2821391450414272
2022-08-27,2.240489234643364
2022-08-28,2.2890682307344825
2022-08-29,2.2651434350536883
2022-08-30,2.3125146341699847
2022-08-31,2.2675836439497252
2022-09-01,2.2746333077451313
2022-09-02,2.23115847904496
2022-09-03,2.275802463037821
2022-09-04,2.216090582533191
2022-09-05,2.242384235693081
2022-09-06,2.3146787455570745
2022-09-07,2.315970326545364
2022-09-08,2.3054206644095454
2022-09-09,2.263248970382325
2022-09-10,2.2917851069265884
2022-09-11,2.2935016472694745
2022-09-12,2.2584918326964667
2022-09-13,2.3402417327073843
2022-09-14,2.3213376290313024
2022-09-15,2.287942454384508
2022-09-16,2.2957066879642034
2022-09-17,2.3014026357117174
2022-09-18,2.2326461548798116
2022-09-19,2.2876311116714327
2022-09-20,2.2743530552591342
2022-09-21,2.264561795773898
2022-09-22,2.286564632852958
2022-09-23,2.34623
2022-09-24,2.3145711260582025
2022-09-25,2.2773191775856056
2022-09-26,2.3121236168395702
2022-09-27,2.3371896384180526
2022-09-28,2.3223884966831445
2022-09-29,2.2956061194351687
2022-09-30,2.2736350072641396
2022-10-01,2.314415650025864
2022-10-02,2.304667324106007
2022-10-03,2.3195616434500184
2022-10-04,2.3111078841945365
2022-10-05,2.3232561283047737
2022-10-06,2.274187235144398
2022-10-07,2.3302772162292
2022-10-08,2.2953658887852413
2022-10-09,2.34623
2022-10-10,2.266835115499576
2022-10-11,2.3403022829377624
2022-10-12,2.292448098962788
2022-10-13,2.2656357755490335
2022-10-14,2.269907523938334
2022-10-15,2.274022384222218
2022-10-16,2.295882407201664
2022-10-17,2.2979435420001852
2022-10-18,2.2633939681312607
2022-10-19,2.2791797325722127
2022-10-20,2.3444258517490213
2022-10-21,2.3306419142375563
2022-10-22,2.290002068933259
2022-10-23,2.2766553408681136
2022-10-24,2.277976766385928
2022-10-25,2.2918584802842514
2022-10-26,2.2405307874122307
2022-10-27,2.262672279980483
2022-10-28,2.2181720890052046
2022-10-29,2.280110102366814
2022-10-30,2.2863260386675375
2022-10-31,2.2503308914327063
2022-11-01,2.31185564576264
2022-11-02,2.224715465073471
2022-11-03,2.215925943156392
2022-11-04,2.266094176458497
2022-11-05,2.2897275794386314
2022-11-06,2.307647761585111
2022-11-07,2.24047638427936
2022-11-08,2.285909863031026
2022-11-09,2.2500746503064937
2022-11-10,2.2442995883614887
2022-11-11,2.2749302634630557
2022-11-12,2.2661320146009096
2022-11-13,2.1961847591817785
2022-11-14,2.2878490313056057
2022-11-15,2.283110572022125
2022-11-16,2.219923030468782
2022-11-17,2.2493502469532003
2022-11-18,2.2505060210570593
2022-11-19,2.241494304889918
2022-11-20,2.2147861081138736
2022-11-21,2.2091646586361886
2022-11-22,2.2270091954877125
2022-11-23,2.2617353284323922
2022-11-24,2.2405199470205455
2022-11-25,2.210563445445537
2022-11-26,2.2435267973404485
2022-11-27,2.1307262303330154
2022-11-28,2.251030663641558
2022-11-29,2.1605950613177334
2022-11-30,2.200690609889667
2022-12-01,2.1754509413044114
2022-12-02,2.1680164243558426
2022-12-03,2.241071875541756
2022-12-04,2.189132354107592
2022-12-05,2.2119372044340846
2022-12-06,2.1977750053131353
2022-12-07,2.21167823221079
2022-12-08,2.197290066062134
2022-12-09,2.1535273408229605
2022-12-10,2.221123740237872
2022-12-11,2.1733619965228375
2022-12-12,2.138667644252561
2022-12-13,2.1710278937063827
2022-12-14,2.227878171018387
2022-12-15,2.2057864532849645
2022-12-16,2.1669104421639735
2022-12-17,2.164702112004849
2022-12-18,2.163355375013585
2022-12-19,2.234559392400375
2022-12-20,2.180498370335411
2022-12-21,2.1797755648382195
2022-12-22,2.195950090684274
2022-12-23,2.169534292147698
2022-12-24,2.152107087681343
2022-12-25,2.1518358621351954
2022-12-26,2.1534666693470856
2022-12-27,2.1523354687504845
2022-12-28,2.1735631449465003
2022-12-29,2.1507109798461155
2022-12-30,2.169373555045706
2022-12-31,2.1423198437366064
2023-01-01,2.1664911280781345
2023-01-02,2.1001283285084593
2023-01-03,2.1880519042941757
2023-01-04,2.1682858477497247
2023-01-05,2.1862802968230612
2023-01-06,2.063778937516697
2023-01-07,2.215726322100022
2023-01-08,2.1447507328227604
2023-01-09,2.181218744847473
2023-01-10,2.112736552581678
2023-01-11,2.1617456197042197
2023-01-12,2.108185459973198
2023-01-13,2.1194199745271054
2023-01-14,2.195830495822148
2023-01-15,2.1287610325454627
2023-01-16,2.139376896195711
2023-01-17,2.1575674343113334
2023-01-18,2.144031157356316
2023-01-19,2.1314130204008013
2023-01-20,2.136116472869684
2023-01-21,2.1972144197358445
2023-01-22,2.119257221455014
2023-01-23,2.125385180334275
2023-01-24,2.149796161164523
2023-01-25,2.149665591553315
2023-01-26,2.1503801136727017
2023-01-27,2.13165042234902
2023-01-28,2.074819409533914
2023-01-29,2.158900539654728
2023-01-30,2.0712684992190304
2023-01-31,2.1143677624255277
2023-02-01,2.080037331703093
2023-02-02,2.0997319803513097
2023-02-03,2.110265309535083
2023-02-04,2.10845202742844
2023-02-05,2.110002881020624
2023-02-06,2.145309890335064
2023-02-07,2.10794770795661
2023-02-08,2.084908807100971
2023-02-09,2.120809224001402
2023-02-10,2.1263595286882238
2023-02-11,2.050263479296515
2023-02-12,2.10531618158873
2023-02-13,2.107197557430468
2023-02-14,2.0750322293798935
2023-02-15,2.1254871935014235
2023-02-16,2.077094695187432
2023-02-17,2.084413452737656
2023-02-18,2.074014019564128
2023-02-19,2.078709133540073
2023-02-20,2.043239838966837
2023-02-21,2.0315443673475992
2023-02-22,2.1243034363890616
2023-02-23,2.0478378566405553
2023-02-24,2.042405600817519
2023-02-25,2.005555817753082
2023-02-26,2.0514665212327357
2023-02-27,2.029456995962091
2023-02-28,2.1202769962360652
2023-03-01,2.0999433682128132
2023-03-02,2.046703596736855
2023-03-03,2.1368729953494467
2023-03-04,2.09691273332672
2023-03-05,2.055878411327212
2023-03-06,1.9880523350697776
2023-03-07,2.1355420294810505
2023-03-08,2.02124249417449
2023-03-09,2.0128338649774626
2023-03-10,2.0948341643955946
2023-03-11,2.138211229141172
2023-03-12,2.1051982344685407
2023-03-13,2.0794900701722256
2023-03-14,2.0801296783833476
2023-03-15,2.0878486814766744
2023-03-16,2.084690121908032
2023-03-17,2.0697236462671844
2023-03-18,2.064090998953485
2023-03-19,2.058811585901088
2023-03-20,2.0373561193364744
2023-03-21,2.0519373389627935
2023-03-22,2.0082755396487135
2023-03-23,2.0575922316054145
2023-03-24,2.030142197082557
2023-03-25,2.026692623079999
2023-03-26,2.0665068640750395
2023-03-27,2.1041530232225147
2023-03-28,2.089730937563081
2023-03-29,2.0130610329044054
2023-03-30,2.0313101242852794
2023-03-31,2.091309560141668
2023-04-01,2.032233847944316
2023-04-02,2.056066302524334
2023-04-03,2.080456436317611
2023-04-04,2.0340069530612115
2023-04-05,2.06771445108729
2023-04-06,2.0237808380185918
2023-04-07,2.047020312270406
2023-04-08,2.0761225621368116
2023-04-09,2.017667423926031
2023-04-10,2.0812231589445394
2023-04-11,2.067740810139642
2023-04-12,2.0861998747390924
2023-04-13,2.0768547031705626
2023-04-14,2.112944177636057
2023-04-15,2.075531820364662
2023-04-16,2.059304961454148
2023-04-17,2.0773083991109536
2023-04-18,2.0913062809235994
2023-04-19,2.0770428874342297
2023-04-20,2.077840262338444
2023-04-21,2.055974099145048
2023-04-22,2.058301830030451
2023-04-23,2.0365905316735478
2023-04-24,2.1352060970495166
2023-04-25,2.043898528001979
2023-04-26,2.062176583161167
2023-04-27,2.062668165272011
2023-04-28,2.113845478101275
2023-04-29,2.0784090039074115
2023-04-30,2.127463672699776
2023-05-01,2.069481574896359
2023-05-02,2.1003526598323417
2023-05-03,2.067369096754652
2023-05-04,2.1609814919727195
2023-05-05,2.059485712800725
2023-05-06,2.107313316427837
2023-05-07,2.118897476898582
2023-05-08,2.113695859576688
2023-05-09,2.096802571327219
2023-05-10,2.100166641996114
2023-05-11,2.107208334431259
2023-05-12,2.103010118841674
2023-05-13,2.139070270166716
2023-05-14,2.179350455802317
2023-05-15,2.0955646571546445
2023-05-16,2.0722504557926356
2023-05-17,2.113676739242988
2023-05-18,2.1979791063598486
2023-05-19,2.095260415388252
2023-05-20,2.172643682552433
2023-05-21,2.175735207028093
2023-05-22,2.108686569041229
2023-05-23,2.1453213457883886
2023-05-24,2.180022246618494
2023-05-25,2.119944761901925
2023-05-26,2.127361012819648
2023-05-27,2.1176810589347
2023-05-28,2.10631779417245
2023-05-29,2.119652411741704
2023-05-30,2.103942872793337
2023-05-31,2.144894004148624
2023-06-01,2.122121726680173
2023-06-02,2.1552401640472043
2023-06-03,2.1020283194590483
2023-06-04,2.1624638446390083
2023-06-05,2.180128351472046
2023-06-06,2.0948788457977523
2023-06-07,2.1702132520530286
2023-06-08,2.198754938122214
2023-06-09,2.125585873049151
2023-06-10,2.2168459441596626
2023-06-11,2.180280658913151
2023-06-12,2.1477253258701046
2023-06-13,2.169986049882222
2023-06-14,2.1911656596804603
2023-06-15,2.1784606551756043
2023-06-16,2.194970847870206
2023-06-17,2.152071596149195
2023-06-18,2.187976429445983
2023-06-19,2.1412600035941636
2023-06-20,2.1837348680754025
2023-06-21,2.1614507165927357
2023-06-22,2.168871975196184
2023-06-23,2.232029143644941
2023-06-24,2.2297689366017255
2023-06-25,2.2170783945953714
2023-06-26,2.1666984992503515
2023-06-27,2.192887969483854
2023-06-28,2.242366606810069
2023-06-29,2.2114497643585875
2023-06-30,2.2809509178610843
2023-07-01,2.223607135115291
2023-07-02,2.21956694782534
2023-07-03,2.206250056349363
2023-07-04,2.222097989428356
2023-07-05,2.215415028939306
2023-07-06,2.244162921744966
2023-07-07,2.2539852108190668
2023-07-08,2.202248420570392
2023-07-09,2.1875125860370694
2023-07-10,2.1740098547505022
2023-07-11,2.248559916785119
2023-07-12,2.2008347412630784
2023-07-13,2.1704618108588143
2023-07-14,2.2510688868843305
2023-07-15,2.3181525064701787
2023-07-16,2.2429313522587204
2023-07-17,2.2710427022247868
2023-07-18,2.249645283476289
2023-07-19,2.2460325802005103
2023-07-20,2.279452381860606
2023-07-21,2.244009700793609
2023-07-22,2.2631649848226387
2023-07-23,2.266742445103189
2023-07-24,2.238028005405769
2023-07-25,2.2911995236920846
2023-07-26,2.256965961907571
2023-07-27,2.240830163010347
2023-07-28,2.282566061388008
2023-07-29,2.239983142166342
2023-07-30,2.270372600609229
2023-07-31,2.2709435825390862
2023-08-01,2.306489064291643
2023-08-02,2.2892724380222385
2023-08-03,2.275476057847238
2023-08-04,2.3031498822153846
2023-08-05,2.322441168566258
2023-08-06,2.298283566692531
2023-08-07,2.282906011474857
2023-08-08,2.2435546513113045
2023-08-09,2.252668755950325
2023-08-10,2.2776158295540196
2023-08-11,2.2696413022522615
2023-08-12,2.2841029728436433
2023-08-13,2.293004631865913
2023-08-14,2.3089673055486273
2023-08-15,2.2917267641583017
2023-08-16,2.3102229331970774
2023-08-17,2.2984269575610137
2023-08-18,2.2365911176295223
2023-08-19,2.2698016040346323
2023-08-20,2.295534189039514
2023-08-21,2.2637167776194644
2023-08-22,2.320736852576042
2023-08-23,2.3505606033447064
2023-08-24,2.3419365307917954
2023-08-25,2.298653635978329
2023-08-26,2.3522786786787258
2023-08-27,2.311713164439101
2023-08-28,2.297580329444351
2023-08-29,2.2898858341871997
2023-08-30,2.300307259222934
2023-08-31,2.298433285614604
2023-09-01,2.3164381380752124
2023-09-02,2.316837120971917
2023-09-03,2.3126349867873612
2023-09-04,2.3266765821785125
2023-09-05,2.3505666993649768
2023-09-06,2.343671650852422
2023-09-07,2.268944953279318
2023-09-08,2.236385165536384
2023-09-09,2.3446486768695056
2023-09-10,2.2739287750385047
2023-09-11,2.309600734180933
2023-09-12,2.280713621326765
2023-09-13,2.2614780994186146
2023-09-14,2.334168675671307
2023-09-15,2.341116416830629
2023-09-16,2.3000133623684147
2023-09-17,2.237889147667324
2023-09-18,2.301196774690413
2023-09-19,2.330257717676906
2023-09-20,2.2724643353460308
2023-09-21,2.3238339939273307
2023-09-22,2.317645603979925
2023-09-23,2.3359383095707873
2023-09-24,2.321605119289321
2023-09-25,2.287670340806252
2023-09-26,2.354531739083638
2023-09-27,2.3124088203035558
2023-09-28,2.3161888945749665
2023-09-29,2.287872656391715
2023-09-30,2.30266612120644
2023-10-01,2.2886300075470025
2023-10-02,2.3102061508099503
2023-10-03,2.3679949545548595
2023-10-04,2.2721822851792406
2023-10-05,2.26417441556962
2023-10-06,2.358945156494634
2023-10-07,2.3063906238781815
2023-10-08,2.291531546212247
2023-10-09,2.3436693057108813
2023-10-10,2.292086604713344
2023-10-11,2.366488537512505
2023-10-12,2.3302093807040474
2023-10-13,2.293345963569066
2023-10-14,2.3696923
2023-10-15,2.28794217189728
2023-10-16,2.3286681214276626
2023-10-17,2.314013482981995
2023-10-18,2.3439959790115776
2023-10-19,2.350989103145734
2023-10-20,2.302643828687665
2023-10-21,2.2772642341519282
2023-10-22,2.313633040992197
2023-10-23,2.2772997189348607
2023-10-24,2.359278329006731
2023-10-25,2.300033994306927
2023-10-26,2.2832578865786957
2023-10-27,2.29896255101119
2023-10-28,2.2502897581954
2023-10-29,2.2605399564524356
2023-10-30,2.3262887298311345
2023-10-31,2.2674650602302835
2023-11-01,2.2539647951630863
2023-11-02,2.301437263402364
2023-11-03,2.319996574979211
2023-11-04,2.3040396796776035
2023-11-05,2.3110469301866323
2023-11-06,2.255283865571414
2023-11-07,2.233118027017054
2023-11-08,2.3218327503086855
2023-11-09,2.2637919354294436
2023-11-10,2.2643253214071937
2023-11-11,2.31141968715635
2023-11-12,2.2858231973758176
2023-11-13,2.2809624080694912
2023-11-14,2.332007214081392
2023-11-15,2.2433938683858954
2023-11-16,2.2901364354353757
2023-11-17,2.261372066521447
2023-11-18,2.266043014224064
2023-11-19,2.303095551136791
2023-11-20,2.269640078330603
2023-11-21,2.2686537417070767
2023-11-22,2.283219300453615
2023-11-23,2.236824430412535
2023-11-24,2.220183836220316
2023-11-25,2.2118303706865996
2023-11-26,2.1813314319037413
2023-11-27,2.3036345498192192
2023-11-28,2.203934636309859
2023-11-29,2.2291351424215553
2023-11-30,2.2253441833289562
2023-12-01,2.2413150039253344
2023-12-02,2.2549275831473965
2023-12-03,2.254198965167203
2023-12-04,2.2074575100700033
2023-12-05,2.2181809075378194
2023-12-06,2.2299372971135027
2023-12-07,2.211363343813093
2023-12-08,2.266569969216887
2023-12-09,2.2298942188878366
2023-12-10,2.235255696165302
2023-12-11,2.2308461705493756
2023-12-12,2.2444376959634478
2023-12-13,2.211565997785817
2023-12-14,2.1636861057527357
2023-12-15,2.2139187553755373
2023-12-16,2.1792232360966715
2023-12-17,2.1808053211107037
2023-12-18,2.2130542992574727
2023-12-19,2.2309888492014918
2023-12-20,2.191155583491159
2023-12-21,2.1978268791637356
2023-12-22,2.238678342192122
2023-12-23,2.1912903410365576
2023-12-24,2.2620504014412885
2023-12-25,2.1969025587345254
2023-12-26,2.122790992570194
2023-12-27,2.1982943854299077
2023-12-28,2.1845896889558967
2023-12-29,2.2104774992703087
2023-12-30,2.1892294790521483
2023-12-31,2.1619583732074124
2024-01-01,2.1474809069042555
2024-01-02,2.1769843679553564
2024-01-03,2.154774745896919
2024-01-04,2.1610291364110994
2024-01-05,2.195361411556261
2024-01-06,2.22696365541419
2024-01-07,2.185009355852699
2024-01-08,2.1332227446600216
2024-01-09,2.18231520739084
2024-01-10,2.203684412146054
2024-01-11,2.145197150352392
2024-01-12,2.157969204318517
2024-01-13,2.1605456065568296
2024-01-14,2.1335332897563153
2024-01-15,2.176239485568914
2024-01-16,2.150207045712269
2024-01-17,2.1650782438722995
2024-01-18,2.1222913745486838
2024-01-19,2.134374729282913
2024-01-20,2.168635629249726
2024-01-21,2.13251729686851
2024-01-22,2.196161109468455
2024-01-23,2.127885207386305
2024-01-24,2.1455089022459735
2024-01-25,2.165763538679087
2024-01-26,2.0905483478505977
2024-01-27,2.078057828344241
2024-01-28,2.0836219461336607
2024-01-29,2.1689123854037438
2024-01-30,2.1105399586088236
2024-01-31,2.2059259027402693
2024-02-01,2.1067700298315404
2024-02-02,2.1284929235593326
2024-02-03,2.1692463921705527
2024-02-04,2.1821308286070504
2024-02-05,2.1822876036223615
2024-02-06,2.1541088790645904
2024-02-07,2.1468380037768404
2024-02-08,2.1318775839656814
2024-02-09,2.136219296754711
2024-02-10,2.0932831091585706
2024-02-11,2.0835470913716434
2024-02-12,2.107614291939414
2024-02-13,2.1010673939650366
2024-02-14,2.0909229971512406
2024-02-15,2.125534991751059
2024-02-16,2.1323729284313453
2024-02-17,2.1040972232453177
2024-02-18,2.1462828486080556
2024-02-19,2.063368488183696
2024-02-20,2.0918502006040653
2024-02-21,2.074437647273722
2024-02-22,2.037499255214094
2024-02-23,2.0921756408710883
2024-02-24,2.089978334092586
2024-02-25,2.140083223702461
2024-02-26,2.1116211262066087
2024-02-27,2.059082754768425
2024-02-28,2.148100424178021
2024-02-29,2.127536587316111
2024-03-01,2.106825389097705
2024-03-02,2.080854505519744
2024-03-03,2.0572810980681213
2024-03-04,2.0749582247362106
2024-03-05,2.1199482920922903
2024-03-06,2.144211770958731
2024-03-07,2.1330119216670265
2024-03-08,2.0690674995932974
2024-03-09,2.0489074275554566
2024-03-10,2.087827061113959
2024-03-11,2.0278284685795476
2024-03-12,2.0927694767043823
2024-03-13,2.077755987284464
2024-03-14,2.0675363551320314
2024-03-15,2.032061066915326
2024-03-16,2.097676244942038
2024-03-17,2.064849027447981
2024-03-18,2.0448311370386203
2024-03-19,1.9916004104596479
2024-03-20,2.080359897051346
2024-03-21,2.1365355880801595
2024-03-22,2.133099522230243
2024-03-23,2.06703588923714
2024-03-24,2.0626116048309506
2024-03-25,2.0961902265835066
2024-03-26,2.0505711418754102
2024-03-27,2.091381504493173
2024-03-28,2.106135306298651
2024-03-29,2.120820104731137
2024-03-30,2.079726925613608
2024-03-31,2.0768692844334944
2024-04-01,2.056230624234881
2024-04-02,2.0582757577160478
2024-04-03,2.077506670982802
2024-04-04,2.0965704309564823
2024-04-05,2.114184809548381
2024-04-06,2.0611903457417395
2024-04-07,2.1334997281845642
2024-04-08,2.079110398982313
2024-04-09,2.0876175504097705
2024-04-10,2.065704729321157
2024-04-11,2.014133951543643
2024-04-12,2.1182313073624273
2024-04-13,2.114490600785153
2024-04-14,2.0835953474583166
2024-04-15,2.0953945691783327
2024-04-16,2.110370237505786
2024-04-17,2.046478855969074
2024-04-18,2.079771966628844
2024-04-19,2.1221469189811204
2024-04-20,2.0592921429925344
2024-04-21,2.108743695763238
2024-04-22,2.0583932031252155
2024-04-23,2.116500728080256
2024-04-24,2.102055925319158
2024-04-25,2.0540081674847706
2024-04-26,2.1420831446512523
2024-04-27,2.084113507807585
2024-04-28,2.083106310433769
2024-04-29,2.1160475406263037
2024-04-30,2.1470598009294286
2024-05-01,2.0809344653631316
2024-05-02,2.1160462814957515
2024-05-03,2.1290106284541213
2024-05-04,2.1387926144702303
2024-05-05,2.1242226030873796
2024-05-06,2.1088432095213183
2024-05-07,2.0960789771008668
2024-05-08,2.126244179569492
2024-05-09,2.0917509019832936
2024-05-10,2.0357136351406098
2024-05-11,2.1422579226856078
2024-05-12,2.158589625258012
2024-05-13,2.058369278337227
2024-05-14,2.102402254726589
2024-05-15,2.155064466758678
2024-05-16,2.2018006473313423
2024-05-17,2.140074361449215
2024-05-18,2.118575345489019
2024-05-19,2.137490290659
2024-05-20,2.1880389507077287
2024-05-21,2.1268896316045462
2024-05-22,2.124062704825196
2024-05-23,2.135916642058214
2024-05-24,2.1232187377701064
2024-05-25,2.1588195558022014
2024-05-26,2.2077362618372307
2024-05-27,2.1691456974227514
2024-05-28,2.1532401583815752
2024-05-29,2.1540816167111676
2024-05-30,2.116479043660006
2024-05-31,2.1949490881630287
2024-06-01,2.1670642779887874
2024-06-02,2.1659864964568634
2024-06-03,2.2734418403750563
2024-06-04,2.1852349318230595
2024-06-05,2.1545988099495883
2024-06-06,2.1669279588478885
2024-06-07,2.218269285515548
2024-06-08,2.1881405399235576
2024-06-09,2.1418995026665493
2024-06-10,2.2176990791227156
2024-06-11,2.170353521614708
2024-06-12,2.2519077514920642
2024-06-13,2.2293644700006965
2024-06-14,2.1839079675233
2024-06-15,2.240092529851286
2024-06-16,2.204452332587134
2024-06-17,2.2311910583402157
2024-06-18,2.2219385602679953
2024-06-19,2.182622821447624
2024-06-20,2.191193105165669
2024-06-21,2.2456759978877003
2024-06-22,2.205309873044487
2024-06-23,2.205396829054024
2024-06-24,2.190415899820154
2024-06-25,2.2356894021242932
2024-06-26,2.289082677275881
2024-06-27,2.1935932720031666
2024-06-28,2.2298962122556283
2024-06-29,2.275442189634294
2024-06-30,2.231078308307326
2024-07-01,2.24988940203715
2024-07-02,2.20479666291141
2024-07-03,2.253521015778148
2024-07-04,2.236486708744581
2024-07-05,2.2752713666965296
2024-07-06,2.2837265755105656
2024-07-07,2.329649327609808
2024-07-08,2.269041360520183
2024-07-09,2.2632435821354115
2024-07-10,2.26125529410913
2024-07-11,2.246262932307378
2024-07-12,2.2699424558357246
2024-07-13,2.25222700537241
2024-07-14,2.268766307714862
2024-07-15,2.3066831066016835
2024-07-16,2.2361546564897927
2024-07-17,2.3051720436005594
2024-07-18,2.31269791171342
2024-07-19,2.2698691879891473
2024-07-20,2.209271301945659
2024-07-21,2.258474089328774
2024-07-22,2.319856800523136
2024-07-23,2.280550915693062
2024-07-24,2.251945484214638
2024-07-25,2.269239412043497
2024-07-26,2.3130739850596482
2024-07-27,2.305710887467332
2024-07-28,2.2829724441138453
2024-07-29,2.280744995237371
2024-07-30,2.281707743273375
2024-07-31,2.266858424421573
2024-08-01,2.347774968465769
2024-08-02,2.2889498738515672
2024-08-03,2.3386496554591183
2024-08-04,2.349758541267966
2024-08-05,2.3350180028263683
2024-08-06,2.2919375074115593
2024-08-07,2.3195469536686812
2024-08-08,2.3076909486258455
2024-08-09,2.2817086559850286
2024-08-10,2.321491427603317
2024-08-11,2.275973489162413
2024-08-12,2.3512432920409716
2024-08-13,2.3010164877960446
2024-08-14,2.3231246974708806
2024-08-15,2.3269812105393926
2024-08-16,2.3113159304834467
2024-08-17,2.3389428593966
2024-08-18,2.3069983059179084
2024-08-19,2.350187937427244
2024-08-20,2.2820993858246514
2024-08-21,2.3291609067550976
2024-08-22,2.3868087644904827
2024-08-23,2.2960799783649803
2024-08-24,2.3071455335374242
2024-08-25,2.3453070346647427
2024-08-26,2.3357953831921408
2024-08-27,2.342025335756522
2024-08-28,2.3472054733499945
2024-08-29,2.352567678037607
2024-08-30,2.3681785122527215
2024-08-31,2.3470762134579535
2024-09-01,2.3274610638389936
2024-09-02,2.356662732346412
2024-09-03,2.393389223
2024-09-04,2.332762051467188
2024-09-05,2.3070420990602925
2024-09-06,2.372551103740011
2024-09-07,2.334719560759672
2024-09-08,2.271100792990835
2024-09-09,2.365794358293639
2024-09-10,2.323001555169215
2024-09-11,2.3372232078540254
2024-09-12,2.3507111243883574
2024-09-13,2.346553955761411
2024-09-14,2.362975936052741
2024-09-15,2.3274160011307266
2024-09-16,2.3571737076566532
2024-09-17,2.33315890793179
2024-09-18,2.364393184750243
2024-09-19,2.3605684341111712
2024-09-20,2.3121455438990357
2024-09-21,2.375202325079382
2024-09-22,2.324481529637208
2024-09-23,2.3663141417116367
2024-09-24,2.352390447005375
2024-09-25,2.393389223
2024-09-26,2.3335057158678123
2024-09-27,2.3292981661558443
2024-09-28,2.3392800107813323
2024-09-29,2.3300665181300073
2024-09-30,2.3641108677185683
2024-10-01,2.2882490842058103
2024-10-02,2.305344598329888
2024-10-03,2.3043974828882203
2024-10-04,2.366855330283903
2024-10-05,2.3900095698461454
2024-10-06,2.3327285135823845
2024-10-07,2.3300637580555055
2024-10-08,2.3368290259916678
2024-10-09,2.3701853061603146
2024-10-10,2.30419861027741
2024-10-11,2.339789334683939
2024-10-12,2.361954937162814
2024-10-13,2.3462818894272788
2024-10-14,2.335649256663724
2024-10-15,2.360038757388085
2024-10-16,2.243420435110093
2024-10-17,2.3479600159032814
2024-10-18,2.305332536426798
2024-10-19,2.267522239599705
2024-10-20,2.3395159504557275
2024-10-21,2.3652929434232166
2024-10-22,2.3169388318015858
2024-10-23,2.3497638992384156
2024-10-24,2.3691042544740184
2024-10-25,2.3585442751777217
2024-10-26,2.367383414481419
2024-10-27,2.338015231637404
2024-10-28,2.3158322163702505
2024-10-29,2.2620665899091508
2024-10-30,2.302965107102139
2024-10-31,2.2828624624603266
2024-11-01,2.37547109676792
2024-11-02,2.300690261336948
2024-11-03,2.30848192801169
2024-11-04,2.3202789998213977
2024-11-05,2.302823610760768
2024-11-06,2.352751771020202
2024-11-07,2.278744320575243
2024-11-08,2.3025785917599695
2024-11-09,2.271620573840638
2024-11-10,2.2518615379719176
2024-11-11,2.272218692925933
2024-11-12,2.2883838536522596
2024-11-13,2.2743379740792635
2024-11-14,2.2643011551530585
2024-11-15,2.2401697872912236
2024-11-16,2.279611544831022
2024-11-17,2.23334395663874
2024-11-18,2.3021381139468553
2024-11-19,2.2790564155060298
2024-11-20,2.2290336693176154
2024-11-21,2.262916904214187
2024-11-22,2.247104903777201
2024-11-23,2.278548251197391
2024-11-24,2.3084119967830996
2024-11-25,2.2059913430419673
2024-11-26,2.266070871749678
2024-11-27,2.2554150292740482
2024-11-28,2.279291591352524
2024-11-29,2.2628948140466965
2024-11-30,2.2306564256312242
2024-12-01,2.2420508123988028
2024-12-02,2.2250281589846983
2024-12-03,2.281325587088594
2024-12-04,2.2462452519909557
2024-12-05,2.302766654737003
2024-12-06,2.2393469301628035
2024-12-07,2.216942233682446
2024-12-08,2.1896105279637568
2024-12-09,2.178376118665193
2024-12-10,2.183006978624694
2024-12-11,2.2385876167978127
2024-12-12,2.2439119439419812
2024-12-13,2.1764458210171513
2024-12-14,2.2515218501309553
2024-12-15,2.2062693483025675
2024-12-16,2.2236983953926255
2024-12-17,2.267210157295978
2024-12-18,2.2426395054564976
2024-12-19,2.204020058613992
2024-12-20,2.1823426157120074
2024-12-21,2.1407495426338716
2024-12-22,2.183236767892787
2024-12-23,2.1968601598200483
2024-12-24,2.1703995469374315
2024-12-25,2.1948890103420817
2024-12-26,2.1991585912570564
2024-12-27,2.1875169564425723
2024-12-28,2.172026758865343
2024-12-29,2.195371399273622
2024-12-30,2.2016968488674644
2024-12-31,2.151660986953195
