Date,Conductivity (Î¼mho/cm)
2020-01-01,356.04004911213
2020-01-02,353.8823933648895
2020-01-03,355.9884805608429
2020-01-04,358.36375686201006
2020-01-05,352.8425574849099
2020-01-06,352.5941290011642
2020-01-07,357.78694615741983
2020-01-08,355.1056985734213
2020-01-09,351.15044960882716
2020-01-10,353.9434954406969
2020-01-11,350.6840409606161
2020-01-12,350.43719126122977
2020-01-13,352.3220326648511
2020-01-14,345.6198198837923
2020-01-15,345.9502414029176
2020-01-16,349.20535564701964
2020-01-17,347.6229062363699
2020-01-18,351.3753493826779
2020-01-19,347.48183716680603
2020-01-20,345.7444616943075
2020-01-21,354.15601044152686
2020-01-22,348.8617203761114
2020-01-23,349.523978035954
2020-01-24,344.831916505207
2020-01-25,347.2602678078596
2020-01-26,349.0159889847425
2020-01-27,345.02265831935927
2020-01-28,349.3978250555871
2020-01-29,346.2666417113061
2020-01-30,346.9940980520717
2020-01-31,345.8675348051756
2020-02-01,353.0358765903238
2020-02-02,347.24790718363096
2020-02-03,343.92764880982764
2020-02-04,349.3838805847019
2020-02-05,343.0723153449475
2020-02-06,347.18322747371695
2020-02-07,340.5026594656318
2020-02-08,342.2254394403246
2020-02-09,346.63225451574925
2020-02-10,348.09213911948063
2020-02-11,346.2293570173892
2020-02-12,345.2103121960961
2020-02-13,344.499489718418
2020-02-14,340.816363257209
2020-02-15,342.94515439395724
2020-02-16,343.57920149584106
2020-02-17,347.9926308183608
2020-02-18,345.71602232245795
2020-02-19,339.2637476131631
2020-02-20,345.39665712754453
2020-02-21,343.14457009914804
2020-02-22,342.14837415963973
2020-02-23,345.89743950549894
2020-02-24,347.04266153261756
2020-02-25,346.63477090593534
2020-02-26,341.2185930394412
2020-02-27,342.70800203954997
2020-02-28,344.532931328641
2020-02-29,346.37341518693563
2020-03-01,341.92106013560783
2020-03-02,342.717599369826
2020-03-03,339.8757801285252
2020-03-04,339.53061287294855
2020-03-05,345.48551923872037
2020-03-06,347.0496533403515
2020-03-07,342.7021966858231
2020-03-08,345.8704404341905
2020-03-09,343.89070270046057
2020-03-10,340.8207424564849
2020-03-11,343.7949645670678
2020-03-12,347.2839458459128
2020-03-13,342.52581092276836
2020-03-14,347.29507822843084
2020-03-15,334.7141850212203
2020-03-16,345.01582398681313
2020-03-17,342.79238379173364
2020-03-18,341.6197822148269
2020-03-19,342.78208811929613
2020-03-20,336.53854337637625
2020-03-21,341.8411232404446
2020-03-22,343.57481018483685
2020-03-23,346.94493196562934
2020-03-24,340.9686580278456
2020-03-25,340.1146445946981
2020-03-26,341.0559439270387
2020-03-27,345.33293774969695
2020-03-28,343.6029201877101
2020-03-29,341.0617319623886
2020-03-30,344.2295606634303
2020-03-31,343.0241253967627
2020-04-01,345.6863379175245
2020-04-02,340.7261155957831
2020-04-03,341.9055067326204
2020-04-04,341.7727167128309
2020-04-05,338.6233560907808
2020-04-06,343.9714140731092
2020-04-07,343.9396434176611
2020-04-08,343.2494926255001
2020-04-09,342.61229278846747
2020-04-10,339.1560469047203
2020-04-11,342.23050559936
2020-04-12,342.55873119673174
2020-04-13,341.27859887658565
2020-04-14,343.30422304222196
2020-04-15,345.1069453784041
2020-04-16,349.66409465884794
2020-04-17,344.6440132416023
2020-04-18,345.01163852301784
2020-04-19,344.13828667553787
2020-04-20,338.7318410331589
2020-04-21,344.53899899951534
2020-04-22,344.9334342569101
2020-04-23,352.2804502529387
2020-04-24,344.4553577101695
2020-04-25,346.0824937274646
2020-04-26,345.2227788057738
2020-04-27,341.9735495645213
2020-04-28,349.0642835921934
2020-04-29,348.0513613319987
2020-04-30,348.3318734378701
2020-05-01,343.39725050843737
2020-05-02,350.50380161736
2020-05-03,342.2631914671634
2020-05-04,348.4059107069621
2020-05-05,353.3965175432033
2020-05-06,344.0365161188332
2020-05-07,345.4953153028367
2020-05-08,347.6822998127687
2020-05-09,346.0650537640172
2020-05-10,343.11856629127686
2020-05-11,348.17420441106543
2020-05-12,344.98238763220866
2020-05-13,349.79362424017864
2020-05-14,345.82082699288713
2020-05-15,353.4377991132456
2020-05-16,346.6497137786245
2020-05-17,348.24728575386865
2020-05-18,351.8704740790345
2020-05-19,345.9561729402149
2020-05-20,350.5523156460308
2020-05-21,354.0147950104476
2020-05-22,345.4965426945795
2020-05-23,351.10064751205414
2020-05-24,351.55620825663914
2020-05-25,353.3538347270755
2020-05-26,347.53124382818095
2020-05-27,347.5163103226576
2020-05-28,353.2808736031966
2020-05-29,352.84508587633945
2020-05-30,352.94633671839205
2020-05-31,353.4765011345792
2020-06-01,350.64088090987906
2020-06-02,353.62294272163865
2020-06-03,354.05198092668695
2020-06-04,351.2775733829093
2020-06-05,359.2670241066915
2020-06-06,355.3414072726461
2020-06-07,350.5972668133296
2020-06-08,356.3930933278722
2020-06-09,351.7525543416694
2020-06-10,357.2918566485052
2020-06-11,358.66115442705797
2020-06-12,352.9787714632459
2020-06-13,358.58700771424265
2020-06-14,357.191817319098
2020-06-15,358.67670849892176
2020-06-16,362.15834254592704
2020-06-17,355.98954064364256
2020-06-18,354.72246733258635
2020-06-19,354.5732563687859
2020-06-20,355.0525691451037
2020-06-21,357.52689521409525
2020-06-22,359.03978009879114
2020-06-23,359.1043674063389
2020-06-24,361.0135861491429
2020-06-25,358.82847765669544
2020-06-26,363.40712769318344
2020-06-27,358.50915017377645
2020-06-28,367.71968908146783
2020-06-29,361.69163435325925
2020-06-30,357.4979244934733
2020-07-01,357.11072315346536
2020-07-02,362.0239847437589
2020-07-03,360.1584343390849
2020-07-04,363.22209297236554
2020-07-05,362.7500123004634
2020-07-06,361.36088562504096
2020-07-07,359.2868553390039
2020-07-08,357.52927669578673
2020-07-09,360.9795000691844
2020-07-10,365.1320398768821
2020-07-11,363.44742306503616
2020-07-12,359.3086518072241
2020-07-13,363.8044938712077
2020-07-14,364.6782719772761
2020-07-15,361.1063317305813
2020-07-16,364.45280920609304
2020-07-17,364.39806628144413
2020-07-18,361.0243431700509
2020-07-19,365.7543696827817
2020-07-20,366.58898683150437
2020-07-21,368.37921788730745
2020-07-22,368.51264026658794
2020-07-23,361.43706946920327
2020-07-24,362.97305457776895
2020-07-25,367.5456321459928
2020-07-26,367.7533619545436
2020-07-27,367.9660433633296
2020-07-28,378.18534752369106
2020-07-29,368.54337275869256
2020-07-30,370.43818143389444
2020-07-31,370.0914487060043
2020-08-01,369.3786930275516
2020-08-02,366.6708465485732
2020-08-03,370.0826991698348
2020-08-04,365.673399262162
2020-08-05,367.4643935140066
2020-08-06,366.8985699309514
2020-08-07,368.77687776261877
2020-08-08,375.64855701546884
2020-08-09,363.27279154940317
2020-08-10,371.10000297438256
2020-08-11,364.3662901524927
2020-08-12,367.94838925398335
2020-08-13,372.7872681135222
2020-08-14,369.8659259423968
2020-08-15,366.5889139657483
2020-08-16,367.8216482677072
2020-08-17,372.14806933132115
2020-08-18,368.05615647776153
2020-08-19,371.03083514288295
2020-08-20,370.6485608406554
2020-08-21,368.6835745343462
2020-08-22,377.1928449171264
2020-08-23,372.78147726384725
2020-08-24,364.91903528481083
2020-08-25,371.66457013634783
2020-08-26,369.22656042847484
2020-08-27,373.87186932013816
2020-08-28,369.03556303838985
2020-08-29,371.1633491079432
2020-08-30,373.11280270606983
2020-08-31,374.2812113939175
2020-09-01,368.16495852326
2020-09-02,370.84001869135574
2020-09-03,370.49211082460164
2020-09-04,370.0261113671017
2020-09-05,377.3473215486159
2020-09-06,373.32645196046917
2020-09-07,368.3850732595797
2020-09-08,374.9731828952385
2020-09-09,378.6335758423193
2020-09-10,375.40763741756325
2020-09-11,367.7908775284483
2020-09-12,370.9306309226702
2020-09-13,376.21400205096916
2020-09-14,370.31577654535135
2020-09-15,373.791332881061
2020-09-16,374.8004334776215
2020-09-17,369.70795875386096
2020-09-18,372.31795146151296
2020-09-19,362.77605907583563
2020-09-20,369.4255869558182
2020-09-21,371.7354897561309
2020-09-22,368.73984618788097
2020-09-23,377.3659913247758
2020-09-24,368.1594593924306
2020-09-25,371.1064462064195
2020-09-26,372.7910744708695
2020-09-27,376.69053082710013
2020-09-28,368.0225773999468
2020-09-29,375.7787135059223
2020-09-30,372.2745974627585
2020-10-01,369.2496794215385
2020-10-02,373.5264686822753
2020-10-03,372.6789520361563
2020-10-04,370.2184161138846
2020-10-05,372.1614644834323
2020-10-06,370.7248264642241
2020-10-07,372.1457669852104
2020-10-08,373.7118157237457
2020-10-09,376.3994675992924
2020-10-10,367.8397736979509
2020-10-11,377.8599590895385
2020-10-12,365.50809743432893
2020-10-13,370.80839910578413
2020-10-14,372.92402107086696
2020-10-15,371.8933126380754
2020-10-16,369.06949080156187
2020-10-17,370.1964930883706
2020-10-18,369.22118025562656
2020-10-19,368.8075005098072
2020-10-20,372.9959382118118
2020-10-21,371.38587900414257
2020-10-22,368.100007074514
2020-10-23,372.73768181757936
2020-10-24,370.8172115434885
2020-10-25,372.18665712820564
2020-10-26,371.486085720585
2020-10-27,366.95575792397307
2020-10-28,367.6042047055898
2020-10-29,371.3651414358754
2020-10-30,370.7894399881585
2020-10-31,368.7272976310877
2020-11-01,368.9703123126553
2020-11-02,372.2763579986626
2020-11-03,366.49043953863196
2020-11-04,369.72504629511775
2020-11-05,367.29264044600296
2020-11-06,367.05855753247357
2020-11-07,370.81728851916455
2020-11-08,369.80359440510034
2020-11-09,369.57134960655037
2020-11-10,370.8478786404005
2020-11-11,366.7922805243482
2020-11-12,368.57021986225874
2020-11-13,365.38597851460673
2020-11-14,367.0790830760302
2020-11-15,365.50340977304955
2020-11-16,365.96959447308797
2020-11-17,367.24642179873973
2020-11-18,362.7862738155374
2020-11-19,371.295789028743
2020-11-20,361.7760384621312
2020-11-21,360.9248267767448
2020-11-22,367.8129330231271
2020-11-23,366.48276984714624
2020-11-24,365.7473645506998
2020-11-25,365.5253759100272
2020-11-26,363.36711383130626
2020-11-27,360.47385636360195
2020-11-28,363.1531196355277
2020-11-29,360.65269955552463
2020-11-30,365.3664864336212
2020-12-01,361.755433469531
2020-12-02,359.4742006987248
2020-12-03,360.7393026030293
2020-12-04,362.693776753747
2020-12-05,359.5141590488021
2020-12-06,358.4879238667599
2020-12-07,361.4338753660727
2020-12-08,361.18499306022983
2020-12-09,358.67566925977
2020-12-10,358.52899027722276
2020-12-11,360.383137765871
2020-12-12,355.0869696372967
2020-12-13,354.95249378369573
2020-12-14,356.7627185835007
2020-12-15,358.02045573336636
2020-12-16,359.33592185728094
2020-12-17,362.57140214591664
2020-12-18,360.46025547301304
2020-12-19,357.14928936344006
2020-12-20,357.3138464229616
2020-12-21,354.1051353026796
2020-12-22,356.79912709695486
2020-12-23,355.7308249227527
2020-12-24,357.3073584925123
2020-12-25,353.600255922085
2020-12-26,357.3831544358981
2020-12-27,360.16699407721904
2020-12-28,354.9867316008313
2020-12-29,356.2630299722191
2020-12-30,356.8739331892499
2020-12-31,353.34624523743884
2021-01-01,359.2221840985276
2021-01-02,358.33496347074845
2021-01-03,358.3384432421873
2021-01-04,355.4756379412196
2021-01-05,357.6185481318567
2021-01-06,358.7905347457481
2021-01-07,361.4027385342828
2021-01-08,359.6812068642182
2021-01-09,363.01842013916666
2021-01-10,354.0137726212749
2021-01-11,358.69125594921553
2021-01-12,356.3844065391556
2021-01-13,362.165554649806
2021-01-14,352.9347657617002
2021-01-15,352.60582937391433
2021-01-16,353.0940402984105
2021-01-17,348.28971242444374
2021-01-18,352.85534231984974
2021-01-19,351.9285114087086
2021-01-20,354.432554157742
2021-01-21,354.78433206209365
2021-01-22,359.16756179521866
2021-01-23,356.17266493644837
2021-01-24,351.37545009686016
2021-01-25,350.19817196739
2021-01-26,354.1589787301324
2021-01-27,348.51493943056425
2021-01-28,357.76510729811315
2021-01-29,355.60687814322637
2021-01-30,350.46165234513745
2021-01-31,346.5332510545911
2021-02-01,355.5406591592932
2021-02-02,350.9447793220869
2021-02-03,354.81423053261574
2021-02-04,346.1329628720093
2021-02-05,348.93672122599924
2021-02-06,350.5723677878572
2021-02-07,350.5226116185653
2021-02-08,348.85980117258214
2021-02-09,351.91022060518435
2021-02-10,346.6738780913466
2021-02-11,349.2881137187554
2021-02-12,349.9181439383965
2021-02-13,350.9461173073621
2021-02-14,351.3867738625779
2021-02-15,345.73076074362774
2021-02-16,344.35877529651356
2021-02-17,352.65429460539957
2021-02-18,349.68210948969136
2021-02-19,346.3074084695817
2021-02-20,353.0778611459277
2021-02-21,348.6468408432755
2021-02-22,351.7170317127491
2021-02-23,348.2649660832067
2021-02-24,354.1319067397757
2021-02-25,353.10695307591635
2021-02-26,346.9893531636719
2021-02-27,350.5503520199667
2021-02-28,349.4752688831858
2021-03-01,351.5526744781656
2021-03-02,344.4638124674034
2021-03-03,349.33273067981276
2021-03-04,350.37005851109205
2021-03-05,341.84301428592124
2021-03-06,343.4981662335404
2021-03-07,340.8632367213587
2021-03-08,346.1100065472304
2021-03-09,349.0124685079024
2021-03-10,351.31286578160575
2021-03-11,346.9783860615596
2021-03-12,351.59662438725644
2021-03-13,342.5295317718702
2021-03-14,341.52314172203273
2021-03-15,346.4345041642989
2021-03-16,347.72561668030744
2021-03-17,346.4520322294052
2021-03-18,340.32891628689947
2021-03-19,346.2494441476861
2021-03-20,342.5933972881751
2021-03-21,348.5102677666691
2021-03-22,347.59993364224766
2021-03-23,343.6838331113196
2021-03-24,344.9696490793947
2021-03-25,343.34582811699966
2021-03-26,346.35208811155815
2021-03-27,349.426642019296
2021-03-28,343.62955325758406
2021-03-29,348.1288064052846
2021-03-30,345.06023971857235
2021-03-31,344.31113986730315
2021-04-01,346.41180166885493
2021-04-02,343.6746759786677
2021-04-03,345.1713269613736
2021-04-04,343.29485949464714
2021-04-05,352.84321657097655
2021-04-06,347.11969159109236
2021-04-07,344.98387671793773
2021-04-08,347.7984173333241
2021-04-09,346.89716810650026
2021-04-10,346.6531453899932
2021-04-11,349.24465923100183
2021-04-12,349.764964697798
2021-04-13,345.99537130348045
2021-04-14,345.9579759623164
2021-04-15,346.96292508576505
2021-04-16,340.9890293137537
2021-04-17,343.4599637686207
2021-04-18,352.22090260544036
2021-04-19,353.1738904913534
2021-04-20,347.61451630416724
2021-04-21,350.21782556822336
2021-04-22,349.55229108949356
2021-04-23,357.98938605245274
2021-04-24,352.2494486497866
2021-04-25,348.64868783007057
2021-04-26,346.3112303786625
2021-04-27,344.50757515411686
2021-04-28,350.0899745849816
2021-04-29,347.3667629127955
2021-04-30,345.52880110514536
2021-05-01,348.01905894401335
2021-05-02,346.8807688619784
2021-05-03,355.35684358976937
2021-05-04,353.11366392638854
2021-05-05,350.62142150161145
2021-05-06,355.26498308244345
2021-05-07,351.2402300171682
2021-05-08,348.6103558876602
2021-05-09,355.9527179493148
2021-05-10,353.1922108574198
2021-05-11,348.6588181214959
2021-05-12,351.3974994523965
2021-05-13,349.5424440132327
2021-05-14,348.2244477553801
2021-05-15,355.35763233818346
2021-05-16,358.5162458196034
2021-05-17,348.80377093417576
2021-05-18,354.9023780125574
2021-05-19,351.47799471956
2021-05-20,352.1873897382227
2021-05-21,352.0927540695018
2021-05-22,351.5013944385609
2021-05-23,354.46455728209764
2021-05-24,352.05389558722413
2021-05-25,355.58793035123335
2021-05-26,354.85765178339614
2021-05-27,354.525251820216
2021-05-28,352.7549891757856
2021-05-29,353.9847349146409
2021-05-30,358.22030553411713
2021-05-31,357.69760973022755
2021-06-01,353.50449077169264
2021-06-02,356.9789519909022
2021-06-03,359.180343000271
2021-06-04,352.1645476634268
2021-06-05,359.0507082141282
2021-06-06,355.68182929641966
2021-06-07,359.6317045156902
2021-06-08,355.88139983531
2021-06-09,353.0087861999771
2021-06-10,353.79397203870184
2021-06-11,359.074857677262
2021-06-12,359.9645351952002
2021-06-13,356.72786854298784
2021-06-14,361.61265670284183
2021-06-15,354.9689143514816
2021-06-16,360.0122886229964
2021-06-17,356.83491499867785
2021-06-18,358.7701966682447
2021-06-19,361.125871839608
2021-06-20,358.6605595618106
2021-06-21,360.34633336731054
2021-06-22,364.77707876998085
2021-06-23,360.28564856577174
2021-06-24,364.78137134454425
2021-06-25,359.1429158380619
2021-06-26,364.37888451480757
2021-06-27,367.3712313236852
2021-06-28,355.8881871731084
2021-06-29,361.16849581528754
2021-06-30,365.54584869150585
2021-07-01,363.4602610045932
2021-07-02,365.4368382677626
2021-07-03,362.76461193788185
2021-07-04,365.08859205748115
2021-07-05,364.61305978391306
2021-07-06,368.8336456117222
2021-07-07,366.3426348929152
2021-07-08,366.8400444794347
2021-07-09,364.83818747147694
2021-07-10,364.85622625316796
2021-07-11,365.26516893045283
2021-07-12,367.98849825978044
2021-07-13,365.7829147008993
2021-07-14,368.15427566434334
2021-07-15,373.74852223402587
2021-07-16,370.3712781494798
2021-07-17,367.0135632917529
2021-07-18,371.82708189259796
2021-07-19,367.2290279444781
2021-07-20,362.5666339962033
2021-07-21,365.88237431964745
2021-07-22,363.517688394704
2021-07-23,368.2966936583593
2021-07-24,369.6253327106432
2021-07-25,374.81584163434013
2021-07-26,370.98130846565925
2021-07-27,369.5547025153804
2021-07-28,372.90911704796196
2021-07-29,363.99374712470325
2021-07-30,371.5375449009387
2021-07-31,373.34408009501357
2021-08-01,366.7936846781852
2021-08-02,374.855781403255
2021-08-03,372.6321435049775
2021-08-04,370.5599277666526
2021-08-05,373.8902205040935
2021-08-06,378.9869279076398
2021-08-07,372.9002593396142
2021-08-08,373.2759171033608
2021-08-09,371.32649861682756
2021-08-10,370.32505401878404
2021-08-11,375.53222985289176
2021-08-12,370.636186288335
2021-08-13,373.5788835630098
2021-08-14,372.08744398232477
2021-08-15,375.1100253623496
2021-08-16,374.82313461539707
2021-08-17,377.0801792282608
2021-08-18,372.5792268879529
2021-08-19,373.43763156703284
2021-08-20,371.4451682267901
2021-08-21,373.17896554071564
2021-08-22,375.7702770562982
2021-08-23,377.0319784990865
2021-08-24,372.11322422436035
2021-08-25,377.6032808051006
2021-08-26,379.17212076845436
2021-08-27,376.4522245324511
2021-08-28,380.9449567534237
2021-08-29,373.09175765637724
2021-08-30,371.7735943224096
2021-08-31,370.2616801224156
2021-09-01,380.17207874587467
2021-09-02,377.7289447134895
2021-09-03,375.6767683861472
2021-09-04,376.756852637044
2021-09-05,372.6096319229277
2021-09-06,383.3882147666231
2021-09-07,376.499170373512
2021-09-08,376.4959095063995
2021-09-09,378.3968969257702
2021-09-10,377.71013494649156
2021-09-11,376.9818937087472
2021-09-12,373.9775640599744
2021-09-13,377.79773821267696
2021-09-14,382.05934209283436
2021-09-15,380.4750450806726
2021-09-16,381.2394344765405
2021-09-17,374.9428842880399
2021-09-18,373.5199357078195
2021-09-19,376.11916676939944
2021-09-20,376.66703583290894
2021-09-21,379.7813244352339
2021-09-22,371.41580032116593
2021-09-23,381.07184669215735
2021-09-24,375.99473371724395
2021-09-25,375.1692403164703
2021-09-26,373.39026654072995
2021-09-27,371.4342827234139
2021-09-28,378.83622271178757
2021-09-29,376.5501177550503
2021-09-30,372.41933955023427
2021-10-01,372.3586619635089
2021-10-02,375.1868512768119
2021-10-03,381.1472228353537
2021-10-04,375.30299889534507
2021-10-05,371.50963788600666
2021-10-06,375.21482903620443
2021-10-07,375.0625965455664
2021-10-08,367.71455502063196
2021-10-09,375.5625391006291
2021-10-10,374.9486135602303
2021-10-11,377.6418392888717
2021-10-12,381.0077272504057
2021-10-13,378.74405592153965
2021-10-14,374.4570883192264
2021-10-15,371.8394917251882
2021-10-16,382.77041644461985
2021-10-17,375.11524466306713
2021-10-18,374.86264771518125
2021-10-19,374.627807798273
2021-10-20,375.1698490629434
2021-10-21,374.01405068497684
2021-10-22,372.5938465256067
2021-10-23,372.53815903657477
2021-10-24,373.94062238063157
2021-10-25,372.26503866745736
2021-10-26,371.60953342365724
2021-10-27,373.91648987788983
2021-10-28,372.6778113044767
2021-10-29,377.7967267919288
2021-10-30,365.1703511953266
2021-10-31,376.2328497476255
2021-11-01,376.52825799047304
2021-11-02,366.39815946550453
2021-11-03,371.4153005290563
2021-11-04,371.15083110715204
2021-11-05,367.86121906745416
2021-11-06,369.56576834053203
2021-11-07,368.3798736057578
2021-11-08,376.77776929347385
2021-11-09,374.13438053757864
2021-11-10,374.94548598353094
2021-11-11,373.0964584110672
2021-11-12,367.3421136857982
2021-11-13,368.95080014953453
2021-11-14,371.78490246807087
2021-11-15,366.44020059188904
2021-11-16,372.0328342266698
2021-11-17,368.9576303836354
2021-11-18,368.3364882997802
2021-11-19,371.3738157698483
2021-11-20,370.35141713614473
2021-11-21,367.7111921091731
2021-11-22,372.0453820252007
2021-11-23,365.09541041982715
2021-11-24,369.9555885860902
2021-11-25,369.6543088734485
2021-11-26,366.71170006429236
2021-11-27,368.38225321657336
2021-11-28,363.41227874890353
2021-11-29,369.6977870185672
2021-11-30,366.12947828073203
2021-12-01,364.87295817181086
2021-12-02,369.3436332915481
2021-12-03,363.8376612174741
2021-12-04,361.4780762388976
2021-12-05,360.7850948703484
2021-12-06,367.02336256125096
2021-12-07,361.11329699597036
2021-12-08,369.96719627755004
2021-12-09,358.2043051232525
2021-12-10,369.28586789075354
2021-12-11,364.5751575956856
2021-12-12,363.39684861818694
2021-12-13,361.79646540136184
2021-12-14,364.3722934498816
2021-12-15,362.8051471399835
2021-12-16,365.9707028345515
2021-12-17,362.745882106473
2021-12-18,362.5962387794536
2021-12-19,360.79643996676543
2021-12-20,361.45826808216714
2021-12-21,362.2943003533458
2021-12-22,355.98221821862313
2021-12-23,356.81011023861487
2021-12-24,362.82659312158125
2021-12-25,360.8517991258819
2021-12-26,359.52999874368396
2021-12-27,359.8804166923708
2021-12-28,360.61152245429633
2021-12-29,357.6937330052738
2021-12-30,356.7229806297153
2021-12-31,359.39103697940965
2022-01-01,359.61478832025125
2022-01-02,363.5219445355465
2022-01-03,356.9376641338273
2022-01-04,364.8821342047629
2022-01-05,362.96281005631903
2022-01-06,362.06462907495336
2022-01-07,363.9973806627342
2022-01-08,365.7998177193503
2022-01-09,363.6019829616864
2022-01-10,354.79319261594406
2022-01-11,356.2355631388464
2022-01-12,357.9599247888535
2022-01-13,359.6744190007855
2022-01-14,360.91263767917303
2022-01-15,356.94776346099627
2022-01-16,359.4525185281738
2022-01-17,356.3952508003132
2022-01-18,356.5980539759162
2022-01-19,353.985926102825
2022-01-20,355.2116730599807
2022-01-21,353.7040103179132
2022-01-22,354.611429518639
2022-01-23,360.48231881171375
2022-01-24,354.25796439735154
2022-01-25,364.7905621759473
2022-01-26,358.16317491825555
2022-01-27,357.0301474227108
2022-01-28,353.6956576600064
2022-01-29,358.1694874192895
2022-01-30,354.14226582273824
2022-01-31,356.03868408579984
2022-02-01,363.1592956516034
2022-02-02,355.0002191586708
2022-02-03,358.54860157555237
2022-02-04,352.8067165730147
2022-02-05,354.6298808233697
2022-02-06,359.8690385956092
2022-02-07,352.50076866390776
2022-02-08,359.64734326101063
2022-02-09,356.1649266145083
2022-02-10,352.1893390518116
2022-02-11,355.6124753909859
2022-02-12,356.474920392141
2022-02-13,355.26823069183746
2022-02-14,348.5412550686399
2022-02-15,350.92327549166674
2022-02-16,352.2185619020659
2022-02-17,352.5979638524039
2022-02-18,354.5471837464046
2022-02-19,353.08597108205106
2022-02-20,348.4183721432299
2022-02-21,353.44041049341484
2022-02-22,354.01089739640906
2022-02-23,353.74178198276945
2022-02-24,355.1920051417936
2022-02-25,354.3426970122335
2022-02-26,353.1137858467944
2022-02-27,351.42514203272765
2022-02-28,346.5562582338823
2022-03-01,352.7356344629663
2022-03-02,351.98164591063306
2022-03-03,352.0893128114036
2022-03-04,347.3645393230824
2022-03-05,347.87606312396576
2022-03-06,354.20740033153646
2022-03-07,350.86226779306907
2022-03-08,352.96272914268195
2022-03-09,350.9447968689058
2022-03-10,350.8950630438049
2022-03-11,353.5709531382282
2022-03-12,349.16264356589045
2022-03-13,350.9581984773379
2022-03-14,349.24646317398305
2022-03-15,349.2976585786918
2022-03-16,349.64590396308364
2022-03-17,351.2165177885886
2022-03-18,349.09499672202867
2022-03-19,354.28407264294503
2022-03-20,347.8229838830311
2022-03-21,349.94063518769485
2022-03-22,349.1809457291346
2022-03-23,354.84440612336283
2022-03-24,351.1009141609395
2022-03-25,353.61900230107244
2022-03-26,346.08344428426676
2022-03-27,351.36236585540007
2022-03-28,353.25562378346103
2022-03-29,350.8635188265573
2022-03-30,353.8474536988857
2022-03-31,349.1378930137891
2022-04-01,354.96093506927537
2022-04-02,357.6770973167836
2022-04-03,349.74375919609616
2022-04-04,349.5519856082114
2022-04-05,355.3091946035805
2022-04-06,355.7526173723693
2022-04-07,349.5144731604557
2022-04-08,349.89591714983385
2022-04-09,350.3887984289912
2022-04-10,347.2827026554901
2022-04-11,348.64620329141894
2022-04-12,348.4800192673999
2022-04-13,349.2834820509997
2022-04-14,351.5813760220901
2022-04-15,352.49072437482954
2022-04-16,356.5462942864027
2022-04-17,349.010474833
2022-04-18,355.07324699853655
2022-04-19,351.597020818173
2022-04-20,352.21323329387906
2022-04-21,354.51261315555587
2022-04-22,349.2503745611761
2022-04-23,353.8999728656392
2022-04-24,353.390080540122
2022-04-25,354.50979439653736
2022-04-26,354.04535763218723
2022-04-27,360.69281453462224
2022-04-28,351.56636372462594
2022-04-29,352.0428242836429
2022-04-30,351.9261406546641
2022-05-01,352.2923462392602
2022-05-02,352.21325149090205
2022-05-03,357.86246827787437
2022-05-04,358.73025739950975
2022-05-05,352.9331005443129
2022-05-06,352.3280839464607
2022-05-07,356.42237176338455
2022-05-08,353.53753935880206
2022-05-09,357.2821411707723
2022-05-10,356.1842497889197
2022-05-11,351.2233242394836
2022-05-12,360.61103109063754
2022-05-13,361.55693179267354
2022-05-14,354.53448087681994
2022-05-15,355.4159950157806
2022-05-16,357.64559207036774
2022-05-17,358.0028440255943
2022-05-18,359.18910312050417
2022-05-19,363.4605360432245
2022-05-20,357.1179242070346
2022-05-21,355.4750441086031
2022-05-22,353.9554090635568
2022-05-23,356.1262022784374
2022-05-24,358.44736501783586
2022-05-25,364.16023346444723
2022-05-26,357.455532214635
2022-05-27,359.9134598157319
2022-05-28,359.42841147369217
2022-05-29,363.28022872669015
2022-05-30,367.5349291342608
2022-05-31,358.6022518485935
2022-06-01,358.96883817853364
2022-06-02,363.81343770582174
2022-06-03,362.9718560990346
2022-06-04,366.712885483999
2022-06-05,363.1724121929663
2022-06-06,360.59182430089606
2022-06-07,363.69187300198763
2022-06-08,365.49728804668626
2022-06-09,364.8848790455628
2022-06-10,364.1984214456732
2022-06-11,366.1306269060453
2022-06-12,366.6932544613728
2022-06-13,367.5872953914136
2022-06-14,365.64300898927866
2022-06-15,363.45212029733796
2022-06-16,364.65066907823825
2022-06-17,368.08749049749025
2022-06-18,362.27489797868947
2022-06-19,366.0896957522775
2022-06-20,364.06178322068035
2022-06-21,365.58623446880443
2022-06-22,369.5935559301594
2022-06-23,366.5896213784009
2022-06-24,366.41360465281724
2022-06-25,362.45246797909505
2022-06-26,369.02823267914334
2022-06-27,368.9829780051347
2022-06-28,373.7928848434067
2022-06-29,366.63584687683993
2022-06-30,368.47208329295603
2022-07-01,368.8175482138544
2022-07-02,373.0557604869391
2022-07-03,368.29068090086844
2022-07-04,369.6658872723735
2022-07-05,370.90378101923886
2022-07-06,369.89012679621186
2022-07-07,368.24007151936
2022-07-08,370.409506471904
2022-07-09,373.29471361942365
2022-07-10,367.2394990271523
2022-07-11,370.96175251635236
2022-07-12,368.70477938782807
2022-07-13,374.63100803013464
2022-07-14,366.7153903793028
2022-07-15,369.8455542962748
2022-07-16,372.8895396643783
2022-07-17,376.6882059759595
2022-07-18,372.02618934288716
2022-07-19,370.7876554834632
2022-07-20,378.3244788100586
2022-07-21,368.56259155115094
2022-07-22,366.53364628792133
2022-07-23,374.67127746064324
2022-07-24,372.0639149000167
2022-07-25,370.72283124612215
2022-07-26,376.12559568626483
2022-07-27,374.9434062431206
2022-07-28,372.7286644122013
2022-07-29,370.7862398557142
2022-07-30,377.44807321145345
2022-07-31,376.9820880472287
2022-08-01,374.93191582418655
2022-08-02,380.9644302617772
2022-08-03,372.40639998351577
2022-08-04,371.2292159955808
2022-08-05,373.91615069613096
2022-08-06,376.03809128516014
2022-08-07,377.0846789224068
2022-08-08,375.8075471708908
2022-08-09,377.7607475049912
2022-08-10,373.11996885460707
2022-08-11,381.3725162154788
2022-08-12,376.95798423088394
2022-08-13,380.716072346116
2022-08-14,378.5485923617532
2022-08-15,379.0433455425718
2022-08-16,379.53145014023283
2022-08-17,379.3106850755391
2022-08-18,380.0374443641198
2022-08-19,382.23471396331024
2022-08-20,378.97102288324146
2022-08-21,380.6388565937095
2022-08-22,378.36916849430196
2022-08-23,383.0813642954989
2022-08-24,376.85054329071545
2022-08-25,384.39728434351605
2022-08-26,378.9847333401065
2022-08-27,374.9195945164259
2022-08-28,379.6988825604819
2022-08-29,377.3699702812633
2022-08-30,382.02948907931005
2022-08-31,377.6399689312213
2022-09-01,378.3453955117628
2022-09-02,374.0972255515907
2022-09-03,378.48660344113136
2022-09-04,372.64530877819766
2022-09-05,375.23439059436566
2022-09-06,382.3322027962055
2022-09-07,382.4689073035388
2022-09-08,381.4440978079397
2022-09-09,377.3186686246865
2022-09-10,380.1239731828555
2022-09-11,380.29943401863807
2022-09-12,376.8738933587327
2022-09-13,384.8935280465704
2022-09-14,383.0453554751363
2022-09-15,379.7758924207187
2022-09-16,380.54053211360593
2022-09-17,381.1016797411761
2022-09-18,374.36354556332236
2022-09-19,379.7549953821366
2022-09-20,378.4539083520495
2022-09-21,377.4938898501363
2022-09-22,379.6498933316525
2022-09-23,385.8762553143241
2022-09-24,382.3912859967819
2022-09-25,378.7363465569641
2022-09-26,382.14432801057893
2022-09-27,384.5969190487692
2022-09-28,383.1406120086401
2022-09-29,380.5090549632456
2022-09-30,378.34841191634075
2022-10-01,382.33856822054054
2022-10-02,381.37466153094755
2022-10-03,382.8257379195687
2022-10-04,381.9872883544818
2022-10-05,383.167724891319
2022-10-06,378.3463525937805
2022-10-07,383.8329494517124
2022-10-08,380.39801376353387
2022-10-09,385.9512063180583
2022-10-10,377.57385369658766
2022-10-11,384.7611116039272
2022-10-12,380.0545913159576
2022-10-13,377.4101068220531
2022-10-14,377.8120968887279
2022-10-15,378.1980275268303
2022-10-16,380.322834874076
2022-10-17,380.50609582513016
2022-10-18,377.09975982762666
2022-10-19,378.6271192828201
2022-10-20,385.00240585647543
2022-10-21,383.62976143105084
2022-10-22,379.62380355526955
2022-10-23,378.29274629480057
2022-10-24,378.39897617143436
2022-10-25,379.7358668990499
2022-10-26,374.6796930760935
2022-10-27,376.82506958254413
2022-10-28,372.4369907351065
2022-10-29,378.4824171939965
2022-10-30,379.06484843961385
2022-10-31,375.50876980496
2022-11-01,381.5119627028502
2022-11-02,372.94103317372196
2022-11-03,372.05023867066785
2022-11-04,376.93850916081936
2022-11-05,379.22504905944413
2022-11-06,380.95100147767823
2022-11-07,374.33494835354844
2022-11-08,378.75700046349687
2022-11-09,375.21181994963416
2022-11-10,374.612938798726
2022-11-11,377.5824220313975
2022-11-12,376.6862376346902
2022-11-13,369.7951844774211
2022-11-14,378.7463998335648
2022-11-15,378.24685808100725
2022-11-16,372.01715083162406
2022-11-17,374.866017178422
2022-11-18,374.9430412812772
2022-11-19,374.02295716270953
2022-11-20,371.36771174015036
2022-11-21,370.7792205028162
2022-11-22,372.49073040213364
2022-11-23,375.856787460405
2022-11-24,373.73858222904073
2022-11-25,370.763162103285
2022-11-26,373.9554355141794
2022-11-27,362.85822628795677
2022-11-28,374.6119165791758
2022-11-29,365.7065646246122
2022-11-30,369.59686186585157
2022-12-01,367.08211754948957
2022-12-02,366.3125611868747
2022-12-03,373.4331726512379
2022-12-04,368.3003565240526
2022-12-05,370.49449403611226
2022-12-06,369.0645709705765
2022-12-07,370.3857075351286
2022-12-08,368.93327940477775
2022-12-09,364.60111667433796
2022-12-10,371.18529924422484
2022-12-11,366.4608354445938
2022-12-12,363.01724225781885
2022-12-13,366.146877178891
2022-12-14,371.67716447872834
2022-12-15,369.4687164735985
2022-12-16,365.6148407852784
2022-12-17,365.35542604753164
2022-12-18,365.18042834141585
2022-12-19,372.1175205540895
2022-12-20,366.774911310025
2022-12-21,366.66101998824286
2022-12-22,368.20357375868855
2022-12-23,365.57103398201156
2022-12-24,363.81967440205096
2022-12-25,363.7501532642431
2022-12-26,363.8671449744998
2022-12-27,363.7134481836451
2022-12-28,365.75166596912226
2022-12-29,363.4688497036238
2022-12-30,365.255815037569
2022-12-31,362.5613514737908
2023-01-01,366.7858122240446
2023-01-02,360.3025842148067
2023-01-03,368.7943979706482
2023-01-04,366.83413272047994
2023-01-05,368.5390479386588
2023-01-06,356.6077737374307
2023-01-07,371.31443182523986
2023-01-08,364.38462550149706
2023-01-09,367.88342121684457
2023-01-10,361.1960975285624
2023-01-11,365.9126157542412
2023-01-12,360.67413383241956
2023-01-13,361.72483896806557
2023-01-14,369.101754679366
2023-01-15,362.55294769816663
2023-01-16,363.54451685428177
2023-01-17,365.2716027894394
2023-01-18,363.91965304880983
2023-01-19,362.65716610880037
2023-01-20,363.07625580571204
2023-01-21,368.969310890477
2023-01-22,361.36619288647023
2023-01-23,361.9246905620351
2023-01-24,364.2581242518702
2023-01-25,364.20999378030905
2023-01-26,364.24431213229406
2023-01-27,362.39182971771373
2023-01-28,356.84171626235866
2023-01-29,364.9688523779658
2023-01-30,356.43014312239546
2023-01-31,360.5805610375808
2023-02-01,357.2162144867389
2023-02-02,359.0959838180658
2023-02-03,360.0870688276058
2023-02-04,359.88031749474317
2023-02-05,360.0006085575664
2023-02-06,363.3977704958786
2023-02-07,359.74227274181305
2023-02-08,357.47752768114793
2023-02-09,360.93393231300695
2023-02-10,361.4451508462683
2023-02-11,354.0324287284083
2023-02-12,359.34945725281034
2023-02-13,359.50631903211854
2023-02-14,356.35923871823127
2023-02-15,361.2318074590762
2023-02-16,356.5109510476228
2023-02-17,357.1979935001187
2023-02-18,356.16595198090096
2023-02-19,356.5996052219957
2023-02-20,353.13557995867455
2023-02-21,351.9796642926141
2023-02-22,360.9626553502325
2023-02-23,353.5215265940214
2023-02-24,352.9754859167608
2023-02-25,349.3807602077756
2023-02-26,353.8193603660406
2023-02-27,351.6663697868811
2023-02-28,360.46518651483944
2023-03-01,358.47623107359647
2023-03-02,353.29413181361053
2023-03-03,362.03188371585037
2023-03-04,358.1400815115181
2023-03-05,354.1447385946647
2023-03-06,347.54972462691705
2023-03-07,361.85376097241124
2023-03-08,350.7495096502733
2023-03-09,349.9236454996438
2023-03-10,357.8735059213466
2023-03-11,362.07535893931805
2023-03-12,358.8635962060741
2023-03-13,356.361563506672
2023-03-14,356.41755206509407
2023-03-15,357.1613939373297
2023-03-16,356.8502061028498
2023-03-17,355.3936907455956
2023-03-18,354.84384589887475
2023-03-19,354.3290248825259
2023-03-20,352.24491202308957
2023-03-21,353.65922488957864
2023-03-22,349.42126846137097
2023-03-23,354.2084535899174
2023-03-24,351.54547650995204
2023-03-25,351.2127007310192
2023-03-26,355.0798078568381
2023-03-27,358.7372219168261
2023-03-28,357.34168121459766
2023-03-29,349.9051650478615
2023-03-30,351.6821281639787
2023-03-31,357.51207192805487
2023-04-01,351.78543056810366
2023-04-02,354.10650349593476
2023-04-03,356.4824311744888
2023-04-04,351.9834598078228
2023-04-05,355.2651676906653
2023-04-06,351.0118244504225
2023-04-07,353.2789503100618
2023-04-08,356.11582340354903
2023-04-09,350.4551710549777
2023-04-10,356.6374784024741
2023-04-11,355.3432457340915
2023-04-12,357.14991143090754
2023-04-13,356.258617148506
2023-04-14,359.77785197417205
2023-04-15,356.16375368516367
2023-04-16,354.6065761845847
2023-04-17,356.3724294643132
2023-04-18,357.75017389021593
2023-04-19,356.38556756182663
2023-04-20,356.48339949644804
2023-04-21,354.3821796156358
2023-04-22,354.62983787321014
2023-04-23,352.54492781168796
2023-04-24,362.13945414504366
2023-04-25,353.30085089833904
2023-04-26,355.0991361070761
2023-04-27,355.171692318182
2023-04-28,360.1643568082132
2023-04-29,356.7509661137723
2023-04-30,361.5387884519596
2023-05-01,355.93830572400935
2023-05-02,358.962395359493
2023-05-03,355.7893775247724
2023-05-04,364.90419203886034
2023-05-05,355.08254416847274
2023-05-06,359.75461279645447
2023-05-07,360.9094557370216
2023-05-08,360.4356057839995
2023-05-09,358.82748274087265
2023-05-10,359.18601862716554
2023-05-11,359.90199100041264
2023-05-12,359.52750948176185
2023-05-13,363.0609361237717
2023-05-14,367.00441595304716
2023-05-15,358.90662434056503
2023-05-16,356.67858695945574
2023-05-17,360.73462751057946
2023-05-18,368.95259831544865
2023-05-19,359.0188987230163
2023-05-20,366.566116305849
2023-05-21,366.90303828444775
2023-05-22,360.4326020224763
2023-05-23,364.025941635819
2023-05-24,367.43193580584284
2023-05-25,361.6391766509314
2023-05-26,362.39762503143646
2023-05-27,361.4970532189693
2023-05-28,360.4334099698318
2023-05-29,361.76721627114784
2023-05-30,360.28231105635314
2023-05-31,364.2971085721321
2023-06-01,362.1272368129124
2023-06-02,365.3823128099868
2023-06-03,360.2584946915448
2023-06-04,366.16540420343426
2023-06-05,367.92121452181516
2023-06-06,359.68849364554285
2023-06-07,367.04207821945346
2023-06-08,369.85418428235744
2023-06-09,362.79450944589706
2023-06-10,371.6943165128644
2023-06-11,368.18765986537596
2023-06-12,365.07033212276053
2023-06-13,367.2735111853279
2023-06-14,369.3718600640749
2023-06-15,368.1814907125257
2023-06-16,369.82679599627744
2023-06-17,365.7059428187271
2023-06-18,369.2337874637594
2023-06-19,364.74253233494386
2023-06-20,368.90812147361635
2023-06-21,366.7882770756056
2023-06-22,367.55161051456827
2023-06-23,373.72460369997253
2023-06-24,373.5482253701316
2023-06-25,372.35945076475633
2023-06-26,367.51253368704397
2023-06-27,370.09730011262707
2023-06-28,374.94241377342786
2023-06-29,371.9843323226187
2023-06-30,378.7726209299093
2023-07-01,373.2493506809053
2023-07-02,372.89954799711876
2023-07-03,371.6492181054218
2023-07-04,373.2294454094093
2023-07-05,372.6226819809476
2023-07-06,375.45462545680857
2023-07-07,376.44947931339533
2023-07-08,371.46926811168527
2023-07-09,370.08011950917097
2023-07-10,368.8104288060756
2023-07-11,376.08681747464937
2023-07-12,371.49504201412395
2023-07-13,368.5871963645027
2023-07-14,376.450686907247
2023-07-15,383.00131839038795
2023-07-16,375.73969130456504
2023-07-17,378.50710621161136
2023-07-18,376.46892820174884
2023-07-19,376.15658510396935
2023-07-20,379.43823705070014
2023-07-21,376.03580961983374
2023-07-22,377.93224109999727
2023-07-23,378.31632752907126
2023-07-24,375.5658062121454
2023-07-25,380.76265674612387
2023-07-26,377.4756470742806
2023-07-27,375.94476862332846
2023-07-28,380.0304298351227
2023-07-29,375.9317491063538
2023-07-30,378.9152446987204
2023-07-31,379.00412752342004
2023-08-01,382.4871301130195
2023-08-02,380.84861397227405
2023-08-03,379.5415734062588
2023-08-04,382.2590904059559
2023-08-05,384.1624975528266
2023-08-06,381.8482802532822
2023-08-07,380.38571843396886
2023-08-08,376.5957466474093
2023-08-09,377.5092403262222
2023-08-10,379.9589130141144
2023-08-11,379.2126857967812
2023-08-12,380.64352385710527
2023-08-13,381.53413462604294
2023-08-14,383.1094945856903
2023-08-15,381.4615895509331
2023-08-16,383.2816532310148
2023-08-17,382.16098263991745
2023-08-18,376.18287638545553
2023-08-19,379.4292501914567
2023-08-20,381.9491967069722
2023-08-21,378.88276109242065
2023-08-22,384.4381617671522
2023-08-23,387.35326514618157
2023-08-24,386.53600575198516
2023-08-25,382.35413443199303
2023-08-26,387.5773856025894
2023-08-27,383.65792219438634
2023-08-28,382.30331140239537
2023-08-29,381.5729172630651
2023-08-30,382.6001493728795
2023-08-31,382.4333104135048
2023-09-01,384.19519447853355
2023-09-02,384.2475696875769
2023-09-03,383.85266045933884
2023-09-04,385.22776126732356
2023-09-05,387.5580378891819
2023-09-06,386.89962123409657
2023-09-07,379.6568129222366
2023-09-08,376.50596171787896
2023-09-09,387.022556787792
2023-09-10,380.16647115603513
2023-09-11,383.63594543023174
2023-09-12,380.8386483481322
2023-09-13,378.9773918285289
2023-09-14,386.03765678802364
2023-09-15,386.71625042311564
2023-09-16,382.7303433944422
2023-09-17,376.70340444089874
2023-09-18,382.8500168238378
2023-09-19,385.671939545906
2023-09-20,380.0631263897205
2023-09-21,385.0488296391585
2023-09-22,384.4472646627914
2023-09-23,386.22107023257877
2023-09-24,384.82749851822336
2023-09-25,381.5306767036679
2023-09-26,388.01629417150394
2023-09-27,383.9232640199303
2023-09-28,384.28479734137204
2023-09-29,381.5303599762655
2023-09-30,382.9593754958829
2023-10-01,381.58949013761907
2023-10-02,383.67536719491204
2023-10-03,389.27528369991256
2023-10-04,379.96606952064184
2023-10-05,379.17838255173075
2023-10-06,388.3655692109431
2023-10-07,383.2527962233538
2023-10-08,381.7979967334769
2023-10-09,386.84513776237077
2023-10-10,381.82457053164575
2023-10-11,389.03124933507223
2023-10-12,385.4946365795875
2023-10-13,381.9006266084593
2023-10-14,389.7356790306874
2023-10-15,381.3419246824032
2023-10-16,385.27662315089816
2023-10-17,383.8354671022431
2023-10-18,386.7260837076388
2023-10-19,387.38471664978357
2023-10-20,382.67160722783717
2023-10-21,380.18687830971015
2023-10-22,383.6947489750648
2023-10-23,380.1455897510396
2023-10-24,388.07904393385945
2023-10-25,382.30491897410684
2023-10-26,380.6521061177524
2023-10-27,382.15124011240886
2023-10-28,377.40136408815016
2023-10-29,378.36990571064877
2023-10-30,384.7245023443389
2023-10-31,378.98764635494393
2023-11-01,377.6492694649343
2023-11-02,382.22828842031083
2023-11-03,384.0004757752863
2023-11-04,382.4220136371346
2023-11-05,383.0718972090251
2023-11-06,377.62883313759625
2023-11-07,375.4461691419297
2023-11-08,384.02495891906943
2023-11-09,378.35930584160985
2023-11-10,378.3783216491833
2023-11-11,382.91602464448465
2023-11-12,380.3979590276519
2023-11-13,379.89202426461867
2023-11-14,384.81178581909035
2023-11-15,376.1760293274245
2023-11-16,380.67735932039636
2023-11-17,377.84964595280104
2023-11-18,378.26672755901876
2023-11-19,381.8263411444754
2023-11-20,378.5421344705555
2023-11-21,378.4089788437792
2023-11-22,379.7849146270374
2023-11-23,375.2437422139982
2023-11-24,373.5901527632404
2023-11-25,372.74057751748023
2023-11-26,369.74126961410633
2023-11-27,381.57247553966795
2023-11-28,371.8559943808944
2023-11-29,374.2619450901892
2023-11-30,373.8537447903942
2023-12-01,375.3633473267953
2023-12-02,376.6438172516553
2023-12-03,376.5321127541816
2023-12-04,371.95422781228143
2023-12-05,372.95361724956086
2023-12-06,374.05307255867893
2023-12-07,372.20851167490855
2023-12-08,377.52485045965693
2023-12-09,373.9230182018184
2023-12-10,374.4011321440329
2023-12-11,373.93074900007997
2023-12-12,375.2074095262541
2023-12-13,371.9742873378998
2023-12-14,367.28438926295786
2023-12-15,372.1171151025159
2023-12-16,368.70672650712646
2023-12-17,368.8173491152376
2023-12-18,371.90442555133325
2023-12-19,373.6021258177079
2023-12-20,369.69291968353855
2023-12-21,370.29739408446653
2023-12-22,374.21936823049873
2023-12-23,369.57692604339775
2023-12-24,376.40185018205426
2023-12-25,370.0357317483927
2023-12-26,362.79966047527455
2023-12-27,370.0851397564882
2023-12-28,368.71225249285965
2023-12-29,371.18227030845014
2023-12-30,369.0774388597321
2023-12-31,366.38813326216524
2024-01-01,366.87701194422823
2024-01-02,369.67011649654495
2024-01-03,367.4938535839129
2024-01-04,368.05309694337177
2024-01-05,371.3107528223417
2024-01-06,374.306253385066
2024-01-07,370.2333223003666
2024-01-08,365.215745199857
2024-01-09,369.8926807712924
2024-01-10,371.90570976987595
2024-01-11,366.2449453260953
2024-01-12,367.4323290219218
2024-01-13,367.6402104343406
2024-01-14,365.00496567851894
2024-01-15,369.06983620198827
2024-01-16,366.52937378891926
2024-01-17,367.9199969290942
2024-01-18,363.77013085148576
2024-01-19,364.89353449239945
2024-01-20,368.1485168717967
2024-01-21,364.6405646784869
2024-01-22,370.71994083127123
2024-01-23,364.1224848650464
2024-01-24,365.780215241103
2024-01-25,367.69118847705437
2024-01-26,360.4281240168138
2024-01-27,359.1932126156838
2024-01-28,359.6937620568398
2024-01-29,367.856310091344
2024-01-30,362.2136048637742
2024-01-31,371.3472524988685
2024-02-01,361.78629924082486
2024-02-02,363.84205276743586
2024-02-03,367.727111454399
2024-02-04,368.9345245128697
2024-02-05,368.9193570247698
2024-02-06,366.1817353804821
2024-02-07,365.45385741470545
2024-02-08,363.9875784346234
2024-02-09,364.3767540366418
2024-02-10,360.22318223050877
2024-02-11,359.2606555235524
2024-02-12,361.54713367102795
2024-02-13,360.89224693761105
2024-02-14,359.8922450803294
2024-02-15,363.1938493615115
2024-02-16,363.82703343443194
2024-02-17,361.0864847985796
2024-02-18,365.1177576969184
2024-02-19,357.1278007368508
2024-02-20,359.843426841521
2024-02-21,358.14934997858853
2024-02-22,354.57953030933845
2024-02-23,359.81436858144826
2024-02-24,359.5844204399799
2024-02-25,364.38127977831317
2024-02-26,361.62868066277343
2024-02-27,356.563078694116
2024-02-28,365.10141873343287
2024-02-29,363.1098808921446
2024-03-01,361.1048759595496
2024-03-02,358.595124003268
2024-03-03,356.31646734037287
2024-03-04,358.0026124169774
2024-03-05,362.3141876306503
2024-03-06,364.63469217244284
2024-03-07,363.54795763538067
2024-03-08,357.39329347515564
2024-03-09,355.44694232545066
2024-03-10,359.17876046103385
2024-03-11,353.405459653854
2024-03-12,359.63933928906926
2024-03-13,358.1904812812022
2024-03-14,357.20303775538406
2024-03-15,353.78931113168915
2024-03-16,360.0909167933966
2024-03-17,356.93314006803337
2024-03-18,355.0070537590936
2024-03-19,349.89001914984465
2024-03-20,358.418705405027
2024-03-21,363.81689369396634
2024-03-22,363.48725011394527
2024-03-23,357.139961061646
2024-03-24,356.71683250158117
2024-03-25,359.94644817160275
2024-03-26,355.56605874022745
2024-03-27,359.4921070960491
2024-03-28,360.9149076938851
2024-03-29,362.33181224534263
2024-03-30,358.38929613465035
2024-03-31,358.1218714981877
2024-04-01,356.1464551856562
2024-04-02,356.3516338152956
2024-04-03,358.2090564967091
2024-04-04,360.0511376926759
2024-04-05,361.7546548138769
2024-04-06,356.67351638987446
2024-04-07,363.634543308
2024-04-08,358.420781452445
2024-04-09,359.2519523055476
2024-04-10,357.1605240934281
2024-04-11,352.2197207868373
2024-04-12,362.2390109353952
2024-04-13,361.8959623755278
2024-04-14,358.94409750586533
2024-04-15,360.09576495963506
2024-04-16,361.5533546083287
2024-04-17,355.43264223244717
2024-04-18,358.65182931881066
2024-04-19,362.74441846170185
2024-04-20,356.7252864095483
2024-04-21,361.49921442236285
2024-04-22,356.6829982132168
2024-04-23,362.29001386278344
2024-04-24,360.92551615762045
2024-04-25,356.33245625274725
2024-04-26,364.8211321782611
2024-04-27,359.2758089469857
2024-04-28,359.20505783760524
2024-04-29,362.3972698256312
2024-04-30,365.4046896450271
2024-05-01,359.0779474158864
2024-05-02,362.4804582340956
2024-05-03,363.7551941565319
2024-05-04,364.7246562473507
2024-05-05,363.35447533160504
2024-05-06,361.90704157697536
2024-05-07,360.7114378296988
2024-05-08,363.64177736664493
2024-05-09,360.359063690409
2024-05-10,355.0065051339915
2024-05-11,365.27819489912036
2024-05-12,366.88110329664556
2024-05-13,357.2840496416476
2024-05-14,361.54990758145874
2024-05-15,366.6454586812086
2024-05-16,371.1719600647683
2024-05-17,365.2758514255119
2024-05-18,363.2459136032381
2024-05-19,365.10007656620223
2024-05-20,369.99456509966296
2024-05-21,364.1554742102267
2024-05-22,363.9214163783124
2024-05-23,365.0985153699111
2024-05-24,363.91657404911774
2024-05-25,367.37637705972793
2024-05-26,372.11613133622393
2024-05-27,368.44691798125854
2024-05-28,366.957988399967
2024-05-29,367.07869804989326
2024-05-30,363.50528574126446
2024-05-31,371.0864858375298
2024-06-01,368.44744348357614
2024-06-02,368.3847418893838
2024-06-03,378.75208621032544
2024-06-04,370.3168863620855
2024-06-05,367.41432742297167
2024-06-06,368.6408357212941
2024-06-07,373.6165144325278
2024-06-08,370.763243733584
2024-06-09,366.3617654173992
2024-06-10,373.68828964100345
2024-06-11,369.18093543341877
2024-06-12,377.06071174695364
2024-06-13,374.93702352365364
2024-06-14,370.61150885131224
2024-06-15,376.05357710414364
2024-06-16,372.6715301295474
2024-06-17,375.2840260170178
2024-06-18,374.4378742775422
2024-06-19,370.70272969268984
2024-06-20,371.5693505030476
2024-06-21,376.84808279508104
2024-06-22,373.0119981780216
2024-06-23,373.06334961862285
2024-06-24,371.66666866398674
2024-06-25,376.0602691778421
2024-06-26,381.2341002194409
2024-06-27,372.1005219307275
2024-06-28,375.6318399517172
2024-06-29,380.0512939762105
2024-06-30,375.83047298898504
2024-07-01,377.6805160363979
2024-07-02,373.3893869135887
2024-07-03,378.1137439866854
2024-07-04,376.5186586950756
2024-07-05,380.2874894137824
2024-07-06,381.14153051770586
2024-07-07,385.59592741926497
2024-07-08,379.81271788948504
2024-07-09,379.296433875132
2024-07-10,379.1459963986437
2024-07-11,377.7456429542135
2024-07-12,380.0613196737452
2024-07-13,378.398746863237
2024-07-14,380.0277027668984
2024-07-15,383.7106966460086
2024-07-16,376.9720061924175
2024-07-17,383.64307580949327
2024-07-18,384.40459926556235
2024-07-19,380.3268020207636
2024-07-20,374.5410685553739
2024-07-21,379.30659819649827
2024-07-22,385.24221775016656
2024-07-23,381.50147338617785
2024-07-24,378.78862300062957
2024-07-25,380.4862015806821
2024-07-26,384.73386418132066
2024-07-27,384.0611010090156
2024-07-28,381.91035675421784
2024-07-29,381.730227991169
2024-07-30,381.8562100662212
2024-07-31,380.4622128620292
2024-08-01,388.27064634204254
2024-08-02,382.6496928748602
2024-08-03,387.4572670708315
2024-08-04,388.55582306154207
2024-08-05,387.1697820286705
2024-08-06,383.05979963628454
2024-08-07,385.74244561546965
2024-08-08,384.6319944962756
2024-08-09,382.16348154498803
2024-08-10,386.01430024842387
2024-08-11,381.6673183925822
2024-08-12,388.9272230167363
2024-08-13,384.12656443072495
2024-08-14,386.27656485272894
2024-08-15,386.6720119141746
2024-08-16,385.1908444743749
2024-08-17,387.86935748894297
2024-08-18,384.82254540304535
2024-08-19,388.99535126650875
2024-08-20,382.4739062802037
2024-08-21,387.0175143158029
2024-08-22,392.57779964632533
2024-08-23,383.8787262230765
2024-08-24,384.9612281332091
2024-08-25,388.64693074101626
2024-08-26,387.7506651685988
2024-08-27,388.3664596135702
2024-08-28,388.88068664413095
2024-08-29,389.4117228380292
2024-08-30,390.92694039499713
2024-08-31,388.91340178219264
2024-09-01,387.0420747805717
2024-09-02,389.8612435024868
2024-09-03,393.61659256277017
2024-09-04,387.58819782567514
2024-09-05,385.12737091376067
2024-09-06,391.4327488354472
2024-09-07,387.80658163072405
2024-09-08,381.70158841603205
2024-09-09,390.8093722827327
2024-09-10,386.70425707804804
2024-09-11,388.07738757939785
2024-09-12,389.379274132976
2024-09-13,388.9847676427465
2024-09-14,390.5671403936248
2024-09-15,387.1534154849128
2024-09-16,390.01584871186174
2024-09-17,387.7101101358435
2024-09-18,390.71295897236087
2024-09-19,390.345963548082
2024-09-20,385.69243377368724
2024-09-21,391.75114055883546
2024-09-22,386.8753053984334
2024-09-23,390.8929308078243
2024-09-24,389.55174546651654
2024-09-25,393.9411306968958
2024-09-26,387.7284547918957
2024-09-27,387.3187605715472
2024-09-28,388.2719050358219
2024-09-29,387.3796829009546
2024-09-30,390.6437239855259
2024-10-01,383.34527354937256
2024-10-02,384.97911100204647
2024-10-03,384.87836418469834
2024-10-04,390.8699895212817
2024-10-05,393.083898346208
2024-10-06,387.567419599197
2024-10-07,387.29874977988663
2024-10-08,387.9355801895221
2024-10-09,391.12705205868093
2024-10-10,384.7711607918597
2024-10-11,388.17596591377406
2024-10-12,390.2899537222437
2024-10-13,388.7670369007104
2024-10-14,387.7278143012095
2024-10-15,390.05347531257166
2024-10-16,378.8278924820259
2024-10-17,388.8544857980351
2024-10-18,384.7379560102208
2024-10-19,381.0836960900705
2024-10-20,387.98073971932365
2024-10-21,390.4358081817363
2024-10-22,385.76639031641287
2024-10-23,388.8975058328884
2024-10-24,390.7321477548246
2024-10-25,389.69281413244084
2024-10-26,390.51709278292833
2024-10-27,387.66912542995493
2024-10-28,385.51104874288546
2024-10-29,380.3173631848141
2024-10-30,384.2201417274683
2024-10-31,382.2602626270316
2024-11-01,391.1311583152224
2024-11-02,383.9157058740003
2024-11-03,384.6347681254929
2024-11-04,385.73821027972906
2024-11-05,384.030025742422
2024-11-06,388.7967542634475
2024-11-07,381.65300987799964
2024-11-08,383.911167723848
2024-11-09,380.9034089414543
2024-11-10,378.97137468527535
2024-11-11,380.89396172673406
2024-11-12,382.4132505572286
2024-11-13,381.0288721108353
2024-11-14,380.0293210789433
2024-11-15,377.67488654513716
2024-11-16,381.4292898602237
2024-11-17,376.946789600336
2024-11-18,383.5211037563066
2024-11-19,381.2659464604901
2024-11-20,376.4214361082355
2024-11-21,379.6397653839584
2024-11-22,378.08213118585513
2024-11-23,381.06530529651496
2024-11-24,383.8963564376128
2024-11-25,374.0148219732971
2024-11-26,379.74893238728924
2024-11-27,378.68522109135955
2024-11-28,380.9397261902979
2024-11-29,379.32377457477406
2024-11-30,376.18521923815155
2024-12-01,377.23944380703756
2024-12-02,375.56261471869186
2024-12-03,380.93148154378406
2024-12-04,377.51891733693594
2024-12-05,382.90890476447305
2024-12-06,376.77260261201536
2024-12-07,374.5775934308656
2024-12-08,371.9089501690652
2024-12-09,370.7870797571156
2024-12-10,371.18969736506125
2024-12-11,376.48836790683254
2024-12-12,376.9573977314785
2024-12-13,370.431313000729
2024-12-14,377.60316618948633
2024-12-15,373.2116140334516
2024-12-16,374.84357819644356
2024-12-17,378.98199537983425
2024-12-18,376.5777945510036
2024-12-19,372.82351300961284
2024-12-20,370.6973183704238
2024-12-21,366.65727719260514
2024-12-22,370.69720654720476
2024-12-23,371.96341012303003
2024-12-24,369.3776642300445
2024-12-25,371.68817785146507
2024-12-26,372.0556705420509
2024-12-27,370.89420939278705
2024-12-28,369.3630043037315
2024-12-29,371.56385882182246
2024-12-30,372.1293231628248
2024-12-31,367.2787094207678
