Date,Fecal Coliform (MPN/100mL)
2020-01-01,3211.002259383693
2020-01-02,3140.765203706963
2020-01-03,3212.6465857178246
2020-01-04,3293.4941134484284
2020-01-05,3111.1184654364633
2020-01-06,3104.4940342253954
2020-01-07,3279.2361538413425
2020-01-08,3191.5006565409603
2020-01-09,3061.289168516693
2020-01-10,3156.011079290303
2020-01-11,3048.9727384268467
2020-01-12,3042.343838561388
2020-01-13,3106.760116494017
2020-01-14,2884.9295920079717
2020-01-15,2897.508080760875
2020-01-16,3007.563733335705
2020-01-17,2956.354210563174
2020-01-18,3082.960930189982
2020-01-19,2954.688509604403
2020-01-20,2898.2729044881607
2020-01-21,3180.1399204858144
2020-01-22,3005.130350686573
2020-01-23,3028.656645052532
2020-01-24,2873.6894764145836
2020-01-25,2956.052820385752
2020-01-26,3015.9781580539975
2020-01-27,2884.2510169678003
2020-01-28,3031.455961849236
2020-01-29,2928.4310051697857
2020-01-30,2954.0087397260468
2020-01-31,2917.766795893426
2020-02-01,3158.0022727654805
2020-02-02,2966.3409137354
2020-02-03,2856.916416349619
2020-02-04,3040.0210471674477
2020-02-05,2830.8448695325133
2020-02-06,2969.0633378658804
2020-02-07,2747.5441832725837
2020-02-08,2806.114664097354
2020-02-09,2954.1306784706953
2020-02-10,3003.893041452725
2020-02-11,2942.876886087511
2020-02-12,2909.9620262481294
2020-02-13,2887.2976519126933
2020-02-14,2765.532580384891
2020-02-15,2837.4738996709657
2020-02-16,2859.5659311365666
2020-02-17,3007.6125996806663
2020-02-18,2932.6329610569155
2020-02-19,2718.439133243762
2020-02-20,2923.725869455751
2020-02-21,2849.486890368954
2020-02-22,2817.084870917607
2020-02-23,2942.831912590123
2020-02-24,2981.757631319721
2020-02-25,2968.8861598739336
2020-02-26,2789.0447972539787
2020-02-27,2839.362473537641
2020-02-28,2900.8367707251646
2020-02-29,2962.8019741940634
2020-03-01,2814.9781188593024
2020-03-02,2842.0894703287495
2020-03-03,2747.8941039472193
2020-03-04,2736.8922107970147
2020-03-05,2935.8643628137606
2020-03-06,2988.448889647457
2020-03-07,2843.951709190342
2020-03-08,2949.949069536255
2020-03-09,2884.3181258465675
2020-03-10,2782.3174037474946
2020-03-11,2881.760300565309
2020-03-12,2998.332620553661
2020-03-13,2839.971770491623
2020-03-14,2999.161625874435
2020-03-15,2579.9833651507465
2020-03-16,2923.5266897358547
2020-03-17,2849.5378424776604
2020-03-18,2810.5473787193996
2020-03-19,2849.3575653786074
2020-03-20,2641.2764450780155
2020-03-21,2818.0365153217726
2020-03-22,2875.8038563592186
2020-03-23,2988.089399978278
2020-03-24,2788.79880971041
2020-03-25,2760.220650467419
2020-03-26,2791.456697182675
2020-03-27,2933.853049012627
2020-03-28,2875.9862271987954
2020-03-29,2791.050981588355
2020-03-30,2896.386966353741
2020-03-31,2855.918228233967
2020-04-01,2944.341910944645
2020-04-02,2778.655354010002
2020-04-03,2817.5936032712552
2020-04-04,2812.7636159461813
2020-04-05,2707.352530124846
2020-04-06,2885.160114157537
2020-04-07,2883.6115965812264
2020-04-08,2860.0887391461847
2020-04-09,2838.302731691628
2020-04-10,2722.5205026182007
2020-04-11,2824.400576194294
2020-04-12,2834.7118749156443
2020-04-13,2791.383757991184
2020-04-14,2858.2202335592656
2020-04-15,2917.5995605603994
2020-04-16,3068.7662422601557
2020-04-17,2900.6652426993646
2020-04-18,2912.128035094931
2020-04-19,2882.198726365686
2020-04-20,2701.1403365782567
2020-04-21,2893.843029144757
2020-04-22,2906.096184383092
2020-04-23,3150.0768489947372
2020-04-24,2888.2956529755643
2020-04-25,2941.5641129123956
2020-04-26,2911.913199426531
2020-04-27,2802.587760968176
2020-04-28,3037.9040187487913
2020-04-29,3003.0749628403673
2020-04-30,3011.3372639507297
2020-05-01,2845.7389311291013
2020-05-02,3081.490596014988
2020-05-03,2805.648084535178
2020-05-04,3009.2280940616624
2020-05-05,3174.382913668288
2020-05-06,2861.1630366662725
2020-05-07,2908.5491201502564
2020-05-08,2980.1876889755863
2020-05-09,2924.9985872914685
2020-05-10,2825.481832479394
2020-05-11,2992.683377124532
2020-05-12,2884.9509292510425
2020-05-13,3043.968495017468
2020-05-14,2910.1669017923145
2020-05-15,3162.6733311202333
2020-05-16,2934.9939682499294
2020-05-17,2986.8197231123845
2020-05-18,3106.149653121647
2020-05-19,2907.5473254103845
2020-05-20,3059.2776159195714
2020-05-21,3173.204055364252
2020-05-22,2887.7581404975617
2020-05-23,3073.04327749209
2020-05-24,3086.696542728678
2020-05-25,3145.072050157559
2020-05-26,2949.427487867265
2020-05-27,2947.3591430091833
2020-05-28,3137.928794064247
2020-05-29,3121.8086501670496
2020-05-30,3123.578836164039
2020-05-31,3139.6356611120523
2020-06-01,3043.489663165205
2020-06-02,3141.256879853585
2020-06-03,3153.9142741776245
2020-06-04,3059.781595183721
2020-06-05,3324.436133068001
2020-06-06,3191.9141856887986
2020-06-07,3032.101045078069
2020-06-08,3223.6135609159355
2020-06-09,3067.24114903997
2020-06-10,3250.191202701654
2020-06-11,3294.136029635028
2020-06-12,3103.020259319523
2020-06-13,3288.254394964691
2020-06-14,3240.037413714676
2020-06-15,3287.8200965044703
2020-06-16,3402.158327544467
2020-06-17,3194.8133215104117
2020-06-18,3150.857738915153
2020-06-19,3144.1632145751137
2020-06-20,3158.4189715034563
2020-06-21,3239.1751715209234
2020-06-22,3287.883842130763
2020-06-23,3288.316946822303
2020-06-24,3350.2392956245303
2020-06-25,3275.6861086827694
2020-06-26,3426.5940866947058
2020-06-27,3261.6175346359455
2020-06-28,3566.9284255042676
2020-06-29,3364.290263042213
2020-06-30,3222.8015020309626
2020-07-01,3208.2014341311865
2020-07-02,3370.2890414717663
2020-07-03,3306.422326669081
2020-07-04,3406.8691558115893
2020-07-05,3389.465080503829
2020-07-06,3341.500371747955
2020-07-07,3270.713601345403
2020-07-08,3210.483767393929
2020-07-09,3323.8563694702434
2020-07-10,3460.6490392699925
2020-07-11,3402.879823283569
2020-07-12,3263.3159392850703
2020-07-13,3411.583455082561
2020-07-14,3439.1269336552728
2020-07-15,3318.4916974248135
2020-07-16,3428.482747614725
2020-07-17,3425.112608540764
2020-07-18,3311.123078578078
2020-07-19,3467.272272081144
2020-07-20,3493.588672700814
2020-07-21,3551.7735018583694
2020-07-22,3554.7464481497104
2020-07-23,3317.435131819611
2020-07-24,3367.1916212755355
2020-07-25,3518.184229237313
2020-07-26,3523.6987044727416
2020-07-27,3529.39544341491
2020-07-28,3868.6638971115226
2020-07-29,3545.9077504456636
2020-07-30,3607.7294843741306
2020-07-31,3594.852000763313
2020-08-01,3569.7929724274913
2020-08-02,3478.2505230691436
2020-08-03,3590.7180289387934
2020-08-04,3442.5008093669016
2020-08-05,3500.980788238709
2020-08-06,3480.921260535455
2020-08-07,3542.3542231242263
2020-08-08,3770.254691745973
2020-08-09,3356.59580413225
2020-08-10,3616.3919497910265
2020-08-11,3390.846753309345
2020-08-12,3509.1850761237674
2020-08-13,3669.439494966607
2020-08-14,3571.043625512491
2020-08-15,3460.816143528035
2020-08-16,3500.9378796203264
2020-08-17,3644.207137147259
2020-08-18,3506.890173439297
2020-08-19,3605.1514422685186
2020-08-20,3591.5397258822204
2020-08-21,3525.1966472971153
2020-08-22,3808.021412909878
2020-08-23,3660.1844408156203
2020-08-24,3397.3380891951365
2020-08-25,3621.450956597997
2020-08-26,3539.4725487972946
2020-08-27,3693.6318485662764
2020-08-28,3531.7645995884086
2020-08-29,3602.0612473824804
2020-08-30,3666.4411510748037
2020-08-31,3704.814074387869
2020-09-01,3500.392965812484
2020-09-02,3589.0438070526675
2020-09-03,3576.957382432825
2020-09-04,3560.963051804571
2020-09-05,3804.5709927687126
2020-09-06,3670.1383531650636
2020-09-07,3505.0509411687585
2020-09-08,3724.308782814121
2020-09-09,3846.0051464021003
2020-09-10,3738.1863030127092
2020-09-11,3484.0360014395396
2020-09-12,3588.4654764805477
2020-09-13,3764.3782776762428
2020-09-14,3567.6006518969934
2020-09-15,3683.3119320578853
2020-09-16,3716.837573805159
2020-09-17,3547.0069573380647
2020-09-18,3633.9548651857763
2020-09-19,3315.869561887569
2020-09-20,3537.5278993284664
2020-09-21,3614.5616971356267
2020-09-22,3514.773568037528
2020-09-23,3802.4079947393207
2020-09-24,3495.6494229056048
2020-09-25,3594.037675770581
2020-09-26,3650.3767974355746
2020-09-27,3780.5729545039935
2020-09-28,3491.884820974992
2020-09-29,3750.6956352010284
2020-09-30,3634.1939268939514
2020-10-01,3533.694611553401
2020-10-02,3676.6145676792744
2020-10-03,3648.7532482089714
2020-10-04,3567.153425493746
2020-10-05,3632.3684279246613
2020-10-06,3584.9557671087423
2020-10-07,3632.824133177303
2020-10-08,3685.5576994569733
2020-10-09,3775.7061389707037
2020-10-10,3490.9709886354876
2020-10-11,3825.5929098808183
2020-10-12,3414.507508924987
2020-10-13,3591.854940920199
2020-10-14,3663.073572686144
2020-10-15,3629.441507703377
2020-10-16,3536.0657643119043
2020-10-17,3574.4107040160698
2020-10-18,3542.7047881235308
2020-10-19,3529.746051789308
2020-10-20,3670.217060922067
2020-10-21,3617.4304164964356
2020-10-22,3508.80866341516
2020-10-23,3664.33017931078
2020-10-24,3601.2716315772245
2020-10-25,3647.9014324622626
2020-10-26,3625.554862720739
2020-10-27,3475.573644420839
2020-10-28,3498.241838011789
2020-10-29,3624.6829770591426
2020-10-30,3606.5924716595637
2020-10-31,3538.9765716163884
2020-11-01,3548.221542670317
2020-11-02,3659.5895112134376
2020-11-03,3467.913626586802
2020-11-04,3576.943182159875
2020-11-05,3497.093225511401
2020-11-06,3490.5412434680843
2020-11-07,3617.1032308841327
2020-11-08,3584.604177782437
2020-11-09,3578.1728488946897
2020-11-10,3622.0530065537664
2020-11-11,3488.214224148607
2020-11-12,3548.844922419465
2020-11-13,3444.087425257644
2020-11-14,3501.925542410574
2020-11-15,3450.821399527302
2020-11-16,3467.795771915532
2020-11-17,3511.807721808465
2020-11-18,3364.602888082994
2020-11-19,3649.735452946856
2020-11-20,3333.907344693506
2020-11-21,3307.044941790772
2020-11-22,3538.1737647533905
2020-11-23,3495.3737831364915
2020-11-24,3472.412117693037
2020-11-25,3466.5769344526766
2020-11-26,3396.211433377895
2020-11-27,3301.3577489330028
2020-11-28,3392.2659481112796
2020-11-29,3310.528753917082
2020-11-30,3469.275366231587
2020-12-01,3350.5370782241166
2020-12-02,3276.1354080301453
2020-12-03,3319.953685914387
2020-12-04,3386.7593425187656
2020-12-05,3282.4364169119767
2020-12-06,3249.900228535602
2020-12-07,3349.7770873251097
2020-12-08,3343.1658130283026
2020-12-09,3261.212316753112
2020-12-10,3258.0189746135748
2020-12-11,3321.5246725037136
2020-12-12,3146.6908368313
2020-12-13,3143.9172254110226
2020-12-14,3205.9702778016363
2020-12-15,3249.6098765222005
2020-12-16,3295.1760675061178
2020-12-17,3404.7445148967677
2020-12-18,3336.0933384110554
2020-12-19,3227.4489457591326
2020-12-20,3234.655580454256
2020-12-21,3129.4196874453664
2020-12-22,3220.939793198949
2020-12-23,3187.0488251616694
2020-12-24,3241.3172643404237
2020-12-25,3119.462205717888
2020-12-26,3247.2710485754396
2020-12-27,3341.7746203192255
2020-12-28,3170.8043063863643
2020-12-29,3215.0483670344875
2020-12-30,3237.1077648808864
2020-12-31,3121.208796893986
2021-01-01,3333.740092263611
2021-01-02,3305.850873902261
2021-01-03,3307.6453417626385
2021-01-04,3213.890149422079
2021-01-05,3286.9848203346914
2021-01-06,3327.7075590448585
2021-01-07,3416.429233070108
2021-01-08,3360.68426623419
2021-01-09,3473.5548528613435
2021-01-10,3175.0203186429017
2021-01-11,3332.546571380161
2021-01-12,3257.251014492249
2021-01-13,3451.5441826591805
2021-01-14,3145.4277879382366
2021-01-15,3136.027679794101
2021-01-16,3153.8532217153997
2021-01-17,2995.247750165636
2021-01-18,3148.9606947623784
2021-01-19,3119.577651001154
2021-01-20,3204.5426532693104
2021-01-21,3217.750641171375
2021-01-22,3365.3250646568154
2021-01-23,3266.946208402345
2021-01-24,3108.4739294696888
2021-01-25,3070.649625703434
2021-01-26,3204.0778162336615
2021-01-27,3017.3270540079666
2021-01-28,3327.032036600104
2021-01-29,3256.438886233795
2021-01-30,3086.260549494904
2021-01-31,2956.624004207278
2021-02-01,3258.161691731128
2021-02-02,3106.236651683932
2021-02-03,3236.469140442555
2021-02-04,2948.323790077692
2021-02-05,3042.991732234238
2021-02-06,3098.7013483372234
2021-02-07,3098.2092550370357
2021-02-08,3043.9267218392724
2021-02-09,3146.729548118533
2021-02-10,2973.284340514924
2021-02-11,3061.502109466385
2021-02-12,3083.5564176581433
2021-02-13,3118.8519048774974
2021-02-14,3134.5462672305225
2021-02-15,2946.9941113266495
2021-02-16,2902.2183911589827
2021-02-17,3179.6680592486255
2021-02-18,3081.5025332980285
2021-02-19,2969.8944951243802
2021-02-20,3196.4326700685233
2021-02-21,3049.5625818398717
2021-02-22,3152.7067893545855
2021-02-23,3038.416131847047
2021-02-24,3234.732471558325
2021-02-25,3201.2922322066343
2021-02-26,2998.0701347283352
2021-02-27,3117.4408062181983
2021-02-28,3082.248022543323
2021-03-01,3152.1106172350624
2021-03-02,2916.403196585821
2021-03-03,3079.260513994975
2021-03-04,3114.370050032781
2021-03-05,2830.63892456277
2021-03-06,2886.285929307763
2021-03-07,2798.9016690143644
2021-03-08,2974.2120379039197
2021-03-09,3071.350005326649
2021-03-10,3148.390228551407
2021-03-11,3004.2388572499844
2021-03-12,3158.482294571597
2021-03-13,2856.518818085575
2021-03-14,2823.2161304671026
2021-03-15,2987.1424904033724
2021-03-16,3030.3644204536517
2021-03-17,2988.0669644889226
2021-03-18,2784.088925649856
2021-03-19,2981.5361098147077
2021-03-20,2859.734537674572
2021-03-21,3057.0005914211088
2021-03-22,3026.6635287152085
2021-03-23,2896.104620575308
2021-03-24,2938.913303770457
2021-03-25,2884.7044793488794
2021-03-26,2984.8021010294206
2021-03-27,3087.146633591252
2021-03-28,2893.740232608865
2021-03-29,3043.5157677846114
2021-03-30,2941.001240127815
2021-03-31,2915.772939816171
2021-04-01,2985.5074373037073
2021-04-02,2893.9531796494184
2021-04-03,2943.4957328630194
2021-04-04,2880.572028672147
2021-04-05,3198.446944551036
2021-04-06,3007.230380135231
2021-04-07,2935.575535651821
2021-04-08,3028.90406043666
2021-04-09,2998.3445885128554
2021-04-10,2989.6644850758207
2021-04-11,3075.4742468275845
2021-04-12,3092.2158794755605
2021-04-13,2965.933211807269
2021-04-14,2964.029660848878
2021-04-15,2996.843635010702
2021-04-16,2797.002358405387
2021-04-17,2878.6285459192477
2021-04-18,3169.894888160633
2021-04-19,3200.869767372783
2021-04-20,3014.7397139866653
2021-04-21,3100.673154413738
2021-04-22,3077.6194321440325
2021-04-23,3357.961244234513
2021-04-24,3165.7101288896665
2021-04-25,3044.7399903056
2021-04-26,2965.855334618992
2021-04-27,2904.739744371298
2021-04-28,3089.801928316852
2021-04-29,2997.986662768859
2021-04-30,2935.6562886119223
2021-05-01,3017.576780822172
2021-05-02,2978.5228762471356
2021-05-03,3259.9253284286347
2021-05-04,3183.997166509351
2021-05-05,3099.7451205499733
2021-05-06,3253.331764976293
2021-05-07,3117.953499944103
2021-05-08,3029.050472977707
2021-05-09,3272.534960193788
2021-05-10,3179.2371570715545
2021-05-11,3026.8235601533615
2021-05-12,3116.7932118355684
2021-05-13,3053.6194752851775
2021-05-14,3008.3292788575163
2021-05-15,3244.727079968859
2021-05-16,3348.6215546654926
2021-05-17,3023.4625401016388
2021-05-18,3225.322798402009
2021-05-19,3109.733674472497
2021-05-20,3131.92121867731
2021-05-21,3127.2922300352716
2021-05-22,3106.0907029680275
2021-05-23,3203.3586267481674
2021-05-24,3121.484879997756
2021-05-25,3237.7539458818196
2021-05-26,3211.865952034914
2021-05-27,3199.2277542684324
2021-05-28,3138.648438113451
2021-05-29,3178.057504445724
2021-05-30,3317.6493054263065
2021-05-31,3298.6212698918894
2021-06-01,3157.2353156824997
2021-06-02,3271.425365865977
2021-06-03,3343.170222474663
2021-06-04,3107.6664987356194
2021-06-05,3335.5527562243515
2021-06-06,3221.5963060589406
2021-06-07,3351.590760456936
2021-06-08,3224.905479144082
2021-06-09,3127.4699899861007
2021-06-10,3151.955072274386
2021-06-11,3326.2912369935475
2021-06-12,3354.2487219064355
2021-06-13,3244.6568286442534
2021-06-14,3405.7760279179965
2021-06-15,3182.60731479413
2021-06-16,3349.00610064029
2021-06-17,3241.3774093028264
2021-06-18,3304.1685223304826
2021-06-19,3380.971222482543
2021-06-20,3297.073321009271
2021-06-21,3351.5444455770175
2021-06-22,3497.514623383778
2021-06-23,3346.0794576967837
2021-06-24,3494.217078095816
2021-06-25,3304.550285255166
2021-06-26,3477.366337286507
2021-06-27,3575.397541044764
2021-06-28,3190.918767947012
2021-06-29,3365.2219832982582
2021-06-30,3509.4307409837666
2021-07-01,3438.212719068292
2021-07-02,3502.4052712744287
2021-07-03,3411.6432812758653
2021-07-04,3487.427583948956
2021-07-05,3469.901382863172
2021-07-06,3608.9195242124556
2021-07-07,3524.2253473437636
2021-07-08,3539.1532393597636
2021-07-09,3470.7807932502687
2021-07-10,3469.7472422696965
2021-07-11,3481.753341055683
2021-07-12,3570.915663108378
2021-07-13,3495.791369074243
2021-07-14,3573.242848187084
2021-07-15,3758.135275546933
2021-07-16,3643.989911388096
2021-07-17,3530.5078838033883
2021-07-18,3689.4131289125585
2021-07-19,3534.6125710589854
2021-07-20,3377.68108252853
2021-07-21,3486.70158897225
2021-07-22,3406.389185438256
2021-07-23,3564.2148945420895
2021-07-24,3607.0439065342753
2021-07-25,3778.6178564945762
2021-07-26,3649.373439892863
2021-07-27,3600.4100565006343
2021-07-28,3710.831232902654
2021-07-29,3412.2772171452616
2021-07-30,3662.3801551872034
2021-07-31,3721.2594397447674
2021-08-01,3501.5931998360084
2021-08-02,3769.029251617604
2021-08-03,3693.6270882826193
2021-08-04,3623.2923154993864
2021-08-05,3733.061517431287
2021-08-06,3901.7319346931495
2021-08-07,3697.6442408242146
2021-08-08,3708.9888678156276
2021-08-09,3642.8527451245977
2021-08-10,3608.337886444946
2021-08-11,3780.799512408
2021-08-12,3616.5099578374234
2021-08-13,3713.5348864246503
2021-08-14,3662.778690593359
2021-08-15,3762.513606177584
2021-08-16,3751.9568318496604
2021-08-17,3826.2222449721135
2021-08-18,3675.245722368317
2021-08-19,3702.939343081674
2021-08-20,3635.6292117320904
2021-08-21,3692.553215884228
2021-08-22,3778.0867313621825
2021-08-23,3819.3258656418807
2021-08-24,3654.5760061660567
2021-08-25,3836.812939871463
2021-08-26,3888.3693110015497
2021-08-27,3796.9946855965036
2021-08-28,3946.0680963424606
2021-08-29,3683.6377535213214
2021-08-30,3639.0694211980285
2021-08-31,3588.07039828633
2021-09-01,3917.842986119775
2021-09-02,3835.859172153467
2021-09-03,3766.9354635457166
2021-09-04,3802.4487761809023
2021-09-05,3663.7470703321046
2021-09-06,4022.6007667022855
2021-09-07,3792.5623002664906
2021-09-08,3792.078816062752
2021-09-09,3855.099250498513
2021-09-10,3831.8904498745082
2021-09-11,3807.3281793855076
2021-09-12,3706.92555249041
2021-09-13,3834.0357194807725
2021-09-14,3975.889612405084
2021-09-15,3922.9096030743694
2021-09-16,3948.248651907202
2021-09-17,3738.252600819107
2021-09-18,3690.739522470015
2021-09-19,3777.3287087819913
2021-09-20,3795.5687871233454
2021-09-21,3899.38581530899
2021-09-22,3620.572049303461
2021-09-23,3942.5069181800745
2021-09-24,3773.366074488258
2021-09-25,3745.9754537069257
2021-09-26,3686.8316869142623
2021-09-27,3621.8170725203886
2021-09-28,3868.7626839935733
2021-09-29,3792.8028328117766
2021-09-30,3655.383170011427
2021-10-01,3653.6627435856312
2021-10-02,3748.2670067291833
2021-10-03,3947.3063727818867
2021-10-04,3752.888143515264
2021-10-05,3626.8608178978147
2021-10-06,3750.813913017065
2021-10-07,3746.214769820151
2021-10-08,3501.783734358021
2021-10-09,3763.9151453530876
2021-10-10,3744.0110043353006
2021-10-11,3834.3731749995145
2021-10-12,3947.1851819097265
2021-10-13,3872.372791832013
2021-10-14,3730.1445813682744
2021-10-15,3643.5892611635195
2021-10-16,4008.6783012548594
2021-10-17,3754.2575596954125
2021-10-18,3746.6158582430917
2021-10-19,3739.5923728784137
2021-10-20,3758.4910035605144
2021-10-21,3720.82081002757
2021-10-22,3674.362667211907
2021-10-23,3673.413728817186
2021-10-24,3721.094864745855
2021-10-25,3666.1992023761873
2021-10-26,3645.33064231065
2021-10-27,3723.2350012975676
2021-10-28,3682.975423770961
2021-10-29,3854.659240889755
2021-10-30,3434.856635707515
2021-10-31,3804.7061303084633
2021-11-01,3815.6752502625664
2021-11-02,3479.1497810986234
2021-11-03,3647.5542622265602
2021-11-04,3639.9266788708055
2021-11-05,3531.482274571089
2021-11-06,3589.5308219957033
2021-11-07,3551.2517792442236
2021-11-08,3832.452590027776
2021-11-09,3745.63038219838
2021-11-10,3773.9773947940416
2021-11-11,3713.6723322426574
2021-11-12,3523.2086628636084
2021-11-13,3578.1975986619914
2021-11-14,3674.0515570397815
2021-11-15,3497.2961262725353
2021-11-16,3685.1355479813096
2021-11-17,3584.063635600447
2021-11-18,3564.8099385098135
2021-11-19,3667.5209532266904
2021-11-20,3634.923056526914
2021-11-21,3548.4124662615677
2021-11-22,3694.3967834059704
2021-11-23,3464.256344643394
2021-11-24,3627.8010744346243
2021-11-25,3619.31026178466
2021-11-26,3522.7877395948494
2021-11-27,3580.0494128867986
2021-11-28,3415.971828443056
2021-11-29,3627.088194212597
2021-11-30,3509.7547114239946
2021-12-01,3469.4910908379084
2021-12-02,3620.1437389580196
2021-12-03,3438.2507586551205
2021-12-04,3361.2461404433307
2021-12-05,3339.8032797388128
2021-12-06,3549.409867326938
2021-12-07,3354.0793328426166
2021-12-08,3650.8877843743553
2021-12-09,3260.4762151290583
2021-12-10,3631.552271119229
2021-12-11,3476.224551895669
2021-12-12,3438.6483675809104
2021-12-13,3387.0073623001376
2021-12-14,3474.5772142838855
2021-12-15,3424.051229684395
2021-12-16,3531.2847798950374
2021-12-17,3425.5080758125214
2021-12-18,3422.239069348
2021-12-19,3363.9661548694676
2021-12-20,3387.7482363833687
2021-12-21,3417.3373781337305
2021-12-22,3208.655784643485
2021-12-23,3237.9725645876165
2021-12-24,3440.2410984559547
2021-12-25,3376.131952119409
2021-12-26,3333.7869664378522
2021-12-27,3347.1797904578616
2021-12-28,3373.258899555135
2021-12-29,3277.704353201114
2021-12-30,3247.046722284362
2021-12-31,3337.6778912195437
2022-01-01,3363.4935663210663
2022-01-02,3495.4169093955284
2022-01-03,3277.6193714839715
2022-01-04,3544.1066915401902
2022-01-05,3481.7935511501014
2022-01-06,3453.510703351701
2022-01-07,3519.583970685155
2022-01-08,3581.304628071927
2022-01-09,3509.6736136120007
2022-01-10,3217.667651798542
2022-01-11,3267.3568110345227
2022-01-12,3326.434956148846
2022-01-13,3385.172994358497
2022-01-14,3428.023518520664
2022-01-15,3297.4254826968318
2022-01-16,3382.46916270751
2022-01-17,3282.099029361284
2022-01-18,3290.3844166312597
2022-01-19,3204.824807471702
2022-01-20,3247.1799500105994
2022-01-21,3198.4065830320255
2022-01-22,3230.1206554374935
2022-01-23,3427.2680042445236
2022-01-24,3221.224406152735
2022-01-25,3573.729299322009
2022-01-26,3354.2176891710997
2022-01-27,3317.833987079518
2022-01-28,3208.0503819965475
2022-01-29,3358.5258621025655
2022-01-30,3225.614332081597
2022-01-31,3290.138438580902
2022-02-01,3528.782908141466
2022-02-02,3258.0846462367285
2022-02-03,3377.614841873776
2022-02-04,3187.44891344454
2022-02-05,3249.430385479919
2022-02-06,3425.257041928956
2022-02-07,3180.8144898817845
2022-02-08,3420.1781247868894
2022-02-09,3305.2197484293306
2022-02-10,3173.799705863757
2022-02-11,3288.980831874066
2022-02-12,3318.7822994496264
2022-02-13,3279.589017693342
2022-02-14,3056.362307432588
2022-02-15,3136.7446029279495
2022-02-16,3180.8779446773947
2022-02-17,3194.45703414877
2022-02-18,3260.338341855137
2022-02-19,3212.5132488733607
2022-02-20,3057.7830366452613
2022-02-21,3226.014903511182
2022-02-22,3245.8356454765853
2022-02-23,3237.6433284991404
2022-02-24,3286.7357516255884
2022-02-25,3259.150363417204
2022-02-26,3218.884557499086
2022-02-27,3163.267139976898
2022-02-28,3001.6143342332093
2022-03-01,3208.209283395086
2022-03-02,3183.6643113601426
2022-03-03,3187.8132517146687
2022-03-04,3030.852743765791
2022-03-05,3048.4072191642554
2022-03-06,3259.927065907631
2022-03-07,3148.869371404709
2022-03-08,3219.302791085638
2022-03-09,3152.427617360099
2022-03-10,3151.1301372913786
2022-03-11,3240.657759805607
2022-03-12,3094.01626719273
2022-03-13,3154.141041601162
2022-03-14,3097.326845532114
2022-03-15,3099.2476375498027
2022-03-16,3111.040663212857
2022-03-17,3163.5498164617034
2022-03-18,3092.9582734874957
2022-03-19,3266.0237263233385
2022-03-20,3050.7207575031066
2022-03-21,3121.3461721219687
2022-03-22,3096.0305982781065
2022-03-23,3284.790387643417
2022-03-24,3159.955473155284
2022-03-25,3243.810285484638
2022-03-26,2992.5139734530403
2022-03-27,3168.337428128054
2022-03-28,3231.2759168047633
2022-03-29,3151.3395151603695
2022-03-30,3250.5750394715938
2022-03-31,3093.3313780323683
2022-04-01,3287.145217317721
2022-04-02,3377.367224253281
2022-04-03,3112.5768073537715
2022-04-04,3105.809565790955
2022-04-05,3297.3128789711673
2022-04-06,3311.661239511129
2022-04-07,3103.2620837357526
2022-04-08,3115.487387653652
2022-04-09,3131.398932595888
2022-04-10,3027.316393925715
2022-04-11,3072.1923821748223
2022-04-12,3066.051031795623
2022-04-13,3092.2035700579086
2022-04-14,3168.142996174668
2022-04-15,3197.7702779795186
2022-04-16,3332.244524160353
2022-04-17,3080.3122480652237
2022-04-18,3281.639701263839
2022-04-19,3164.9741116001037
2022-04-20,3184.6969469770597
2022-04-21,3260.4994073248213
2022-04-22,3084.222214533449
2022-04-23,3238.314138007394
2022-04-24,3220.397858567514
2022-04-25,3256.7768758544917
2022-04-26,3240.3262430698164
2022-04-27,3460.914390388145
2022-04-28,3155.681566304998
2022-04-29,3170.5220417971072
2022-04-30,3165.5676069292135
2022-05-01,3176.6863573303995
2022-05-02,3172.938963877923
2022-05-03,3360.112818032133
2022-05-04,3387.8836156133916
2022-05-05,3193.4677553066876
2022-05-06,3172.1017937768675
2022-05-07,3307.358224817982
2022-05-08,3209.956588682436
2022-05-09,3333.515734242373
2022-05-10,3295.6384547882185
2022-05-11,3128.973764086284
2022-05-12,3440.5775997769356
2022-05-13,3470.769067933205
2022-05-14,3235.330382905511
2022-05-15,3263.339169222096
2022-05-16,3336.2664296909697
2022-05-17,3346.7649764822554
2022-05-18,3384.880302000235
2022-05-19,3525.8183852613147
2022-05-20,3312.939034304375
2022-05-21,3256.701898005313
2022-05-22,3204.5578571345563
2022-05-23,3275.4134599594927
2022-05-24,3351.2671943514797
2022-05-25,3540.1640496556147
2022-05-26,3315.1286330762105
2022-05-27,3395.501354118963
2022-05-28,3377.7625147103354
2022-05-29,3504.5739648473655
2022-05-30,3644.803425431093
2022-05-31,3345.442673837419
2022-06-01,3356.0468959105324
2022-06-02,3515.9082230299614
2022-06-03,3486.2206591001154
2022-06-04,3609.27775942136
2022-06-05,3489.609555518954
2022-06-06,3401.9294728748196
2022-06-07,3503.596376666851
2022-06-08,3562.1017528566244
2022-06-09,3540.0064181722887
2022-06-10,3515.4367191734323
2022-06-11,3578.1502112863245
2022-06-12,3595.2060307788547
2022-06-13,3623.304390258447
2022-06-14,3556.7877707992234
2022-06-15,3482.0475129893407
2022-06-16,3520.2854491483536
2022-06-17,3633.129925929908
2022-06-18,3437.658566011975
2022-06-19,3563.098686238192
2022-06-20,3493.78077630493
2022-06-21,3542.874482293482
2022-06-22,3674.730528723064
2022-06-23,3572.8785514510887
2022-06-24,3565.2915217049162
2022-06-25,3431.535356622936
2022-06-26,3649.011276097701
2022-06-27,3645.789097093081
2022-06-28,3804.408690290287
2022-06-29,3564.1336853500056
2022-06-30,3623.6385610321063
2022-07-01,3633.4556260436666
2022-07-02,3773.036011913645
2022-07-03,3612.512246708752
2022-07-04,3656.6707577787
2022-07-05,3696.258757374034
2022-07-06,3660.8022303621105
2022-07-07,3604.1399015585894
2022-07-08,3674.801972442074
2022-07-09,3769.331664848493
2022-07-10,3565.8563347358395
2022-07-11,3688.3061272523328
2022-07-12,3611.458367376631
2022-07-13,3807.3944800487534
2022-07-14,3541.9466720190653
2022-07-15,3644.70301095523
2022-07-16,3744.598628551379
2022-07-17,3869.6626399436063
2022-07-18,3712.716710588865
2022-07-19,3669.9001556918206
2022-07-20,3919.6092429903747
2022-07-21,3592.7088300223663
2022-07-22,3523.5877818788335
2022-07-23,3793.3676879515533
2022-07-24,3704.996646180059
2022-07-25,3658.8508435539766
2022-07-26,3837.5163472463823
2022-07-27,3796.7001807586403
2022-07-28,3721.4828117106326
2022-07-29,3655.3603081789606
2022-07-30,3876.0644322043613
2022-07-31,3859.193038151937
2022-08-01,3789.5342380360544
2022-08-02,3989.317546901678
2022-08-03,3702.7689709005626
2022-08-04,3662.2685897969927
2022-08-05,3750.5925238325344
2022-08-06,3820.10404727716
2022-08-07,3853.7915602506346
2022-08-08,3810.043203399961
2022-08-09,3873.9943747300517
2022-08-10,3718.1683809723804
2022-08-11,3992.142391160901
2022-08-12,3843.9032225890533
2022-08-13,3968.1078458615234
2022-08-14,3894.816969907641
2022-08-15,3910.290945518323
2022-08-16,3925.567349344186
2022-08-17,3917.2391065480547
2022-08-18,3940.5196382405456
2022-08-19,4012.842089624254
2022-08-20,3903.157700280468
2022-08-21,3957.88291765069
2022-08-22,3881.3831126289742
2022-08-23,4037.6387255222926
2022-08-24,3829.1533083778922
2022-08-25,4079.946391151979
2022-08-26,3898.78973005662
2022-08-27,3762.5736850623284
2022-08-28,3921.198956577733
2022-08-29,3842.9115076841904
2022-08-30,3997.5992464280425
2022-08-31,3850.680025246519
2022-09-01,3873.620211649379
2022-09-02,3731.4685334235082
2022-09-03,3877.2632987118545
2022-09-04,3682.0639808860246
2022-09-05,3767.9056927133697
2022-09-06,4004.067034355033
2022-09-07,4008.220197934051
2022-09-08,3973.6850927807595
2022-09-09,3835.824973795722
2022-09-10,3929.018391086639
2022-09-11,3934.5795230485373
2022-09-12,3820.1365291156867
2022-09-13,4087.228713943888
2022-09-14,4025.4233918151476
2022-09-15,3916.271181075905
2022-09-16,3941.6185731427154
2022-09-17,3960.2124492569806
2022-09-18,3735.526517653444
2022-09-19,3915.1896625398963
2022-09-20,3871.7978710946963
2022-09-21,3839.804662472404
2022-09-22,3911.7084829863475
2022-09-23,4119.320538918965
2022-09-24,4003.251150472858
2022-09-25,3881.545661723388
2022-09-26,3995.300402575895
2022-09-27,4077.2382833655656
2022-09-28,4028.9089938886586
2022-09-29,3941.4340730849535
2022-09-30,3869.685582214975
2022-10-01,4002.992952153352
2022-10-02,3971.1940152003713
2022-10-03,4019.9235422557203
2022-10-04,3992.3644588198213
2022-10-05,4032.1303847415593
2022-10-06,3871.8646982696027
2022-10-07,4055.226533358351
2022-10-08,3941.232359121418
2022-10-09,4126.8707192673955
2022-10-10,3848.1856755472118
2022-10-11,4088.3489188346975
2022-10-12,3932.0806507614566
2022-10-13,3844.5744885157924
2022-10-14,3858.6448670183254
2022-10-15,3872.2071212182545
2022-10-16,3943.7589155700653
2022-10-17,3950.6192650975136
2022-10-18,3837.852928657939
2022-10-19,3889.569422363316
2022-10-20,4102.909563344915
2022-10-21,4058.0111682300358
2022-10-22,3925.361234867334
2022-10-23,3881.8999707580456
2022-10-24,3886.373324439281
2022-10-25,3931.893476762605
2022-10-26,3764.335964058526
2022-10-27,3836.854324786043
2022-10-28,3691.614738125287
2022-10-29,3894.182254292014
2022-10-30,3914.6732105170904
2022-10-31,3797.2367988862798
2022-11-01,3998.4654073418064
2022-11-02,3713.9122380392046
2022-11-03,3685.385533613613
2022-11-04,3849.515947326382
2022-11-05,3926.9432743040866
2022-11-06,3985.705259900578
2022-11-07,3766.4209375039122
2022-11-08,3915.093629028543
2022-11-09,3798.2116959335635
2022-11-10,3779.559155300544
2022-11-11,3879.871119587001
2022-11-12,3851.346127826673
2022-11-13,3623.010409591544
2022-11-14,3922.7681358895793
2022-11-15,3907.518042576475
2022-11-16,3701.279434813118
2022-11-17,3797.6765287600015
2022-11-18,3801.6950378930474
2022-11-19,3772.492332988732
2022-11-20,3685.466209993768
2022-11-21,3667.346746049671
2022-11-22,3725.908395970401
2022-11-23,3839.63557932932
2022-11-24,3770.5675291996413
2022-11-25,3672.938702779211
2022-11-26,3780.9122545910827
2022-11-27,3412.581848599579
2022-11-28,3805.9597561187966
2022-11-29,3510.714114414097
2022-11-30,3642.00083092798
2022-12-01,3559.7964034271977
2022-12-02,3535.7746688022403
2022-12-03,3774.7678064472484
2022-12-04,3605.322149948497
2022-12-05,3680.1165852642744
2022-12-06,3634.1168143044556
2022-12-07,3679.8263508145574
2022-12-08,3633.090555281944
2022-12-09,3490.3699334985736
2022-12-10,3711.5333162349393
2022-12-11,3555.7471468592757
2022-12-12,3442.6614889019747
2022-12-13,3548.6877548844413
2022-12-14,3734.7395819121093
2022-12-15,3662.836874138229
2022-12-16,3536.0893782525995
2022-12-17,3529.1595405144744
2022-12-18,3525.045388080074
2022-12-19,3758.0021744469373
2022-12-20,3581.636343978631
2022-12-21,3579.5613659636315
2022-12-22,3632.7009693123314
2022-12-23,3546.670022700839
2022-12-24,3490.0104744716127
2022-12-25,3489.410423398117
2022-12-26,3495.025174131714
2022-12-27,3491.614173500338
2022-12-28,3561.263683382666
2022-12-29,3486.87490981278
2022-12-30,3548.1412025461514
2022-12-31,3460.021707698917
2023-01-01,3619.1943631141785
2023-01-02,3404.7715653708706
2023-01-03,3689.5104993780033
2023-01-04,3625.839975397425
2023-01-05,3684.334813894762
2023-01-06,3288.2821921009445
2023-01-07,3780.152342768676
2023-01-08,3550.798220810152
2023-01-09,3669.0548887839395
2023-01-10,3447.7644822191533
2023-01-11,3606.59189821435
2023-01-12,3433.575257601048
2023-01-13,3470.186993267833
2023-01-14,3717.66075186043
2023-01-15,3500.9316239358436
2023-01-16,3535.5357735777743
2023-01-17,3594.6440956654915
2023-01-18,3551.104385727715
2023-01-19,3510.5328076708815
2023-01-20,3525.9993748683123
2023-01-21,3723.9166021174865
2023-01-22,3471.9461010318682
2023-01-23,3492.0137292552363
2023-01-24,3571.2297346366904
2023-01-25,3571.0436861340686
2023-01-26,3573.5889296390487
2023-01-27,3513.2233969129493
2023-01-28,3329.5856687416203
2023-01-29,3601.838027391776
2023-01-30,3318.5435754035057
2023-01-31,3458.201003640269
2023-02-01,3347.346869312651
2023-02-02,3411.2768015498946
2023-02-03,3445.5637502755567
2023-02-04,3439.902277502156
2023-02-05,3445.1213099531437
2023-02-06,3559.54810527127
2023-02-07,3438.8646258119593
2023-02-08,3364.517605458132
2023-02-09,3480.8532717126186
2023-02-10,3498.9934323456478
2023-02-11,3252.9792764548147
2023-02-12,3431.2668614719396
2023-02-13,3437.5252957027124
2023-02-14,3333.6284290856343
2023-02-15,3497.029001841598
2023-02-16,3340.6242495292927
2023-02-17,3364.458022405929
2023-02-18,3330.9639496716823
2023-02-19,3346.3010535381823
2023-02-20,3231.689963826751
2023-02-21,3193.990030151156
2023-02-22,3494.2275772707003
2023-02-23,3246.9681488742035
2023-02-24,3229.5184441244955
2023-02-25,3110.4191366019422
2023-02-26,3259.0703748072924
2023-02-27,3187.974731782013
2023-02-28,3481.9119435984453
2023-03-01,3416.2291704160907
2023-03-02,3244.080508126059
2023-03-03,3535.898948529562
2023-03-04,3406.7041500469813
2023-03-05,3274.0297348542194
2023-03-06,3054.6712090869833
2023-03-07,3531.9191440494487
2023-03-08,3162.1954746720157
2023-03-09,3135.0559050513634
2023-03-10,3400.411566542768
2023-03-11,3540.8046198419343
2023-03-12,3434.0480218655193
2023-03-13,3350.9198759122996
2023-03-14,3353.0298085691466
2023-03-15,3378.038816171065
2023-03-16,3367.8507345383973
2023-03-17,3319.4555816952698
2023-03-18,3301.253246049031
2023-03-19,3284.188800976034
2023-03-20,3214.7850288383897
2023-03-21,3261.9658288514274
2023-03-22,3120.7080226859853
2023-03-23,3280.258636528569
2023-03-24,3191.4408847890345
2023-03-25,3180.2668998161976
2023-03-26,3309.0594258720857
2023-03-27,3430.8326301755883
2023-03-28,3384.1444978426507
2023-03-29,3136.0610558705093
2023-03-30,3195.064188308025
2023-03-31,3389.137341841227
2023-04-01,3197.961733945332
2023-04-02,3275.0140968916535
2023-04-03,3353.8658733001926
2023-04-04,3203.5253724446684
2023-04-05,3312.511981873993
2023-04-06,3170.3014754462374
2023-04-07,3245.4113220559584
2023-04-08,3339.4842627774915
2023-04-09,3150.2780201287715
2023-04-10,3355.808918825183
2023-04-11,3312.0937969305737
2023-04-12,3371.7141039125445
2023-04-13,3341.3747399747876
2023-04-14,3458.0255279107305
2023-04-15,3336.8712549906572
2023-04-16,3284.2539207664204
2023-04-17,3342.377402442331
2023-04-18,3387.5372643198193
2023-04-19,3341.259003055225
2023-04-20,3343.702487062691
2023-04-21,3272.8182893274857
2023-04-22,3280.2043249345843
2023-04-23,3209.8126362090197
2023-04-24,3528.7103120649026
2023-04-25,3233.145425914548
2023-04-26,3292.1188588994437
2023-04-27,3293.5436498401355
2023-04-28,3458.9480024245736
2023-04-29,3344.1267694680864
2023-04-30,3502.655866839063
2023-05-01,3314.885006822038
2023-05-02,3414.5770928309553
2023-05-03,3307.6764595954023
2023-05-04,3610.348103591745
2023-05-05,3281.782542778684
2023-05-06,3436.319422109993
2023-05-07,3473.5943572725514
2023-05-08,3456.558802855683
2023-05-09,3401.693786579051
2023-05-10,3412.364082729746
2023-05-11,3434.9293227839185
2023-05-12,3421.1268794810803
2023-05-13,3537.569212303144
2023-05-14,3667.661552113085
2023-05-15,3396.3601467149115
2023-05-16,3320.699592660572
2023-05-17,3454.491092648427
2023-05-18,3726.996808498384
2023-05-19,3394.430474587707
2023-05-20,3644.5454375981867
2023-05-21,3654.301703866802
2023-05-22,3437.13095576521
2023-05-23,3555.404771872212
2023-05-24,3667.419553951713
2023-05-25,3472.795489205087
2023-05-26,3496.5317269695915
2023-05-27,3464.9544675602087
2023-05-28,3427.929131248324
2023-05-29,3470.8068829959566
2023-05-30,3419.7161561675052
2023-05-31,3551.937897955374
2023-06-01,3477.9935170564904
2023-06-02,3584.870726502129
2023-06-03,3412.441945517122
2023-06-04,3607.6950500692024
2023-06-05,3664.5696331472504
2023-06-06,3388.48511769638
2023-06-07,3631.936550582377
2023-06-08,3723.998294045663
2023-06-09,3486.994098183432
2023-06-10,3781.966554746473
2023-06-11,3663.3846432640134
2023-06-12,3557.7752861584468
2023-06-13,3629.5115833889236
2023-06-14,3697.749473292431
2023-06-15,3656.3598601622675
2023-06-16,3709.489679749658
2023-06-17,3570.4116699711353
2023-06-18,3686.2882155143066
2023-06-19,3534.8599056604035
2023-06-20,3671.992051402796
2023-06-21,3599.609235853521
2023-06-22,3623.3323482033575
2023-06-23,3827.377962170142
2023-06-24,3819.7788789487286
2023-06-25,3778.4347828116456
2023-06-26,3615.154643027721
2023-06-27,3699.599834009494
2023-06-28,3859.3929879576594
2023-06-29,3759.083200209296
2023-06-30,3983.656482263882
2023-07-01,3797.849041612028
2023-07-02,3784.4955955863006
2023-07-03,3741.1301535271973
2023-07-04,3792.122695679894
2023-07-05,3770.222122764326
2023-07-06,3862.9521857153336
2023-07-07,3894.4534946931008
2023-07-08,3726.7940271014486
2023-07-09,3678.8451945067377
2023-07-10,3634.887327366616
2023-07-11,3875.8082925288995
2023-07-12,3721.133788253161
2023-07-13,3622.600757861021
2023-07-14,3883.123222950539
2023-07-15,4099.895147425668
2023-07-16,3856.2703498909377
2023-07-17,3946.959314465337
2023-07-18,3877.474672550921
2023-07-19,3865.5311430420265
2023-07-20,3973.4011843450926
2023-07-21,3858.4827656451257
2023-07-22,3920.207608948032
2023-07-23,3931.5360235658213
2023-07-24,3838.393023251015
2023-07-25,4010.1783602207
2023-07-26,3899.1847268469064
2023-07-27,3846.745593432236
2023-07-28,3981.5416591413455
2023-07-29,3843.5439498669466
2023-07-30,3941.6368151132597
2023-07-31,3943.2610206916506
2023-08-01,4058.0413809971506
2023-08-02,4002.123670584907
2023-08-03,3957.2747516586637
2023-08-04,4046.5977368094955
2023-08-05,4108.80408572239
2023-08-06,4030.443679547896
2023-08-07,3980.492877302703
2023-08-08,3852.983185950578
2023-08-09,3882.277468771085
2023-08-10,3962.799852955958
2023-08-11,3936.8147105376465
2023-08-12,3983.4212101297658
2023-08-13,4012.0432551924214
2023-08-14,4063.5137107055434
2023-08-15,4007.5657457970356
2023-08-16,4067.2407857035855
2023-08-17,4028.9156920273354
2023-08-18,3828.7007056184043
2023-08-19,3935.9932972291354
2023-08-20,4019.0968277381594
2023-08-21,3916.0130676077283
2023-08-22,4100.349555057318
2023-08-23,4196.7020872117155
2023-08-24,4168.668723753551
2023-08-25,4028.5080607678765
2023-08-26,4201.87813880605
2023-08-27,4070.5179409943444
2023-08-28,4024.67991797485
2023-08-29,3999.6764070775844
2023-08-30,4033.287922880357
2023-08-31,4027.124741322635
2023-09-01,4085.280177208406
2023-09-02,4086.480004623048
2023-09-03,4072.798532652104
2023-09-04,4118.145730523555
2023-09-05,4195.360602540576
2023-09-06,4172.980982284736
2023-09-07,3931.1503852239775
2023-09-08,3825.7472231120673
2023-09-09,4175.954579232571
2023-09-10,3947.101656859295
2023-09-11,4062.463236768326
2023-09-12,3968.961695429005
2023-09-13,3906.690840009171
2023-09-14,4141.83343557806
2023-09-15,4164.283114489136
2023-09-16,4031.2789491705903
2023-09-17,3830.2699392477343
2023-09-18,4035.075559670625
2023-09-19,4129.087801332211
2023-09-20,3942.1051390170633
2023-09-21,4108.302655439811
2023-09-22,4088.2875273576433
2023-09-23,4147.481036194122
2023-09-24,4101.1249011875725
2023-09-25,3991.3566666135125
2023-09-26,4207.699274606728
2023-09-27,4071.4497824042683
2023-09-28,4083.7151716463886
2023-09-29,3992.1442401856166
2023-09-30,4040.0510348663815
2023-10-01,3994.690349389303
2023-10-02,4064.550870665854
2023-10-03,4251.575068267181
2023-10-04,3941.657164358489
2023-10-05,3915.8189734219513
2023-10-06,4222.50525217502
2023-10-07,4052.554759079732
2023-10-08,4004.5651247861865
2023-10-09,4173.335100744476
2023-10-10,4006.542903382482
2023-10-11,4247.353509872866
2023-10-12,4130.082159549119
2023-10-13,4010.925148062667
2023-10-14,4272.764271750308
2023-10-15,3993.6703597373526
2023-10-16,4125.551858130804
2023-10-17,4078.264974334613
2023-10-18,4175.397057991677
2023-10-19,4198.156001262099
2023-10-20,4041.8829423903053
2023-10-21,3959.915064185346
2023-10-22,4077.7260821938426
2023-10-23,3960.328085966015
2023-10-24,4225.708916520117
2023-10-25,4034.1952125978373
2023-10-26,3980.0830654471556
2023-10-27,4031.0600091148685
2023-10-28,3873.7605165600767
2023-10-29,3907.0985381804207
2023-10-30,4119.995007341258
2023-10-31,3929.8660172190775
2023-11-01,3886.3756327446094
2023-11-02,4040.154079592167
2023-11-03,4100.3934371008945
2023-11-04,4048.966096536891
2023-11-05,4071.838212623453
2023-11-06,3891.6329818978447
2023-11-07,3820.128297116622
2023-11-08,4107.358910880962
2023-11-09,3919.7945589994206
2023-11-10,3921.7385836491208
2023-11-11,4074.3245400232395
2023-11-12,3991.7368409253972
2023-11-13,3976.2384024981293
2023-11-14,4141.614335407098
2023-11-15,3855.157084123716
2023-11-16,4006.6197177721947
2023-11-17,3913.797487905969
2023-11-18,3929.151247151099
2023-11-19,4049.2717990475944
2023-11-20,3941.2803010072726
2023-11-21,3938.338690748439
2023-11-22,3985.714536800526
2023-11-23,3835.8674044490954
2023-11-24,3782.2865470062975
2023-11-25,3755.5192165857184
2023-11-26,3657.1067245886484
2023-11-27,4053.0568236566187
2023-11-28,3730.7623495094176
2023-11-29,3812.56012993333
2023-11-30,3800.5635950794012
2023-12-01,3852.5040626707223
2023-12-02,3896.8165376282604
2023-12-03,3894.732476545371
2023-12-04,3743.7845262227925
2023-12-05,3778.754025712562
2023-12-06,3817.066867241204
2023-12-07,3757.2531554738903
2023-12-08,3936.142923777918
2023-12-09,3817.7666510812555
2023-12-10,3835.394412895207
2023-12-11,3821.410932042148
2023-12-12,3865.6670645164822
2023-12-13,3759.601426851403
2023-12-14,3604.9804080530935
2023-12-15,3767.7834951021437
2023-12-16,3655.818902314202
2023-12-17,3661.2236427713415
2023-12-18,3765.8452950773217
2023-12-19,3824.1556832342167
2023-12-20,3695.5699564290817
2023-12-21,3717.440502504421
2023-12-22,3849.894118372671
2023-12-23,3696.8664247470447
2023-12-24,3926.0830004717227
2023-12-25,3715.5963728697693
2023-12-26,3476.1090241575384
2023-12-27,3720.6705592617755
2023-12-28,3676.6165675072457
2023-12-29,3760.655596640325
2023-12-30,3692.1953299515894
2023-12-31,3604.247767311398
2024-01-01,3638.901020453633
2024-01-02,3733.6893080954787
2024-01-03,3662.8256864868254
2024-01-04,3683.1387828271536
2024-01-05,3793.391643350858
2024-01-06,3894.8981803554543
2024-01-07,3760.7820252729016
2024-01-08,3595.1688774221507
2024-01-09,3752.696873932202
2024-01-10,3821.4182235962717
2024-01-11,3634.336217276155
2024-01-12,3675.5150972511224
2024-01-13,3684.032708810333
2024-01-14,3597.7677851655276
2024-01-15,3734.8279073965646
2024-01-16,3651.697671399024
2024-01-17,3699.590566987319
2024-01-18,3562.7869791502444
2024-01-19,3601.745087124183
2024-01-20,3711.741410404467
2024-01-21,3596.291728384482
2024-01-22,3800.404365858567
2024-01-23,3581.940206022279
2024-01-24,3638.6327676111177
2024-01-25,3703.750176025579
2024-01-26,3463.049325789708
2024-01-27,3423.2694935119534
2024-01-28,3441.320528557659
2024-01-29,3714.7532845043843
2024-01-30,3527.9923001161296
2024-01-31,3833.757385683191
2024-02-01,3516.349694448848
2024-02-02,3586.145766528897
2024-02-03,3716.8985045019963
2024-02-04,3758.375844773041
2024-02-05,3759.079592193255
2024-02-06,3669.013601424719
2024-02-07,3645.917448241708
2024-02-08,3598.185963907315
2024-02-09,3612.280662500447
2024-02-10,3474.9278118203306
2024-02-11,3443.9201696262835
2024-02-12,3521.1894087458586
2024-02-13,3500.3895592191293
2024-02-14,3468.061974488906
2024-02-15,3579.0970652561077
2024-02-16,3601.1603290895964
2024-02-17,3510.7410656879592
2024-02-18,3646.0241402055954
2024-02-19,3380.574237366685
2024-02-20,3471.951526588299
2024-02-21,3416.3128863503052
2024-02-22,3298.1234092408968
2024-02-23,3473.3962151217665
2024-02-24,3466.482928231798
2024-02-25,3627.1031222865267
2024-02-26,3536.0477180317203
2024-02-27,3367.8650286898423
2024-02-28,3653.119684218227
2024-02-29,3587.3508310343627
2024-03-01,3521.105312990693
2024-03-02,3438.006958110148
2024-03-03,3362.583677675474
2024-03-04,3419.2921955979764
2024-03-05,3563.4866425447594
2024-03-06,3641.2835173838353
2024-03-07,3605.477074175594
2024-03-08,3400.710837568425
2024-03-09,3336.192780012903
2024-03-10,3460.9180038991276
2024-03-11,3268.7768034581823
2024-03-12,3476.845735325542
2024-03-13,3428.7941157727514
2024-03-14,3396.09361010621
2024-03-15,3282.487568833041
2024-03-16,3492.6964499553037
2024-03-17,3387.563051687652
2024-03-18,3323.4564301949576
2024-03-19,3152.9552663968925
2024-03-20,3437.2818460330413
2024-03-21,3617.2288637724982
2024-03-22,3606.218520662831
2024-03-23,3394.590369845499
2024-03-24,3380.4046255015965
2024-03-25,3487.9474363642403
2024-03-26,3341.793857622299
2024-03-27,3472.492027224366
2024-03-28,3519.719144071296
2024-03-29,3566.7203243534896
2024-03-30,3435.0448153944103
2024-03-31,3425.843098281466
2024-04-01,3359.6791532157
2024-04-02,3366.1726279937516
2024-04-03,3427.7119287408796
2024-04-04,3488.710981941015
2024-04-05,3545.062487561383
2024-04-06,3375.230191383045
2024-04-07,3606.7749262591897
2024-04-08,3432.4650333776817
2024-04-09,3459.6247155942992
2024-04-10,3389.33640890846
2024-04-11,3224.0410824435357
2024-04-12,3557.3878662044262
2024-04-13,3545.2958746225895
2024-04-14,3446.2160490140454
2024-04-15,3483.8935466014327
2024-04-16,3531.7415739095127
2024-04-17,3326.9528757275266
2024-04-18,3433.4677282880252
2024-04-19,3569.069785904486
2024-04-20,3367.588515791236
2024-04-21,3525.8502099063417
2024-04-22,3364.4149829266485
2024-04-23,3550.3956359895615
2024-04-24,3503.9676012239283
2024-04-25,3349.8961970884834
2024-04-26,3631.8583118427723
2024-04-27,3445.9964070503247
2024-04-28,3442.596493595851
2024-04-29,3547.938579294784
2024-04-30,3647.0978041892963
2024-05-01,3435.0954947107352
2024-05-02,3547.3791499061754
2024-05-03,3588.714840847463
2024-05-04,3619.85294540795
2024-05-05,3572.9815066150127
2024-05-06,3523.5138852710093
2024-05-07,3482.4198710456612
2024-05-08,3578.8369407714595
2024-05-09,3468.132251504528
2024-05-10,3288.4131272365466
2024-05-11,3629.483060059696
2024-05-12,3681.5747847322727
2024-05-13,3360.316008399766
2024-05-14,3501.136254744701
2024-05-15,3669.595316718999
2024-05-16,3819.0688444547227
2024-05-17,3621.105245500493
2024-05-18,3551.9976372617666
2024-05-19,3612.344112943296
2024-05-20,3774.019264373977
2024-05-21,3577.8933620235557
2024-05-22,3568.587263288659
2024-05-23,3606.3055394206563
2024-05-24,3565.3754024779646
2024-05-25,3679.156794579307
2024-05-26,3835.5904048020293
2024-05-27,3711.7127316292135
2024-05-28,3660.4992872899284
2024-05-29,3662.9290559521764
2024-05-30,3542.2104702597853
2024-05-31,3793.301817877071
2024-06-01,3703.7084156217743
2024-06-02,3699.983518778422
2024-06-03,4043.9177836322424
2024-06-04,3761.0920278229264
2024-06-05,3662.679576944007
2024-06-06,3701.8951339770656
2024-06-07,3866.0759657180092
2024-06-08,3769.285241106329
2024-06-09,3620.881518230966
2024-06-10,3863.4056357849295
2024-06-11,3711.462063180388
2024-06-12,3972.4182687764487
2024-06-13,3899.921588611724
2024-06-14,3754.027131455151
2024-06-15,3933.7157166785328
2024-06-16,3819.2645803318123
2024-06-17,3904.6295006229207
2024-06-18,3874.704637080349
2024-06-19,3748.478992038579
2024-06-20,3775.6450167682538
2024-06-21,3949.88142422045
2024-06-22,3820.291111438444
2024-06-23,3820.2830205651017
2024-06-24,3772.0087127859924
2024-06-25,3916.745826054325
2024-06-26,4087.4931709032885
2024-06-27,3781.3299265343135
2024-06-28,3897.3334545125817
2024-06-29,4042.9455838072554
2024-06-30,3900.5531185480195
2024-07-01,3960.5278635622712
2024-07-02,3815.8024471327594
2024-07-03,3971.599314922431
2024-07-04,3916.754679901925
2024-07-05,4040.714317614461
2024-07-06,4067.521868170117
2024-07-07,4214.349337354105
2024-07-08,4019.931807183873
2024-07-09,4001.0874963351625
2024-07-10,3994.447589995379
2024-07-11,3946.1538195894796
2024-07-12,4021.738201502438
2024-07-13,3964.72522148354
2024-07-14,4017.441293309351
2024-07-15,4138.6371946057225
2024-07-16,3912.4559804922083
2024-07-17,4133.279592809069
2024-07-18,4157.131615095127
2024-07-19,4019.6866833472077
2024-07-20,3825.3247301631313
2024-07-21,3982.6861788313986
2024-07-22,4179.065697602331
2024-07-23,4052.915262385432
2024-07-24,3961.0439020375566
2024-07-25,4016.2032103936253
2024-07-26,4156.382112031976
2024-07-27,4132.564031604443
2024-07-28,4059.497538129081
2024-07-29,4052.1362581948783
2024-07-30,4054.9971054516886
2024-07-31,4007.2108059641423
2024-08-01,4266.191416243855
2024-08-02,4077.545400612044
2024-08-03,4236.536958972017
2024-08-04,4271.914936012904
2024-08-05,4224.493738727506
2024-08-06,4086.29558404656
2024-08-07,4174.539818219256
2024-08-08,4136.369274439531
2024-08-09,4052.952137318412
2024-08-10,4180.201858925735
2024-08-11,4034.21436131233
2024-08-12,4275.146201548868
2024-08-13,4114.082705540031
2024-08-14,4184.731589190229
2024-08-15,4196.91940847558
2024-08-16,4146.577753175916
2024-08-17,4234.9167424013185
2024-08-18,4132.436470948758
2024-08-19,4270.635313056046
2024-08-20,4052.3845738671644
2024-08-21,4202.994640012338
2024-08-22,4387.519903883174
2024-08-23,4096.759406123261
2024-08-24,4132.077850808412
2024-08-25,4254.196310086946
2024-08-26,4223.609373468093
2024-08-27,4243.451525014009
2024-08-28,4259.935386446446
2024-08-29,4277.007038385346
2024-08-30,4326.912407372381
2024-08-31,4259.220420663708
2024-09-01,4196.296841056207
2024-09-02,4289.751300757035
2024-09-03,4414.440107038441
2024-09-04,4213.032600423685
2024-09-05,4130.572638273538
2024-09-06,4340.348248997665
2024-09-07,4219.101220206903
2024-09-08,4015.25563350724
2024-09-09,4318.531694415879
2024-09-10,4181.406958362202
2024-09-11,4226.919669804525
2024-09-12,4270.086916824074
2024-09-13,4256.737130735488
2024-09-14,4309.312780172776
2024-09-15,4195.381352186278
2024-09-16,4290.684748279834
2024-09-17,4213.745336737481
2024-09-18,4313.788448880707
2024-09-19,4301.533044295781
2024-09-20,4146.422793257436
2024-09-21,4348.416723892446
2024-09-22,4185.955541722608
2024-09-23,4319.972644174271
2024-09-24,4275.392292041802
2024-09-25,4421.860492119791
2024-09-26,4214.95614146978
2024-09-27,4201.513945985562
2024-09-28,4233.529075504163
2024-09-29,4204.061281702105
2024-09-30,4313.164810986197
2024-10-01,4070.2144158145375
2024-10-02,4125.035978338312
2024-10-03,4122.066986493705
2024-10-04,4322.205872406984
2024-10-05,4396.449556683852
2024-10-06,4213.042204941171
2024-10-07,4204.590226333177
2024-10-08,4226.349848316187
2024-10-09,4333.292287616988
2024-10-10,4122.017225099115
2024-10-11,4236.12647068867
2024-10-12,4307.236051855481
2024-10-13,4257.142867417741
2024-10-14,4223.200013697561
2024-10-15,4301.446930186587
2024-10-16,3928.01248699404
2024-10-17,4263.0104610048875
2024-10-18,4126.597313276672
2024-10-19,4005.619237798083
2024-10-20,4236.377111172463
2024-10-21,4319.094722416226
2024-10-22,4164.354771478455
2024-10-23,4269.657646487749
2024-10-24,4331.769505288428
2024-10-25,4298.106665936772
2024-10-26,4326.588431465517
2024-10-27,4232.685894620236
2024-10-28,4161.803305921645
2024-10-29,3989.7570353570995
2024-10-30,4120.949196303222
2024-10-31,4056.7420714811847
2024-11-01,4353.5830760892195
2024-11-02,4114.234440391361
2024-11-03,4139.3912461488335
2024-11-04,4177.381981646918
2024-11-05,4121.672735392036
2024-11-06,4281.814467833881
2024-11-07,4044.9606095119684
2024-11-08,4121.523288407358
2024-11-09,4022.574826724821
2024-11-10,3959.5028747162632
2024-11-11,4024.9369308948026
2024-11-12,4076.9459455851274
2024-11-13,4032.1838784652637
2024-11-14,4000.2668091743444
2024-11-15,3923.2039585968873
2024-11-16,4049.7856181533907
2024-11-17,3901.819981861673
2024-11-18,4122.430552775301
2024-11-19,4048.7407006717604
2024-11-20,3888.753932896983
2024-11-21,3997.542895364559
2024-11-22,3947.1470368443256
2024-11-23,4048.124964782116
2024-11-24,4144.045180590136
2024-11-25,3816.225136561674
2024-11-26,4008.9387185773285
2024-11-27,3975.069906524922
2024-11-28,4051.8194999369534
2024-11-29,3999.5645878920623
2024-11-30,3896.5664597159303
2024-12-01,3933.337422807669
2024-12-02,3879.0825420290475
2024-12-03,4059.692983939546
2024-12-04,3947.597361958397
2024-12-05,4128.927940767675
2024-12-06,3926.056186710783
2024-12-07,3854.5676894848725
2024-12-08,3767.2977166561477
2024-12-09,3731.5926666646305
2024-12-10,3746.709210874858
2024-12-11,3925.0323438690984
2024-12-12,3942.371773304026
2024-12-13,3726.544532645465
2024-12-14,3967.318531334491
2024-12-15,3822.6484865250413
2024-12-16,3878.7646121448724
2024-12-17,4018.4309560273546
2024-12-18,3940.0113076774064
2024-12-19,3816.5897339648923
2024-12-20,3747.4379787029957
2024-12-21,3614.491083776217
2024-12-22,3750.875774873946
2024-12-23,3794.8016651709136
2024-12-24,3710.3274555914963
2024-12-25,3789.05960336389
2024-12-26,3803.021585447199
2024-12-27,3766.01513083816
2024-12-28,3716.680063149704
2024-12-29,3791.7426620212664
2024-12-30,3812.2874306667163
2024-12-31,3652.290936338285
