Date,Temperature (Â°C)
2020-01-01,24.253522349969103
2020-01-02,23.779553387160526
2020-01-03,24.300347053766913
2020-01-04,24.88383208364398
2020-01-05,23.62467802541965
2020-01-06,23.595700448536945
2020-01-07,24.836201537126566
2020-01-08,24.239266988769337
2020-01-09,23.344903085952605
2020-01-10,24.02497048333639
2020-01-11,23.292608586254183
2020-01-12,23.263000233393882
2020-01-13,23.73059060594741
2020-01-14,22.194330900812204
2020-01-15,22.29880692229416
2020-01-16,23.08549085691795
2020-01-17,22.7431815021261
2020-01-18,23.645443994387428
2020-01-19,22.763405909694946
2020-01-20,22.38421423553519
2020-01-21,24.372844953967345
2020-01-22,23.16317900537604
2020-01-23,23.343098975835407
2020-01-24,22.273395060432772
2020-01-25,22.864830623999804
2020-01-26,23.29902162128508
2020-01-27,22.391462385160775
2020-01-28,23.436240562906146
2020-01-29,22.729217991514126
2020-01-30,22.92221862698072
2020-01-31,22.682281746323522
2020-02-01,24.377482966782573
2020-02-02,23.049198476098667
2020-02-03,22.29636020267866
2020-02-04,23.591010120784674
2020-02-05,22.13947484608735
2020-02-06,23.119478796851975
2020-02-07,21.581092394299112
2020-02-08,22.003102817590083
2020-02-09,23.05099779272494
2020-02-10,23.410879533604465
2020-02-11,22.995070550445227
2020-02-12,22.775726190708653
2020-02-13,22.627887507025847
2020-02-14,21.78609301671245
2020-02-15,22.299989206356862
2020-02-16,22.464683271345535
2020-02-17,23.510799707985377
2020-02-18,22.995469005635726
2020-02-19,21.50537316715874
2020-02-20,22.951372720835042
2020-02-21,22.440421046754892
2020-02-22,22.222054285184218
2020-02-23,23.11045464340252
2020-02-24,23.39082701167897
2020-02-25,23.30833798071646
2020-02-26,22.056776388140214
2020-02-27,22.416042573066235
2020-02-28,22.85311752266603
2020-02-29,23.293339232968645
2020-03-01,22.264746032575058
2020-03-02,22.46040595131403
2020-03-03,21.8066237740925
2020-03-04,21.734899183415763
2020-03-05,23.132694615688678
2020-03-06,23.505476899707464
2020-03-07,22.49838607079291
2020-03-08,23.24445456491777
2020-03-09,22.788821257153735
2020-03-10,22.078294705811444
2020-03-11,22.777567661419187
2020-03-12,23.596439813619583
2020-03-13,22.49047216063449
2020-03-14,23.607051072851828
2020-03-15,20.67474413271096
2020-03-16,23.08117867499286
2020-03-17,22.564577916252283
2020-03-18,22.292655352400082
2020-03-19,22.56502655237198
2020-03-20,21.108847607133583
2020-03-21,22.346245883975406
2020-03-22,22.750383921593414
2020-03-23,23.535838311649616
2020-03-24,22.13994886018621
2020-03-25,21.938735775035497
2020-03-26,22.15591182623326
2020-03-27,23.15090014532704
2020-03-28,22.743736910280397
2020-03-29,22.146785990960204
2020-03-30,22.881425678989874
2020-03-31,22.595125105227467
2020-04-01,23.210765170397707
2020-04-02,22.047328236650955
2020-04-03,22.315960700829827
2020-04-04,22.27791242956735
2020-04-05,21.535494645411518
2020-04-06,22.775307072168676
2020-04-07,22.759327743990088
2020-04-08,22.589230516133203
2020-04-09,22.4309953286399
2020-04-10,21.614492379166393
2020-04-11,22.32133312362413
2020-04-12,22.386901892167668
2020-04-13,22.076706158040754
2020-04-14,22.53737602250946
2020-04-15,22.945561427365565
2020-04-16,23.995976108955944
2020-04-17,22.811237112678075
2020-04-18,22.883167131105047
2020-04-19,22.665077374961257
2020-04-20,21.388811528513877
2020-04-21,22.728603360202893
2020-04-22,22.804981236785544
2020-04-23,24.503187268879362
2020-04-24,22.66079872851305
2020-04-25,23.023499171354306
2020-04-26,22.80550840794345
2020-04-27,22.029543469360643
2020-04-28,23.665821070836152
2020-04-29,23.410835383506885
2020-04-30,23.457246415883244
2020-05-01,22.2863936168062
2020-05-02,23.924754864186298
2020-05-03,21.981724465858427
2020-05-04,23.394422898642343
2020-05-05,24.537919849073877
2020-05-06,22.33257250006814
2020-05-07,22.651249246636645
2020-05-08,23.139479622603695
2020-05-09,22.73970646019467
2020-05-10,22.02943386644249
2020-05-11,23.18598755580641
2020-05-12,22.41780559062021
2020-05-13,23.516680178743155
2020-05-14,22.565631333855002
2020-05-15,24.318553604968123
2020-05-16,22.709994621855177
2020-05-17,23.057795140612694
2020-05-18,23.877953001966745
2020-05-19,22.472417665606518
2020-05-20,23.51904780248171
2020-05-21,24.30089271521774
2020-05-22,22.286977515604512
2020-05-23,23.568030726892623
2020-05-24,23.64751660792818
2020-05-25,24.039918723280863
2020-05-26,22.65404569781379
2020-05-27,22.623076389730553
2020-05-28,23.940448135005518
2020-05-29,23.81087132120455
2020-05-30,23.806411781433464
2020-05-31,23.901848672358184
2020-06-01,23.211760786933418
2020-06-02,23.878965444864196
2020-06-03,23.95030647376801
2020-06-04,23.27402723169686
2020-06-05,25.109173891348
2020-06-06,24.164005704127838
2020-06-07,23.027724904200856
2020-06-08,24.350654651273597
2020-06-09,23.2383260886152
2020-06-10,24.50119622030213
2020-06-11,24.79097646914269
2020-06-12,23.43528452595559
2020-06-13,24.713999211897157
2020-06-14,24.35851867832254
2020-06-15,24.675003714205612
2020-06-16,25.457350840953705
2020-06-17,23.987893901157296
2020-06-18,23.662146864609955
2020-06-19,23.59721652598942
2020-06-20,23.678932800524194
2020-06-21,24.226152176682838
2020-06-22,24.549044202711453
2020-06-23,24.534017977171708
2020-06-24,24.949432521229276
2020-06-25,24.409539722105066
2020-06-26,25.44790182454313
2020-06-27,24.275104295307298
2020-06-28,26.394356267810945
2020-06-29,24.958007579597997
2020-06-30,23.94975271282619
2020-07-01,23.8297719935829
2020-07-02,24.946663565440314
2020-07-03,24.481938698029193
2020-07-04,25.167477686374877
2020-07-05,25.02813460365481
2020-07-06,24.674946536824873
2020-07-07,24.162088654893182
2020-07-08,23.7232190858684
2020-07-09,24.499661441514725
2020-07-10,25.44014423031613
2020-07-11,25.01879883469979
2020-07-12,24.025000804960285
2020-07-13,25.04613760902214
2020-07-14,25.22232614692064
2020-07-15,24.36138859923076
2020-07-16,25.114964861125124
2020-07-17,25.075147450957918
2020-07-18,24.261133765598554
2020-07-19,25.338235372446427
2020-07-20,25.506656381237725
2020-07-21,25.898310021963876
2020-07-22,25.903638749314144
2020-07-23,24.227140492622063
2020-07-24,24.560284270102752
2020-07-25,25.60225276055552
2020-07-26,25.626050644182698
2020-07-27,25.651305082595567
2020-07-28,27.0
2020-07-29,25.738205167256737
2020-07-30,26.15690247468423
2020-07-31,26.05290296625646
2020-08-01,25.863834457838045
2020-08-02,25.209587861709412
2020-08-03,25.983620796986703
2020-08-04,24.933074422164083
2020-08-05,25.3296260642751
2020-08-06,25.176622583537473
2020-08-07,25.5942916877574
2020-08-08,27.0
2020-08-09,24.269949530023258
2020-08-10,26.07685808030905
2020-08-11,24.4866166295411
2020-08-12,25.303802593271758
2020-08-13,26.41464732218284
2020-08-14,25.715189366629705
2020-08-15,24.93316262372871
2020-08-16,25.203835999658185
2020-08-17,26.19680063411461
2020-08-18,25.22592326797118
2020-08-19,25.904357939690037
2020-08-20,25.799948908709464
2020-08-21,25.326690240678353
2020-08-22,27.0
2020-08-23,26.25471067192682
2020-08-24,24.406754211231103
2020-08-25,25.96779219274321
2020-08-26,25.38647345398646
2020-08-27,26.45840308786147
2020-08-28,25.318433429360706
2020-08-29,25.80389964141329
2020-08-30,26.248239196684636
2020-08-31,26.510822313916584
2020-09-01,25.074141418577476
2020-09-02,25.68926008144717
2020-09-03,25.599515403963856
2020-09-04,25.4827144280944
2020-09-05,27.0
2020-09-06,26.238162994224407
2020-09-07,25.078615829600366
2020-09-08,26.609789685913658
2020-09-09,27.0
2020-09-10,26.70058720657528
2020-09-11,24.91882289023506
2020-09-12,25.647425015475005
2020-09-13,26.876719141495055
2020-09-14,25.49748961732442
2020-09-15,26.30599230264163
2020-09-16,26.539505824422776
2020-09-17,25.349836189564787
2020-09-18,25.95792712922155
2020-09-19,23.73109665648998
2020-09-20,25.28278280371179
2020-09-21,25.822408285227663
2020-09-22,25.124591274898414
2020-09-23,27.0
2020-09-24,24.993054113497355
2020-09-25,25.683403153738332
2020-09-26,26.07971789031824
2020-09-27,26.993340914334826
2020-09-28,24.975082277080986
2020-09-29,26.789623888945176
2020-09-30,25.97728460867868
2020-10-01,25.277267904646042
2020-10-02,26.281490895590935
2020-10-03,26.090548631002285
2020-10-04,25.523739306280955
2020-10-05,25.984934919480274
2020-10-06,25.658036661924537
2020-10-07,25.99840388577915
2020-10-08,26.373124237186033
2020-10-09,27.0
2020-10-10,25.023071506838214
2020-10-11,27.0
2020-10-12,24.501047304172165
2020-10-13,25.749521779079032
2020-10-14,26.255380147204082
2020-10-15,26.02756696148272
2020-10-16,25.381829094911676
2020-10-17,25.65841473935152
2020-10-18,25.444920702692503
2020-10-19,25.362930727880364
2020-10-20,26.35522019200206
2020-10-21,25.994974637237732
2020-10-22,25.244149133685404
2020-10-23,26.342589501785888
2020-10-24,25.91122951238047
2020-10-25,26.247945073217625
2020-10-26,26.10208009540818
2020-10-27,25.06302350397413
2020-10-28,25.232760518249872
2020-10-29,26.129152595978606
2020-10-30,26.014064258186874
2020-10-31,25.55253583240611
2020-11-01,25.62926768730119
2020-11-02,26.42109114670325
2020-11-03,25.09183462674785
2020-11-04,25.867739484506586
2020-11-05,25.321707290348485
2020-11-06,25.288976624325723
2020-11-07,26.18825555876472
2020-11-08,25.97431506940752
2020-11-09,25.943052493364434
2020-11-10,26.264170090550742
2020-11-11,25.341450739078756
2020-11-12,25.78020919055009
2020-11-13,25.061437461896407
2020-11-14,25.481017915574476
2020-11-15,25.13818107116043
2020-11-16,25.272067942941042
2020-11-17,25.595387502089224
2020-11-18,24.58035470601431
2020-11-19,26.59184426650993
2020-11-20,24.396765070390416
2020-11-21,24.224597109477852
2020-11-22,25.85851432508985
2020-11-23,25.575071758387423
2020-11-24,25.430634466883227
2020-11-25,25.406214784412334
2020-11-26,24.930210243155976
2020-11-27,24.282910879066858
2020-11-28,24.9360622195127
2020-11-29,24.380808349115306
2020-11-30,25.509048657285355
2020-12-01,24.6949971545862
2020-12-02,24.19139939597385
2020-12-03,24.515433592441532
2020-12-04,25.00046663026695
2020-12-05,24.287681628878854
2020-12-06,24.07748064600707
2020-12-07,24.794242650063985
2020-12-08,24.765654156914866
2020-12-09,24.209731302259943
2020-12-10,24.20518545870958
2020-12-11,24.667583550760128
2020-12-12,23.46165027149389
2020-12-13,23.46017862039938
2020-12-14,23.912528357303394
2020-12-15,24.236013332460267
2020-12-16,24.573008531308744
2020-12-17,25.358038259622617
2020-12-18,24.895544006638897
2020-12-19,24.153105273580806
2020-12-20,24.221626409912915
2020-12-21,23.503047174356052
2020-12-22,24.1617518970474
2020-12-23,23.942565717365767
2020-12-24,24.3404766535781
2020-12-25,23.505499027333276
2020-12-26,24.418139297505856
2020-12-27,25.09760792855979
2020-12-28,23.91871930147042
2020-12-29,24.246285932826854
2020-12-30,24.418509269178045
2020-12-31,23.624968112541158
2021-01-01,24.06268718012853
2021-01-02,23.885153078527612
2021-01-03,23.91533834608061
2021-01-04,23.276604335459535
2021-01-05,23.805742509707247
2021-01-06,24.108195122273187
2021-01-07,24.74655309172792
2021-01-08,24.37355225662195
2021-01-09,25.18076287636516
2021-01-10,23.10803515880458
2021-01-11,24.22762541692738
2021-01-12,23.717350464909906
2021-01-13,25.094079069103554
2021-01-14,22.967818272324056
2021-01-15,22.91844411552674
2021-01-16,23.059517275575818
2021-01-17,21.965436279343333
2021-01-18,23.057442346394204
2021-01-19,22.867629899472202
2021-01-20,23.47810247700324
2021-01-21,23.586119998766268
2021-01-22,24.634542003167734
2021-01-23,23.961125919284097
2021-01-24,22.86688623181851
2021-01-25,22.61700826122358
2021-01-26,23.565719228542726
2021-01-27,22.272994644441937
2021-01-28,24.455273086162226
2021-01-29,23.97527315896219
2021-01-30,22.79798129536272
2021-01-31,21.904282204520484
2021-02-01,24.028598899542104
2021-02-02,22.978468641738388
2021-02-03,23.903229271329213
2021-02-04,21.899129321156384
2021-02-05,22.574502884999426
2021-02-06,22.976944870151375
2021-02-07,22.985747896650274
2021-02-08,22.617787221783516
2021-02-09,23.3491898802598
2021-02-10,22.146618627039864
2021-02-11,22.775447114097343
2021-02-12,22.94088693057875
2021-02-13,23.19876727777947
2021-02-14,23.319188824631873
2021-02-15,22.016630687946652
2021-02-16,21.71325049150245
2021-02-17,23.665187924961092
2021-02-18,22.987556011323516
2021-02-19,22.215560700323067
2021-02-20,23.81032032512445
2021-02-21,22.790950887051313
2021-02-22,23.521407714243065
2021-02-23,22.729544178200985
2021-02-24,24.111650893349193
2021-02-25,23.885180487045364
2021-02-26,22.46995375046071
2021-02-27,23.312590901830134
2021-02-28,23.07299628539314
2021-03-01,23.56849973425564
2021-03-02,21.92472157666069
2021-03-03,23.07060325697761
2021-03-04,23.321955396691433
2021-03-05,21.34112617977605
2021-03-06,21.7356455811467
2021-03-07,21.12864635527582
2021-03-08,22.360208371787955
2021-03-09,23.044261115450528
2021-03-10,23.587325976087612
2021-03-11,22.581744880328873
2021-03-12,23.6646216194632
2021-03-13,21.55374319634298
2021-03-14,21.323182680462846
2021-03-15,22.472917124554392
2021-03-16,22.777411519831293
2021-03-17,22.482960598264338
2021-03-18,21.05643549845765
2021-03-19,22.43957647006724
2021-03-20,21.58766535844373
2021-03-21,22.968916631535237
2021-03-22,22.75663497772946
2021-03-23,21.842489271106043
2021-03-24,22.141605638194868
2021-03-25,21.761288547655496
2021-03-26,22.460805928969506
2021-03-27,23.175741381093307
2021-03-28,21.820110430500705
2021-03-29,22.86644369438111
2021-03-30,22.146437800736425
2021-03-31,21.967127493226883
2021-04-01,22.452249568715647
2021-04-02,21.808044051331123
2021-04-03,22.151210888622074
2021-04-04,21.70680967863607
2021-04-05,23.927695729801336
2021-04-06,22.584639595484212
2021-04-07,22.078215022628665
2021-04-08,22.72637499097812
2021-04-09,22.5070214616999
2021-04-10,22.440527602329244
2021-04-11,23.03516858863208
2021-04-12,23.146040246592992
2021-04-13,22.255451250409035
2021-04-14,22.23522747804461
2021-04-15,22.457739832669514
2021-04-16,21.05138101228048
2021-04-17,21.615012234569587
2021-04-18,23.645844630906957
2021-04-19,23.85435925705001
2021-04-20,22.54286428830811
2021-04-21,23.13554125336224
2021-04-22,22.96503818119782
2021-04-23,24.918036655745492
2021-04-24,23.562620228143867
2021-04-25,22.7059090898233
2021-04-26,22.14353772330048
2021-04-27,21.70529422255682
2021-04-28,22.99004264080137
2021-04-29,22.336399578976625
2021-04-30,21.88890466390777
2021-05-01,22.45092303398334
2021-05-02,22.16588123263244
2021-05-03,24.123797991081826
2021-05-04,23.580168039677638
2021-05-05,22.978042084060522
2021-05-06,24.04056180822991
2021-05-07,23.08010574301295
2021-05-08,22.4447587164288
2021-05-09,24.135910521131105
2021-05-10,23.469376448655275
2021-05-11,22.38882596016026
2021-05-12,23.004756398783666
2021-05-13,22.54848541285915
2021-05-14,22.217205665623496
2021-05-15,23.857552581090815
2021-05-16,24.570191169784938
2021-05-17,22.279274624817145
2021-05-18,23.677316667640067
2021-05-19,22.853041151422698
2021-05-20,22.993034918475
2021-05-21,22.94515010129161
2021-05-22,22.781099248444168
2021-05-23,23.44618091935875
2021-05-24,22.857121944432283
2021-05-25,23.65491843000017
2021-05-26,23.45747603642235
2021-05-27,23.352647562621957
2021-05-28,22.91210145546043
2021-05-29,23.171349107675855
2021-05-30,24.13175590801935
2021-05-31,23.981708817528418
2021-06-01,22.975046254351316
2021-06-02,23.75731070583882
2021-06-03,24.242358843211747
2021-06-04,22.576572045673974
2021-06-05,24.15442535898127
2021-06-06,23.339295102284577
2021-06-07,24.2317417275048
2021-06-08,23.327355942662948
2021-06-09,22.627649654764753
2021-06-10,22.78132355125611
2021-06-11,23.98389646034538
2021-06-12,24.161765315042544
2021-06-13,23.3767405112287
2021-06-14,24.486650642570293
2021-06-15,22.90650798587872
2021-06-16,24.053305743156347
2021-06-17,23.281884413262222
2021-06-18,23.703380306897795
2021-06-19,24.222941249581687
2021-06-20,23.617587271028523
2021-06-21,23.98081111903912
2021-06-22,24.98452833972282
2021-06-23,23.9064135116736
2021-06-24,24.925318896086292
2021-06-25,23.579609448643726
2021-06-26,24.77130132233123
2021-06-27,25.43952600499354
2021-06-28,22.730212928484764
2021-06-29,23.93241117236888
2021-06-30,24.92399092518887
2021-07-01,24.407631232087493
2021-07-02,24.839198853585593
2021-07-03,24.186143244069008
2021-07-04,24.69897549898832
2021-07-05,24.558703275735958
2021-07-06,25.514315709615193
2021-07-07,24.904021365995533
2021-07-08,24.991166120993707
2021-07-09,24.49529826686278
2021-07-10,24.470897551110895
2021-07-11,24.537874342815964
2021-07-12,25.14504971347346
2021-07-13,24.602328813484494
2021-07-14,25.1277533607538
2021-07-15,26.40538454016226
2021-07-16,25.58987609697374
2021-07-17,24.779140814445768
2021-07-18,25.87525109356048
2021-07-19,24.775560212964905
2021-07-20,23.66109704557813
2021-07-21,24.408446795137777
2021-07-22,23.830619807023083
2021-07-23,24.919917874060797
2021-07-24,25.20440191562471
2021-07-25,26.390267916636034
2021-07-26,25.470577235144372
2021-07-27,25.11303010837795
2021-07-28,25.871355609009775
2021-07-29,23.76703980639595
2021-07-30,25.503512000447515
2021-07-31,25.90161216227869
2021-08-01,24.35009135976533
2021-08-02,26.208488412168837
2021-08-03,25.667223818203745
2021-08-04,25.161640802910856
2021-08-05,25.91699937861478
2021-08-06,27.0
2021-08-07,25.643683445558793
2021-08-08,25.710734200597212
2021-08-09,25.235648523790804
2021-08-10,24.98214410621213
2021-08-11,26.177711018627864
2021-08-12,25.01625906123765
2021-08-13,25.684251265377934
2021-08-14,25.318021691570102
2021-08-15,26.005479231285356
2021-08-16,25.92114744198009
2021-08-17,26.430826557120692
2021-08-18,25.364070730662014
2021-08-19,25.548267455467816
2021-08-20,25.06770232593504
2021-08-21,25.45704333872352
2021-08-22,26.04692082913382
2021-08-23,26.32701017405263
2021-08-24,25.165451629379874
2021-08-25,26.43307816596539
2021-08-26,26.786220673568078
2021-08-27,26.139128411580923
2021-08-28,27.0
2021-08-29,25.331545506891093
2021-08-30,25.012956858122127
2021-08-31,24.64964392716532
2021-09-01,26.952024696039928
2021-09-02,26.37240486296436
2021-09-03,25.884501676898516
2021-09-04,26.1279551602004
2021-09-05,25.152202557787135
2021-09-06,27.0
2021-09-07,26.045130623934394
2021-09-08,26.037810953858322
2021-09-09,26.4753229597044
2021-09-10,26.30953564153186
2021-09-11,26.13458034118487
2021-09-12,25.42904974759115
2021-09-13,26.316416716476578
2021-09-14,27.0
2021-09-15,26.934652275566048
2021-09-16,27.0
2021-09-17,25.63941101352041
2021-09-18,25.30596414548844
2021-09-19,25.911544034395053
2021-09-20,26.03899123314042
2021-09-21,26.765788215575455
2021-09-22,24.814480750402502
2021-09-23,27.0
2021-09-24,25.885749502509142
2021-09-25,25.695336329106603
2021-09-26,25.282961231744103
2021-09-27,24.829799815911937
2021-09-28,26.560669020761885
2021-09-29,26.031508359938478
2021-09-30,25.072436632617965
2021-10-01,25.063566325520437
2021-10-02,25.72927467087652
2021-10-03,27.0
2021-10-04,25.769492898146332
2021-10-05,24.891691053109437
2021-10-06,25.7640533151271
2021-10-07,25.7368496809044
2021-10-08,24.031121094044178
2021-10-09,25.87162635845883
2021-10-10,25.738177829787162
2021-10-11,26.3768868113864
2021-10-12,27.0
2021-10-13,26.656104284521344
2021-10-14,25.66754926221556
2021-10-15,25.06898996654571
2021-10-16,27.0
2021-10-17,25.859171662596236
2021-10-18,25.813850818940676
2021-10-19,25.773133795976683
2021-10-20,25.914145390278808
2021-10-21,25.659446435740584
2021-10-22,25.343500392246032
2021-10-23,25.34638459149959
2021-10-24,25.689942299831415
2021-10-25,25.315722507973206
2021-10-26,25.179949542156336
2021-10-27,25.73584106544598
2021-10-28,25.46483595942498
2021-10-29,26.677682338395634
2021-10-30,23.750368206517212
2021-10-31,26.35085986872917
2021-11-01,26.439426582929354
2021-11-02,24.09576535629934
2021-11-03,25.286844403795108
2021-11-04,25.245925992735877
2021-11-05,24.499513131385086
2021-11-06,24.918770465738596
2021-11-07,24.6639503747587
2021-11-08,26.645701072770223
2021-11-09,26.051498500319124
2021-11-10,26.263684314659898
2021-11-11,25.855505370372974
2021-11-12,24.536411810083763
2021-11-13,24.935677924247774
2021-11-14,25.62118638437137
2021-11-15,24.398612002608203
2021-11-16,25.72838011033848
2021-11-17,25.035942988735446
2021-11-18,24.916403018998665
2021-11-19,25.650781162020188
2021-11-20,25.438157491570333
2021-11-21,24.848300921366853
2021-11-22,25.886060000784237
2021-11-23,24.291092384319874
2021-11-24,25.45206279747435
2021-11-25,25.408921475524586
2021-11-26,24.749690420407546
2021-11-27,25.167076099718297
2021-11-28,24.035209435637228
2021-11-29,25.529817942221925
2021-11-30,24.72539005166369
2021-12-01,24.460558729529602
2021-12-02,25.53224377972352
2021-12-03,24.27620685034868
2021-12-04,23.754480774144138
2021-12-05,23.62177419080728
2021-12-06,25.106495781783586
2021-12-07,23.756734376156174
2021-12-08,25.852017529408702
2021-12-09,23.136826971620156
2021-12-10,25.75211098282276
2021-12-11,24.682624499684238
2021-12-12,24.437449416300506
2021-12-13,24.09386594977575
2021-12-14,24.72479854250942
2021-12-15,24.389095020482703
2021-12-16,25.157737656070125
2021-12-17,24.435332589453566
2021-12-18,24.430500140781245
2021-12-19,24.040653721847782
2021-12-20,24.22520030795046
2021-12-21,24.45039899366924
2021-12-22,23.007699854742878
2021-12-23,23.23098129676807
2021-12-24,24.664911630425763
2021-12-25,24.234179468030998
2021-12-26,23.955772352373028
2021-12-27,24.06750049068281
2021-12-28,24.267997883211155
2021-12-29,23.61701962917367
2021-12-30,23.420274419575975
2021-12-31,24.072500153548646
2022-01-01,23.220961498530716
2022-01-02,24.162115326980484
2022-01-03,22.65515655412994
2022-01-04,24.538120130286313
2022-01-05,24.119403625415117
2022-01-06,23.938817132421086
2022-01-07,24.418636255033253
2022-01-08,24.867894789486108
2022-01-09,24.38359420161976
2022-01-10,22.356566490894064
2022-01-11,22.721297094507918
2022-01-12,23.151638056506087
2022-01-13,23.57948075099877
2022-01-14,23.895988386401047
2022-01-15,22.998228735845856
2022-01-16,23.609828862520587
2022-01-17,22.92339523371287
2022-01-18,22.997408399476374
2022-01-19,22.414359994766038
2022-01-20,22.72656355419226
2022-01-21,22.400711591790824
2022-01-22,22.638111138632482
2022-01-23,24.03337849017935
2022-01-24,22.60613956859983
2022-01-25,25.088565976553603
2022-01-26,23.566698339104796
2022-01-27,23.3265431759428
2022-01-28,22.57240150393733
2022-01-29,23.639881990043584
2022-01-30,22.723457773469573
2022-01-31,23.18888324513585
2022-02-01,24.872947414414472
2022-02-02,22.991404603607965
2022-02-03,23.841249181347763
2022-02-04,22.52300518472432
2022-02-05,22.969573457719193
2022-02-06,24.212834725293504
2022-02-07,22.51398454056352
2022-02-08,24.201547042416834
2022-02-09,23.408621282435384
2022-02-10,22.50022618448169
2022-02-11,23.317798170951114
2022-02-12,23.53746810311913
2022-02-13,23.273927067490384
2022-02-14,21.721901106046328
2022-02-15,22.29488412915575
2022-02-16,22.613867366131334
2022-02-17,22.718710749262105
2022-02-18,23.189406671223278
2022-02-19,22.863891976565935
2022-02-20,21.789772891161615
2022-02-21,22.976117138750485
2022-02-22,23.123309707097064
2022-02-23,23.07413455476564
2022-02-24,23.425673853820037
2022-02-25,23.240187405519354
2022-02-26,22.96565470985597
2022-02-27,22.583375238141034
2022-02-28,21.45856046722234
2022-03-01,22.911190397375805
2022-03-02,22.74554938008094
2022-03-03,22.78047242101546
2022-03-04,21.687334252822506
2022-03-05,21.815504241986446
2022-03-06,23.301133537345773
2022-03-07,22.52842027200823
2022-03-08,23.025843644059982
2022-03-09,22.56180439968468
2022-03-10,22.556505337267414
2022-03-11,23.18667719821823
2022-03-12,22.163359427811137
2022-03-13,22.58709876095209
2022-03-14,22.191957685917924
2022-03-15,22.207653154579404
2022-03-16,22.29214521914573
2022-03-17,22.661340562073804
2022-03-18,22.16852093332113
2022-03-19,23.380989785627655
2022-03-20,21.874568897243474
2022-03-21,22.369335696441258
2022-03-22,22.192204464669743
2022-03-23,23.513289640582805
2022-03-24,22.638900823888658
2022-03-25,23.225029190605806
2022-03-26,21.464789035934846
2022-03-27,22.69407694285092
2022-03-28,23.132860219871993
2022-03-29,22.571209926011417
2022-03-30,23.263454396142876
2022-03-31,22.160036560740263
2022-04-01,23.513714028813745
2022-04-02,24.141942363558158
2022-04-03,22.28477841005734
2022-04-04,22.23347243846772
2022-04-05,23.569757270742254
2022-04-06,23.6656556111155
2022-04-07,22.202020859216187
2022-04-08,22.282458281497064
2022-04-09,22.388401870281125
2022-04-10,21.654090964278506
2022-04-11,21.962195536062744
2022-04-12,21.912886312833432
2022-04-13,22.089343758163515
2022-04-14,22.61402082532514
2022-04-15,22.81422633345123
2022-04-16,23.74807617256524
2022-04-17,21.97679814959142
2022-04-18,23.378058322629396
2022-04-19,22.553089666641256
2022-04-20,22.68256491924087
2022-04-21,23.204325023739827
2022-04-22,21.961257657923735
2022-04-23,23.03050691215566
2022-04-24,22.8954343358888
2022-04-25,23.14016728866554
2022-04-26,23.01483408245625
2022-04-27,24.548516744674746
2022-04-28,22.401200106718395
2022-04-29,22.494147232174367
2022-04-30,22.448283892128806
2022-05-01,22.514690069540933
2022-05-02,22.476793846047954
2022-05-03,23.775110418306316
2022-05-04,23.957373183405924
2022-05-05,22.58410052735752
2022-05-06,22.421952009833934
2022-05-07,23.355938817130102
2022-05-08,22.661101526361904
2022-05-09,23.512775939471204
2022-05-10,23.234185532671923
2022-05-11,22.05387738769072
2022-05-12,24.221247114373234
2022-05-13,24.418532561395345
2022-05-14,22.75621339395946
2022-05-15,22.937837205863477
2022-05-16,23.433705294963282
2022-05-17,23.49239167948146
2022-05-18,23.74421919282765
2022-05-19,24.71563412694442
2022-05-20,23.210159627864453
2022-05-21,22.801017777081903
2022-05-22,22.420369327609873
2022-05-23,22.90056475183803
2022-05-24,23.41559814490835
2022-05-25,24.721789156416733
2022-05-26,23.130314803711425
2022-05-27,23.676562761575674
2022-05-28,23.53589999163862
2022-05-29,24.406964330487348
2022-05-30,25.371834748052855
2022-05-31,23.259458645147127
2022-06-01,23.316727315947546
2022-06-02,24.418690705986712
2022-06-03,24.19371189958991
2022-06-04,25.03785087047416
2022-06-05,24.18282295404349
2022-06-06,23.55162726999573
2022-06-07,24.245781040974205
2022-06-08,24.637729858650744
2022-06-09,24.46540465206807
2022-06-10,24.275695079549433
2022-06-11,24.69690928039482
2022-06-12,24.79846647714948
2022-06-13,24.977273442528055
2022-06-14,24.493732842738883
2022-06-15,23.952589373245193
2022-06-16,24.202261182712796
2022-06-17,24.97415202965179
2022-06-18,23.587810612668243
2022-06-19,24.447833495871226
2022-06-20,23.944539458098134
2022-06-21,24.270121376054373
2022-06-22,25.17503967709782
2022-06-23,24.444007167953735
2022-06-24,24.37284000135
2022-06-25,23.418504948218114
2022-06-26,24.922815894009585
2022-06-27,24.882266897331764
2022-06-28,25.97464238488769
2022-06-29,24.274793086731112
2022-06-30,24.67344566552725
2022-07-01,24.724331580915116
2022-07-02,25.683614038060107
2022-07-03,24.542226002099216
2022-07-04,24.83367771579653
2022-07-05,25.09320489731199
2022-07-06,24.82749465266278
2022-07-07,24.413423245499313
2022-07-08,24.890707252569882
2022-07-09,25.535154368050346
2022-07-10,24.093661198373898
2022-07-11,24.933743846192513
2022-07-12,24.37884864335123
2022-07-13,25.73355059030607
2022-07-14,23.85868012757767
2022-07-15,24.56135868802034
2022-07-16,25.24413711711672
2022-07-17,26.103224107427295
2022-07-18,24.98837616529463
2022-07-19,24.67257330539475
2022-07-20,26.40459416881104
2022-07-21,24.10049748248859
2022-07-22,23.601009982107126
2022-07-23,25.473987427927046
2022-07-24,24.8400710931452
2022-07-25,24.501898826051836
2022-07-26,25.737577586619004
2022-07-27,25.437060978183993
2022-07-28,24.895916660665623
2022-07-29,24.418621443631846
2022-07-30,25.94930193956762
2022-07-31,25.817147351128874
2022-08-01,25.31567862716565
2022-08-02,26.700506479157355
2022-08-03,24.681216996529347
2022-08-04,24.3844747229941
2022-08-05,24.98971642342351
2022-08-06,25.463488877544258
2022-08-07,25.68671468154373
2022-08-08,25.368114549687544
2022-08-09,25.803639931028982
2022-08-10,24.700957567904172
2022-08-11,26.60711116989817
2022-08-12,25.55801191449906
2022-08-13,26.41626198143605
2022-08-14,25.892289646770077
2022-08-15,25.98992060667053
2022-08-16,26.086421064441765
2022-08-17,26.017944588152286
2022-08-18,26.17098814176762
2022-08-19,26.667586681265878
2022-08-20,25.890401745773687
2022-08-21,26.264351251088755
2022-08-22,25.719995498001367
2022-08-23,26.80520019321552
2022-08-24,25.337492744862722
2022-08-25,27.0
2022-08-26,25.80916360695357
2022-08-27,24.8481814078417
2022-08-28,25.951372843941666
2022-08-29,25.39646178603118
2022-08-30,26.472665634732227
2022-08-31,25.437911315886645
2022-09-01,25.592465274747155
2022-09-02,24.59167039185465
2022-09-03,25.606796523061483
2022-09-04,24.235261593136258
2022-09-05,24.831312914455992
2022-09-06,26.479902122541144
2022-09-07,26.50473590760732
2022-09-08,26.259054890884375
2022-09-09,25.290403022784865
2022-09-10,25.939431230016776
2022-09-11,25.975339746826076
2022-09-12,25.171526583968088
2022-09-13,27.0
2022-09-14,26.604034940467386
2022-09-15,25.8381833215768
2022-09-16,26.014138790235442
2022-09-17,26.143129952585525
2022-09-18,24.569473111772442
2022-09-19,25.82657071070039
2022-09-20,25.522594820939872
2022-09-21,25.29872014571935
2022-09-22,25.802435786182706
2022-09-23,27.0
2022-09-24,26.444945034401343
2022-09-25,25.59432778522184
2022-09-26,26.39224224137553
2022-09-27,26.967748291828176
2022-09-28,26.631693190027484
2022-09-29,26.021927041850716
2022-09-30,25.522553518042802
2022-10-01,26.458877785494483
2022-10-02,26.239763730174833
2022-10-03,26.584653717626058
2022-10-04,26.395827105278233
2022-10-05,26.678578021015646
2022-10-06,25.56140881189486
2022-10-07,26.849932025671798
2022-10-08,26.05726146738796
2022-10-09,27.0
2022-10-10,25.41740052827054
2022-10-11,27.0
2022-10-12,26.01730442774032
2022-10-13,25.4115161613078
2022-10-14,25.517051261765914
2022-10-15,25.619314986928856
2022-10-16,26.12778881654954
2022-10-17,26.183703600410944
2022-10-18,25.40251031184461
2022-10-19,25.772973142371
2022-10-20,27.0
2022-10-21,26.96977894315784
2022-10-22,26.05049036583402
2022-10-23,25.755788285085604
2022-10-24,25.796891517685395
2022-10-25,26.125582428678133
2022-10-26,24.96298679439147
2022-10-27,25.48117632986531
2022-10-28,24.475311159905267
2022-10-29,25.904343432211444
2022-10-30,26.05908423018424
2022-10-31,25.248574548773888
2022-11-01,26.668957682484038
2022-11-02,24.689102554883405
2022-11-03,24.50166330350448
2022-11-04,25.663050871924913
2022-11-05,26.21774012951607
2022-11-06,26.64199153107272
2022-11-07,25.12013448257652
2022-11-08,26.17418834577559
2022-11-09,25.369567696465406
2022-11-10,25.252756638205412
2022-11-11,25.968896881783383
2022-11-12,25.783374064825217
2022-11-13,24.199367600754638
2022-11-14,26.312202436319954
2022-11-15,26.22016541673578
2022-11-16,24.79138731816114
2022-11-17,25.481233240852326
2022-11-18,25.5245987146813
2022-11-19,25.335580820354476
2022-11-20,24.74195956583831
2022-11-21,24.63084087988357
2022-11-22,25.05664128873525
2022-11-23,25.86874702712136
2022-11-24,25.40142798082947
2022-11-25,24.734320562486445
2022-11-26,25.50656202538118
2022-11-27,22.944803149707763
2022-11-28,25.715124929367413
2022-11-29,23.665199383632423
2022-11-30,24.601112888191594
2022-12-01,24.042695917654626
2022-12-02,23.891660288633062
2022-12-03,25.581826184893572
2022-12-04,24.413012840680306
2022-12-05,24.953967329485515
2022-12-06,24.64944441062621
2022-12-07,24.986963501959757
2022-12-08,24.677436925761825
2022-12-09,23.696083000206762
2022-12-10,25.26197829863273
2022-12-11,24.189282664429488
2022-12-12,23.415541265547958
2022-12-13,24.17562869786588
2022-12-14,25.495935115906985
2022-12-15,25.010594531659542
2022-12-16,24.14136984457306
2022-12-17,24.11089284236724
2022-12-18,24.100144371905763
2022-12-19,25.748905858890073
2022-12-20,24.532417061117293
2022-12-21,24.535966908478546
2022-12-22,24.926016147424807
2022-12-23,24.34186350356063
2022-12-24,23.96329726253537
2022-12-25,23.977128766981952
2022-12-26,24.034439806230058
2022-12-27,24.028541171980148
2022-12-28,24.53403137000387
2022-12-29,24.031213525455332
2022-12-30,24.4779357814085
2022-12-31,23.87890686890426
2023-01-01,23.960867076082504
2023-01-02,22.47759791880788
2023-01-03,24.488394449388164
2023-01-04,24.06025311728696
2023-01-05,24.487192464627743
2023-01-06,21.732217553665787
2023-01-07,25.1926148596179
2023-01-08,23.60434993865368
2023-01-09,24.449263127823333
2023-01-10,22.917244303838345
2023-01-11,24.045942704766706
2023-01-12,22.851620166671502
2023-01-13,23.124578743364122
2023-01-14,24.87344901977941
2023-01-15,23.37277172451894
2023-01-16,23.631295138612437
2023-01-17,24.061210697842323
2023-01-18,23.77244818315156
2023-01-19,23.504315996160294
2023-01-20,23.62829952819625
2023-01-21,25.02928172538905
2023-01-22,23.280889257793106
2023-01-23,23.436598565254336
2023-01-24,24.00617686798752
2023-01-25,24.019766684238018
2023-01-26,24.05229702238044
2023-01-27,23.644269044776816
2023-01-28,22.373148511152838
2023-01-29,24.293067147068054
2023-01-30,22.323962476722933
2023-01-31,23.315321200551423
2023-02-01,22.552895142612766
2023-02-02,23.013749690800125
2023-02-03,23.266891540160227
2023-02-04,23.24017873312763
2023-02-05,23.289409929031763
2023-02-06,24.1028721686897
2023-02-07,23.270335492074743
2023-02-08,22.761923407115532
2023-02-09,23.5880559454184
2023-02-10,23.726582269854926
2023-02-11,22.015787283016355
2023-02-12,23.27486003727532
2023-02-13,23.329481013555977
2023-02-14,22.612763957617656
2023-02-15,23.766874921551292
2023-02-16,22.682091500094618
2023-02-17,22.858717667062216
2023-02-18,22.633785925939094
2023-02-19,22.75040660921968
2023-02-20,21.957121381432046
2023-02-21,21.701943025230307
2023-02-22,23.812053229655866
2023-02-23,22.08940829739108
2023-02-24,21.975152701312386
2023-02-25,21.14906881781252
2023-02-26,22.19695543101341
2023-02-27,21.706328380776835
2023-02-28,23.770643732778993
2023-03-01,23.317329606522836
2023-03-02,22.118462757442355
2023-03-03,24.167072298719717
2023-03-04,23.268294096790836
2023-03-05,22.344861851816194
2023-03-06,20.81434253960124
2023-03-07,24.15976868052141
2023-03-08,21.57609242916463
2023-03-09,21.39020241352353
2023-03-10,23.25147534202714
2023-03-11,24.237705218472524
2023-03-12,23.49358171052066
2023-03-13,22.914550601130056
2023-03-14,22.931878427177157
2023-03-15,23.10919140492824
2023-03-16,23.039815718424514
2023-03-17,22.702680918708765
2023-03-18,22.576585741251876
2023-03-19,22.458145308196524
2023-03-20,21.973018796590452
2023-03-21,22.303673293547465
2023-03-22,21.314946435524895
2023-03-23,22.431567382778866
2023-03-24,21.809298705324913
2023-03-25,21.73022549092672
2023-03-26,22.630607202868163
2023-03-27,23.481543357183657
2023-03-28,23.152940287137206
2023-03-29,21.414260710982397
2023-03-30,21.824878437997896
2023-03-31,23.180678307402275
2023-04-01,21.839429645207023
2023-04-02,22.375470472026766
2023-04-03,22.923801871682286
2023-04-04,21.86748308504372
2023-04-05,22.626150991062033
2023-04-06,21.62613726266126
2023-04-07,22.147065527457624
2023-04-08,22.80043640736394
2023-04-09,21.470555483011314
2023-04-10,22.90353863857478
2023-04-11,22.591505439353007
2023-04-12,23.002527817651885
2023-04-13,22.783541947581668
2023-04-14,23.593198547477577
2023-04-15,22.7379331725292
2023-04-16,22.36214194880771
2023-04-17,22.76125423023117
2023-04-18,23.06934126402126
2023-04-19,22.737083906827106
2023-04-20,22.74560369984029
2023-04-21,22.240557197758477
2023-04-22,22.28313243073168
2023-04-23,21.78099639956704
2023-04-24,24.003621510370518
2023-04-25,21.924747139085937
2023-04-26,22.32738239326364
2023-04-27,22.32692156083868
2023-04-28,23.474065159555423
2023-04-29,22.65938032587122
2023-04-30,23.757901711497755
2023-05-01,22.4320806159824
2023-05-02,23.11826074871918
2023-05-03,22.3580559092492
2023-05-04,24.464624599254396
2023-05-05,22.152304039661495
2023-05-06,23.221475408165812
2023-05-07,23.469591744312087
2023-05-08,23.337317025574634
2023-05-09,22.940022305827952
2023-05-10,23.001264928262614
2023-05-11,23.14556629857416
2023-05-12,23.03509207230225
2023-05-13,23.836133571984917
2023-05-14,24.732531578412477
2023-05-15,22.818984048313183
2023-05-16,22.27473743575049
2023-05-17,23.196474492644665
2023-05-18,25.08903473831469
2023-05-19,22.745918752229162
2023-05-20,24.481404450921136
2023-05-21,24.534216418112326
2023-05-22,22.998381018024443
2023-05-23,23.810503935227064
2023-05-24,24.578664662109986
2023-05-25,23.20020923326304
2023-05-26,23.350136460965093
2023-05-27,23.112734555664396
2023-05-28,22.83706630740454
2023-05-29,23.120594757527485
2023-05-30,22.746223863207742
2023-05-31,23.65492521397281
2023-06-01,23.12035366396925
2023-06-02,23.851428230291884
2023-06-03,22.627260904508955
2023-06-04,23.976771905009056
2023-06-05,24.357543497441565
2023-06-06,22.40751678374665
2023-06-07,24.094162258382887
2023-06-08,24.721005646974014
2023-06-09,23.044318412146072
2023-06-10,25.091403928560716
2023-06-11,24.243550304238646
2023-06-12,23.48645126480662
2023-06-13,23.970723794441394
2023-06-14,24.430464760191338
2023-06-15,24.122775803455678
2023-06-16,24.47669079692193
2023-06-17,23.485124237940386
2023-06-18,24.27821815918456
2023-06-19,23.20016203182671
2023-06-20,24.1420183837832
2023-06-21,23.617264650974647
2023-06-22,23.765252413459876
2023-06-23,25.17550304298711
2023-06-24,25.104251502056684
2023-06-25,24.79680093153908
2023-06-26,23.635819462519727
2023-06-27,24.20894205574665
2023-06-28,25.309532468559297
2023-06-29,24.589439690746147
2023-06-30,26.14357111414968
2023-07-01,24.825085489893645
2023-07-02,24.7138311237687
2023-07-03,24.39255134982833
2023-07-04,24.731841281104888
2023-07-05,24.56094845504403
2023-07-06,25.192544340135342
2023-07-07,25.39561839744089
2023-07-08,24.204651635185503
2023-07-09,23.851749075658063
2023-07-10,23.526878146789333
2023-07-11,25.19625900312848
2023-07-12,24.096576589486936
2023-07-13,23.389994534991942
2023-07-14,25.196915984097988
2023-07-15,26.697703643313407
2023-07-16,24.97583916649363
2023-07-17,25.594300829079405
2023-07-18,25.091681899029016
2023-07-19,24.99199021684619
2023-07-20,25.731137758294068
2023-07-21,24.910915031847903
2023-07-22,25.327348771591513
2023-07-23,25.39116577722692
2023-07-24,24.72384573264189
2023-07-25,25.911191442718902
2023-07-26,25.11925624382267
2023-07-27,24.73737886689916
2023-07-28,25.666328592680618
2023-07-29,24.685906935447743
2023-07-30,25.358308619929907
2023-07-31,25.355623228906868
2023-08-01,26.145228627893324
2023-08-02,25.740149344939955
2023-08-03,25.41275746183605
2023-08-04,26.024778752081616
2023-08-05,26.447197356652502
2023-08-06,25.88586630343941
2023-08-07,25.523623900908213
2023-08-08,24.618694427541865
2023-08-09,24.811621589316214
2023-08-10,25.363377871789215
2023-08-11,25.169817405535394
2023-08-12,25.484637827284043
2023-08-13,25.673809846752338
2023-08-14,26.023166832355397
2023-08-15,25.620844208621516
2023-08-16,26.028135118957564
2023-08-17,25.749680686507247
2023-08-18,24.338255613412628
2023-08-19,25.079645134500048
2023-08-20,25.651975637977525
2023-08-21,24.92126230078802
2023-08-22,26.20276059499977
2023-08-23,26.868643725041476
2023-08-24,26.664100652492333
2023-08-25,25.67494401224028
2023-08-26,26.880782468199577
2023-08-27,25.953791199365813
2023-08-28,25.625739573721486
2023-08-29,25.443816081784938
2023-08-30,25.67248636989843
2023-08-31,25.623024328419458
2023-09-01,26.02408503366034
2023-09-02,26.026750690251426
2023-09-03,25.925543160643226
2023-09-04,26.23783384059897
2023-09-05,26.773497283246435
2023-09-06,26.612299758049065
2023-09-07,24.915247218636804
2023-09-08,24.17348980320353
2023-09-09,26.621310260842808
2023-09-10,25.016014090425365
2023-09-11,25.820525742864596
2023-09-12,25.163302748161318
2023-09-13,24.725002560175366
2023-09-14,26.36890524680777
2023-09-15,26.524266855469417
2023-09-16,25.59176142243057
2023-09-17,24.183532382520802
2023-09-18,25.616316405892707
2023-09-19,26.27385768224659
2023-09-20,24.96474569639644
2023-09-21,26.1282060964912
2023-09-22,25.988489096781777
2023-09-23,26.40354355199457
2023-09-24,26.080061289404345
2023-09-25,25.313004819452708
2023-09-26,26.829034345591364
2023-09-27,25.877228785099096
2023-09-28,25.965336434331594
2023-09-29,25.32689821155536
2023-09-30,25.665111686602646
2023-10-01,25.350759566146138
2023-10-02,25.84326171843321
2023-10-03,27.0
2023-10-04,24.990876044048907
2023-10-05,24.814398141778394
2023-10-06,26.965892689232785
2023-10-07,25.781229605721464
2023-10-08,25.45059082704134
2023-10-09,26.637566046198554
2023-10-10,25.47590112311743
2023-10-11,27.0
2023-10-12,26.353314989253953
2023-10-13,25.52597077813592
2023-10-14,27.0
2023-10-15,25.419557656562542
2023-10-16,26.350339414474714
2023-10-17,26.02722356507064
2023-10-18,26.71531921718077
2023-10-19,26.883079194662486
2023-10-20,25.79788896208735
2023-10-21,25.233106214845016
2023-10-22,26.06704429711958
2023-10-23,25.25478509154139
2023-10-24,27.0
2023-10-25,25.79169457952476
2023-10-26,25.423216504111874
2023-10-27,25.790616120167087
2023-10-28,24.70033160894879
2023-10-29,24.944757419430296
2023-10-30,26.44633680795342
2023-10-31,25.12697907710347
2023-11-01,24.834329260303658
2023-11-02,25.922795445754144
2023-11-03,26.356718627915452
2023-11-04,26.009201916398478
2023-11-05,26.18200469775163
2023-11-06,24.93348558505359
2023-11-07,24.44608599986549
2023-11-08,26.470045318742525
2023-11-09,25.170647737926405
2023-11-10,25.19801263664545
2023-11-11,26.28007082483705
2023-11-12,25.716109056516284
2023-11-13,25.621963551100738
2023-11-14,26.794125832942587
2023-11-15,24.803638707566467
2023-11-16,25.878769298874676
2023-11-17,25.2440799548741
2023-11-18,25.366792179487664
2023-11-19,26.223037082766513
2023-11-20,25.482658202932843
2023-11-21,25.47778449277495
2023-11-22,25.825284274546124
2023-11-23,24.792369802959783
2023-11-24,24.433461105476063
2023-11-25,24.262384159131994
2023-11-26,23.58992331536414
2023-11-27,26.37812797510704
2023-11-28,24.13874308310176
2023-11-29,24.728121492267054
2023-11-30,24.66105223725154
2023-12-01,25.041649532359298
2023-12-02,25.368953370415205
2023-12-03,25.37157887558043
2023-12-04,24.33224947460037
2023-12-05,24.594429412623523
2023-12-06,24.88009478118345
2023-12-07,24.478951134575087
2023-12-08,25.74880350523364
2023-12-09,24.937860023285538
2023-12-10,25.079005975254606
2023-12-11,24.998929160709594
2023-12-12,25.32658029484951
2023-12-13,24.602024401634612
2023-12-14,23.537620898893874
2023-12-15,24.695220878406946
2023-12-16,23.929476513004282
2023-12-17,23.98534155816531
2023-12-18,24.735743720886497
2023-12-19,25.16198042040103
2023-12-20,24.27995234827045
2023-12-21,24.451120864264073
2023-12-22,25.396368190847184
2023-12-23,24.34323831788407
2023-12-24,25.96580494453614
2023-12-25,24.51043041328352
2023-12-26,22.85202675641083
2023-12-27,24.581935872310208
2023-12-28,24.29150155887593
2023-12-29,24.897678333248145
2023-12-30,24.436314673246567
2023-12-31,23.838489286191624
2024-01-01,23.048813677458682
2024-01-02,23.730022117880136
2024-01-03,23.251600759149916
2024-01-04,23.411344769295056
2024-01-05,24.200590270820413
2024-01-06,24.928529471447355
2024-01-07,24.00702263714748
2024-01-08,22.864944534937674
2024-01-09,23.98475702386117
2024-01-10,24.482820493478172
2024-01-11,23.19015293819934
2024-01-12,23.49519904422202
2024-01-13,23.571498752161624
2024-01-14,22.984198252915093
2024-01-15,23.960045708743984
2024-01-16,23.394428423361184
2024-01-17,23.745835997095117
2024-01-18,22.804226337109267
2024-01-19,23.092801952333403
2024-01-20,23.878493776949334
2024-01-21,23.085907609258022
2024-01-22,24.530097111579998
2024-01-23,23.016083902623638
2024-01-24,23.427998098808512
2024-01-25,23.898712113478595
2024-01-26,22.22851979543505
2024-01-27,21.964591720969842
2024-01-28,22.10529252986511
2024-01-29,24.033473946856315
2024-01-30,22.7401035497113
2024-01-31,24.894215874851877
2024-02-01,22.685914918566144
2024-02-02,23.187832445653147
2024-02-03,24.1162348197453
2024-02-04,24.419493704023825
2024-02-05,24.437117904712544
2024-02-06,23.81913064176385
2024-02-07,23.66970524908298
2024-02-08,23.347601916259812
2024-02-09,23.4580476809332
2024-02-10,22.508122926177705
2024-02-11,22.302373535216635
2024-02-12,22.854317868192755
2024-02-13,22.7195308581709
2024-02-14,22.503798775440554
2024-02-15,23.291351365452858
2024-02-16,23.455844057016744
2024-02-17,22.832698970036432
2024-02-18,23.789207259676484
2024-02-19,21.940318896019203
2024-02-20,22.588952320762882
2024-02-21,22.20820301862435
2024-02-22,21.389324053447247
2024-02-23,22.624404761124023
2024-02-24,22.583904090063502
2024-02-25,23.715856717604613
2024-02-26,23.085796833584407
2024-02-27,21.91556045913164
2024-02-28,23.919097917117465
2024-02-29,23.46518123085074
2024-03-01,23.007636391494792
2024-03-02,22.43182836578382
2024-03-03,21.909450790190284
2024-03-04,22.311699077022492
2024-03-05,23.32605057380567
2024-03-06,23.875319293862116
2024-03-07,23.629063625689675
2024-03-08,22.199786941142964
2024-03-09,21.751943836318084
2024-03-10,22.628498906872874
2024-03-11,21.2866831816693
2024-03-12,22.74603161702275
2024-03-13,22.412228577602388
2024-03-14,22.185574962474256
2024-03-15,21.392273558487023
2024-03-16,22.865366996529005
2024-03-17,22.130754380722227
2024-03-18,21.68301871272899
2024-03-19,20.49021045949997
2024-03-20,22.48088541381876
2024-03-21,23.740592323130485
2024-03-22,23.6632865717187
2024-03-23,22.181345100720165
2024-03-24,22.081189570724515
2024-03-25,22.832823276313245
2024-03-26,21.808271949310633
2024-03-27,22.72137299280921
2024-03-28,23.0498673283879
2024-03-29,23.376471390316148
2024-03-30,22.45203062227456
2024-03-31,22.384599195559964
2024-04-01,21.918125866295092
2024-04-02,21.9599491545372
2024-04-03,22.386788979117195
2024-04-04,22.809543991531186
2024-04-05,23.199464347467277
2024-04-06,22.005797612747234
2024-04-07,23.62147105173583
2024-04-08,22.395864575753684
2024-04-09,22.580249215958595
2024-04-10,22.082203723198205
2024-04-11,20.91881666736882
2024-04-12,23.24563383118914
2024-04-13,23.15409097446059
2024-04-14,22.453346730692918
2024-04-15,22.7096193296528
2024-04-16,23.036803430501443
2024-04-17,21.59525054387521
2024-04-18,22.332544983456707
2024-04-19,23.273174791732853
2024-04-20,21.85394878300473
2024-04-21,22.952653625533983
2024-04-22,21.81321282659044
2024-04-23,23.10541877784313
2024-04-24,22.7705023662516
2024-04-25,21.68182376058692
2024-04-26,23.64512419485714
2024-04-27,22.333403991935683
2024-04-28,22.29866839476557
2024-04-29,23.024880698687802
2024-04-30,23.70757019755321
2024-05-01,22.21188956187764
2024-05-02,22.98597474142461
2024-05-03,23.263191760044425
2024-05-04,23.468796858066355
2024-05-05,23.12810999970095
2024-05-06,22.769028440301295
2024-05-07,22.46834450290448
2024-05-08,23.13002438517481
2024-05-09,22.341642109686088
2024-05-10,21.069952929742556
2024-05-11,23.44358533635256
2024-05-12,23.794172578988817
2024-05-13,21.53111277241924
2024-05-14,22.502416804521708
2024-05-15,23.667007504159486
2024-05-16,24.69851875528873
2024-05-17,23.297793797329454
2024-05-18,22.79888889094758
2024-05-19,23.2059951783369
2024-05-20,24.32223934166255
2024-05-21,22.933717861832864
2024-05-22,22.852781375142193
2024-05-23,23.10086656039259
2024-05-24,22.798268626173183
2024-05-25,23.578511934233102
2024-05-26,24.65718611635714
2024-05-27,23.773551510070767
2024-05-28,23.39844158758529
2024-05-29,23.39871416170044
2024-05-30,22.53683322010369
2024-05-31,24.27751176971331
2024-06-01,23.6332920541294
2024-06-02,23.590051917338055
2024-06-03,25.980331039950336
2024-06-04,23.983200260171298
2024-06-05,23.276877998480042
2024-06-06,23.533872342145706
2024-06-07,24.66554934868044
2024-06-08,23.970356412606353
2024-06-09,22.913808672952168
2024-06-10,24.593697251885057
2024-06-11,23.51225870396021
2024-06-12,25.32107059215407
2024-06-13,24.795669567426387
2024-06-14,23.756446702505865
2024-06-15,24.996273055424048
2024-06-16,24.177094610465122
2024-06-17,24.75660715494486
2024-06-18,24.529075151766328
2024-06-19,23.627426968233678
2024-06-20,23.799515117377776
2024-06-21,25.001095945579525
2024-06-22,24.075895087865227
2024-06-23,24.057780493371297
2024-06-24,23.70181844135951
2024-06-25,24.696957743705955
2024-06-26,25.87419541400321
2024-06-27,23.713091038595877
2024-06-28,24.507191470869145
2024-06-29,25.508594824953292
2024-06-30,24.494014028445587
2024-07-01,24.89605699960049
2024-07-02,23.86525740506727
2024-07-03,24.938177615802644
2024-07-04,24.536676355007227
2024-07-05,25.386879263429233
2024-07-06,25.55709701178001
2024-07-07,26.567538806954097
2024-07-08,25.189355364398008
2024-07-09,25.040279329569156
2024-07-10,24.976734085393833
2024-07-11,24.621716808841168
2024-07-12,25.133956640481863
2024-07-13,24.71812997382899
2024-07-14,25.070526664499184
2024-07-15,25.902407079497127
2024-07-16,24.302777491267506
2024-07-17,25.83231634083605
2024-07-18,25.983193521217895
2024-07-19,25.005136251308873
2024-07-20,23.628808783473943
2024-07-21,24.71469876077508
2024-07-22,26.073873495482488
2024-07-23,25.175501406582807
2024-07-24,24.517250235436897
2024-07-25,24.888385628649704
2024-07-26,25.85483449709734
2024-07-27,25.6734851999223
2024-07-28,25.147582053282683
2024-07-29,25.08180472150124
2024-07-30,25.087775822227133
2024-07-31,24.739414602662265
2024-08-01,26.538623564552598
2024-08-02,25.204652004509715
2024-08-03,26.304353307219262
2024-08-04,26.538973308686096
2024-08-05,26.19421671769668
2024-08-06,25.214242848115212
2024-08-07,25.819590853422604
2024-08-08,25.540264228995333
2024-08-09,24.944443862326395
2024-08-10,25.82352744425201
2024-08-11,24.790189885561997
2024-08-12,26.465530471247455
2024-08-13,25.32714979619681
2024-08-14,25.81100511237387
2024-08-15,25.885885478361523
2024-08-16,25.52331511454731
2024-08-17,26.13176787089303
2024-08-18,25.40474735053741
2024-08-19,26.362745035202728
2024-08-20,24.82586284460407
2024-08-21,25.871276189684913
2024-08-22,27.0
2024-08-23,25.110735429080307
2024-08-24,25.34993254252403
2024-08-25,26.19700966716585
2024-08-26,25.975431226682055
2024-08-27,26.107140822995603
2024-08-28,26.215628937366958
2024-08-29,26.328520178433358
2024-08-30,26.671537990767675
2024-08-31,26.19166673784746
2024-09-01,25.74546854528354
2024-09-02,26.394212537377747
2024-09-03,27.0
2024-09-04,25.847201268428197
2024-09-05,25.26544134997069
2024-09-06,26.72963226505262
2024-09-07,25.87696778286738
2024-09-08,24.44641764076549
2024-09-09,26.566024353321456
2024-09-10,25.603131794021728
2024-09-11,25.919008568789955
2024-09-12,26.21877509787969
2024-09-13,26.123231112909764
2024-09-14,26.489474515254894
2024-09-15,25.690478243540383
2024-09-16,26.356436045745497
2024-09-17,25.817004845360703
2024-09-18,26.51676221508606
2024-09-19,26.430741033347466
2024-09-20,25.345047061214576
2024-09-21,26.759393472525396
2024-09-22,25.622865090693974
2024-09-23,26.56199549031124
2024-09-24,26.251254197450734
2024-09-25,27.0
2024-09-26,25.83177329855768
2024-09-27,25.739927854705808
2024-09-28,25.96659205878518
2024-09-29,25.76318341445271
2024-09-30,26.530080797324402
2024-10-01,24.832906534474
2024-10-02,25.2204407702042
2024-10-03,25.20374479899542
2024-10-04,26.609106434673613
2024-10-05,27.0
2024-10-06,25.854641726751538
2024-10-07,25.80076653787027
2024-10-08,25.958669279200528
2024-10-09,26.71314681275897
2024-10-10,25.240395162083605
2024-10-11,26.045625167230813
2024-10-12,26.550147104685614
2024-10-13,26.20653726456183
2024-10-14,25.976265234284
2024-10-15,26.531604918865195
2024-10-16,23.92545615368663
2024-10-17,26.27861303827325
2024-10-18,25.33216837876449
2024-10-19,24.494043029941793
2024-10-20,26.118340543754833
2024-10-21,26.706624778676268
2024-10-22,25.632971890128477
2024-10-23,26.37988177202467
2024-10-24,26.824714628358894
2024-10-25,26.599381707539184
2024-10-26,26.809315076621626
2024-10-27,26.162809255369904
2024-10-28,25.677690793618865
2024-10-29,24.484671004064303
2024-10-30,25.414561330692486
2024-10-31,24.976894331459683
2024-11-01,27.0
2024-11-02,25.403605650948716
2024-11-03,25.592177963682072
2024-11-04,25.87081108091589
2024-11-05,25.493763859512928
2024-11-06,26.627889194886308
2024-11-07,24.983257209159568
2024-11-08,25.53274884378197
2024-11-09,24.85386633817535
2024-11-10,24.426319167688217
2024-11-11,24.898509686302123
2024-11-12,25.276916352709726
2024-11-13,24.978112634349745
2024-11-14,24.769406782920868
2024-11-15,24.244858984647525
2024-11-16,25.145996866606055
2024-11-17,24.125473322461684
2024-11-18,25.685148358860463
2024-11-19,25.18488100058426
2024-11-20,24.080691187814757
2024-11-21,24.858082784494357
2024-11-22,24.521327229726396
2024-11-23,25.244330029906795
2024-11-24,25.93206590716292
2024-11-25,23.65375219917532
2024-11-26,25.019301239552007
2024-11-27,24.79889598221029
2024-11-28,25.352937082292417
2024-11-29,25.004059186940168
2024-11-30,24.300086311675756
2024-12-01,24.574599566671065
2024-12-02,24.212029333966168
2024-12-03,25.493608678617647
2024-12-04,24.72633276634437
2024-12-05,26.013122295868744
2024-12-06,24.610572353233337
2024-12-07,24.12777686518232
2024-12-08,23.534577482309782
2024-12-09,23.302393751640572
2024-12-10,23.426017112538563
2024-12-11,24.69213725031782
2024-12-12,24.83141682680297
2024-12-13,23.338569771040476
2024-12-14,25.04196613203338
2024-12-15,24.047283602480153
2024-12-16,24.458128343780025
2024-12-17,25.453843347536726
2024-12-18,24.922969791503355
2024-12-19,24.077090791021124
2024-12-20,23.611103197654096
2024-12-21,22.698546948672004
2024-12-22,23.671303768772376
2024-12-23,23.99683559743048
2024-12-24,23.42354799233561
2024-12-25,23.99268081085529
2024-12-26,24.108393055608175
2024-12-27,23.86729150219233
2024-12-28,23.5398495988138
2024-12-29,24.083145997734306
2024-12-30,24.244766929678853
2024-12-31,23.14254308865125
