Date,Conductivity (ÂµS/cm)
2020-01-01,212.55011296918462
2020-01-02,209.03826018534818
2020-01-03,212.63232928589122
2020-01-04,216.67470567242142
2020-01-05,207.55592327182316
2020-01-06,207.22470171126977
2020-01-07,215.96180769206714
2020-01-08,211.575032827048
2020-01-09,205.06445842583463
2020-01-10,209.80055396451513
2020-01-11,204.4486369213423
2020-01-12,204.11719192806942
2020-01-13,207.33800582470084
2020-01-14,196.2464796003986
2020-01-15,196.87540403804374
2020-01-16,202.37818666678524
2020-01-17,199.8177105281587
2020-01-18,206.1480465094991
2020-01-19,199.73442548022015
2020-01-20,196.91364522440801
2020-01-21,211.00699602429071
2020-01-22,202.25651753432865
2020-01-23,203.4328322526266
2020-01-24,195.68447382072918
2020-01-25,199.8026410192876
2020-01-26,202.79890790269988
2020-01-27,196.21255084839004
2020-01-28,203.57279809246182
2020-01-29,198.4215502584893
2020-01-30,199.70043698630232
2020-01-31,197.8883397946713
2020-02-01,209.900113638274
2020-02-02,200.31704568677003
2020-02-03,194.84582081748093
2020-02-04,204.0010523583724
2020-02-05,193.54224347662566
2020-02-06,200.45316689329402
2020-02-07,189.3772091636292
2020-02-08,192.30573320486766
2020-02-09,199.70653392353478
2020-02-10,202.19465207263625
2020-02-11,199.14384430437556
2020-02-12,197.49810131240648
2020-02-13,196.36488259563464
2020-02-14,190.27662901924455
2020-02-15,193.87369498354826
2020-02-16,194.97829655682833
2020-02-17,202.3806299840333
2020-02-18,198.63164805284578
2020-02-19,187.9219566621881
2020-02-20,198.18629347278755
2020-02-21,194.4743445184477
2020-02-22,192.85424354588037
2020-02-23,199.14159562950616
2020-02-24,201.08788156598607
2020-02-25,200.44430799369667
2020-02-26,191.45223986269892
2020-02-27,193.96812367688204
2020-02-28,197.0418385362582
2020-02-29,200.14009870970315
2020-03-01,192.74890594296514
2020-03-02,194.10447351643748
2020-03-03,189.39470519736093
2020-03-04,188.8446105398507
2020-03-05,198.793218140688
2020-03-06,201.42244448237284
2020-03-07,194.19758545951711
2020-03-08,199.49745347681275
2020-03-09,196.21590629232838
2020-03-10,191.11587018737475
2020-03-11,196.08801502826546
2020-03-12,201.91663102768302
2020-03-13,193.99858852458115
2020-03-14,201.95808129372176
2020-03-15,180.99916825753735
2020-03-16,198.1763344867927
2020-03-17,194.476892123883
2020-03-18,192.52736893597
2020-03-19,194.46787826893035
2020-03-20,184.06382225390078
2020-03-21,192.90182576608865
2020-03-22,195.79019281796093
2020-03-23,201.4044699989139
2020-03-24,191.43994048552048
2020-03-25,190.01103252337097
2020-03-26,191.57283485913374
2020-03-27,198.69265245063133
2020-03-28,195.7993113599398
2020-03-29,191.55254907941773
2020-03-30,196.81934831768706
2020-03-31,194.79591141169837
2020-04-01,199.21709554723228
2020-04-02,190.9327677005001
2020-04-03,192.87968016356277
2020-04-04,192.63818079730908
2020-04-05,187.3676265062423
2020-04-06,196.25800570787686
2020-04-07,196.18057982906134
2020-04-08,195.00443695730922
2020-04-09,193.9151365845814
2020-04-10,188.12602513091002
2020-04-11,193.2200288097147
2020-04-12,193.7355937457822
2020-04-13,191.56918789955924
2020-04-14,194.91101167796327
2020-04-15,197.87997802802
2020-04-16,205.43831211300778
2020-04-17,197.03326213496823
2020-04-18,197.60640175474654
2020-04-19,196.10993631828433
2020-04-20,187.05701682891285
2020-04-21,196.69215145723786
2020-04-22,197.30480921915458
2020-04-23,209.50384244973685
2020-04-24,196.4147826487782
2020-04-25,199.07820564561976
2020-04-26,197.59565997132654
2020-04-27,192.1293880484088
2020-04-28,203.89520093743957
2020-04-29,202.15374814201837
2020-04-30,202.56686319753646
2020-05-01,194.28694655645506
2020-05-02,206.0745298007494
2020-05-03,192.2824042267589
2020-05-04,202.46140470308308
2020-05-05,210.71914568341438
2020-05-06,195.05815183331362
2020-05-07,197.42745600751277
2020-05-08,201.0093844487793
2020-05-09,198.24992936457343
2020-05-10,193.2740916239697
2020-05-11,201.63416885622658
2020-05-12,196.24754646255212
2020-05-13,204.1984247508734
2020-05-14,197.50834508961572
2020-05-15,210.1336665560117
2020-05-16,198.74969841249646
2020-05-17,201.34098615561925
2020-05-18,207.30748265608236
2020-05-19,197.37736627051922
2020-05-20,204.96388079597855
2020-05-21,210.6602027682126
2020-05-22,196.3879070248781
2020-05-23,205.6521638746045
2020-05-24,206.33482713643392
2020-05-25,209.25360250787793
2020-05-26,199.47137439336328
2020-05-27,199.36795715045918
2020-05-28,208.89643970321234
2020-05-29,208.09043250835248
2020-05-30,208.17894180820196
2020-05-31,208.98178305560262
2020-06-01,204.17448315826024
2020-06-02,209.06284399267923
2020-06-03,209.69571370888121
2020-06-04,204.98907975918607
2020-06-05,218.22180665340005
2020-06-06,211.59570928443992
2020-06-07,203.60505225390344
2020-06-08,213.18067804579675
2020-06-09,205.3620574519985
2020-06-10,214.50956013508272
2020-06-11,216.7068014817514
2020-06-12,207.15101296597615
2020-06-13,216.41271974823457
2020-06-14,214.00187068573382
2020-06-15,216.39100482522355
2020-06-16,222.10791637722335
2020-06-17,211.74066607552058
2020-06-18,209.54288694575763
2020-06-19,209.20816072875567
2020-06-20,209.92094857517282
2020-06-21,213.9587585760462
2020-06-22,216.39419210653813
2020-06-23,216.41584734111518
2020-06-24,219.5119647812265
2020-06-25,215.78430543413847
2020-06-26,223.32970433473525
2020-06-27,215.08087673179728
2020-06-28,230.3464212752134
2020-06-29,220.21451315211064
2020-06-30,213.14007510154815
2020-07-01,212.4100717065593
2020-07-02,220.5144520735883
2020-07-03,217.32111633345403
2020-07-04,222.34345779057946
2020-07-05,221.47325402519147
2020-07-06,219.07501858739775
2020-07-07,215.53568006727016
2020-07-08,212.52418836969645
2020-07-09,218.19281847351218
2020-07-10,225.03245196349962
2020-07-11,222.14399116417843
2020-07-12,215.1657969642535
2020-07-13,222.57917275412805
2020-07-14,223.95634668276364
2020-07-15,217.92458487124065
2020-07-16,223.42413738073625
2020-07-17,223.25563042703823
2020-07-18,217.5561539289039
2020-07-19,225.36361360405718
2020-07-20,226.6794336350407
2020-07-21,229.58867509291846
2020-07-22,229.73732240748552
2020-07-23,217.8717565909805
2020-07-24,220.35958106377677
2020-07-25,227.90921146186565
2020-07-26,228.18493522363707
2020-07-27,228.4697721707455
2020-07-28,245.43319485557612
2020-07-29,229.2953875222832
2020-07-30,232.38647421870655
2020-07-31,231.74260003816565
2020-08-01,230.48964862137456
2020-08-02,225.91252615345718
2020-08-03,231.5359014469397
2020-08-04,224.12504046834508
2020-08-05,227.04903941193544
2020-08-06,226.04606302677274
2020-08-07,229.11771115621133
2020-08-08,240.51273458729864
2020-08-09,219.8297902066125
2020-08-10,232.8195974895513
2020-08-11,221.54233766546724
2020-08-12,227.45925380618837
2020-08-13,235.47197474833035
2020-08-14,230.55218127562455
2020-08-15,225.04080717640176
2020-08-16,227.04689398101632
2020-08-17,234.21035685736294
2020-08-18,227.3445086719649
2020-08-19,232.25757211342594
2020-08-20,231.576986294111
2020-08-21,228.25983236485575
2020-08-22,242.40107064549392
2020-08-23,235.00922204078103
2020-08-24,221.86690445975682
2020-08-25,233.07254782989986
2020-08-26,228.97362743986474
2020-08-27,236.6815924283138
2020-08-28,228.58822997942042
2020-08-29,232.10306236912402
2020-08-30,235.3220575537402
2020-08-31,237.24070371939345
2020-09-01,227.0196482906242
2020-09-02,231.45219035263338
2020-09-03,230.84786912164122
2020-09-04,230.0481525902285
2020-09-05,242.22854963843565
2020-09-06,235.50691765825317
2020-09-07,227.25254705843793
2020-09-08,238.21543914070605
2020-09-09,244.300257320105
2020-09-10,238.90931515063545
2020-09-11,226.201800071977
2020-09-12,231.42327382402738
2020-09-13,240.21891388381212
2020-09-14,230.3800325948497
2020-09-15,236.16559660289425
2020-09-16,237.84187869025797
2020-09-17,229.35034786690326
2020-09-18,233.6977432592888
2020-09-19,217.79347809437846
2020-09-20,228.8763949664233
2020-09-21,232.72808485678135
2020-09-22,227.73867840187643
2020-09-23,242.12039973696602
2020-09-24,226.78247114528025
2020-09-25,231.70188378852902
2020-09-26,234.51883987177874
2020-09-27,241.02864772519968
2020-09-28,226.5942410487496
2020-09-29,239.5347817600514
2020-09-30,233.70969634469756
2020-10-01,228.68473057767005
2020-10-02,235.83072838396373
2020-10-03,234.43766241044858
2020-10-04,230.3576712746873
2020-10-05,233.6184213962331
2020-10-06,231.24778835543714
2020-10-07,233.64120665886517
2020-10-08,236.27788497284865
2020-10-09,240.78530694853518
2020-10-10,226.54854943177438
2020-10-11,243.27964549404092
2020-10-12,222.72537544624936
2020-10-13,231.59274704600998
2020-10-14,235.1536786343072
2020-10-15,233.47207538516884
2020-10-16,228.80328821559522
2020-10-17,230.72053520080348
2020-10-18,229.13523940617654
2020-10-19,228.48730258946537
2020-10-20,235.51085304610334
2020-10-21,232.87152082482177
2020-10-22,227.440433170758
2020-10-23,235.216508965539
2020-10-24,232.06358157886123
2020-10-25,234.39507162311313
2020-10-26,233.27774313603697
2020-10-27,225.77868222104195
2020-10-28,226.91209190058945
2020-10-29,233.23414885295713
2020-10-30,232.3296235829782
2020-10-31,228.94882858081942
2020-11-01,229.41107713351582
2020-11-02,234.97947556067186
2020-11-03,225.39568132934008
2020-11-04,230.84715910799375
2020-11-05,226.8546612755701
2020-11-06,226.5270621734042
2020-11-07,232.85516154420662
2020-11-08,231.23020888912185
2020-11-09,230.90864244473448
2020-11-10,233.1026503276883
2020-11-11,226.41071120743032
2020-11-12,229.44224612097327
2020-11-13,224.2043712628822
2020-11-14,227.0962771205287
2020-11-15,224.5410699763651
2020-11-16,225.38978859577662
2020-11-17,227.59038609042324
2020-11-18,220.2301444041497
2020-11-19,234.48677264734283
2020-11-20,218.69536723467527
2020-11-21,217.3522470895386
2020-11-22,228.9086882376695
2020-11-23,226.76868915682456
2020-11-24,225.62060588465187
2020-11-25,225.3288467226338
2020-11-26,221.81057166889477
2020-11-27,217.06788744665013
2020-11-28,221.613297405564
2020-11-29,217.52643769585413
2020-11-30,225.46376831157937
2020-12-01,219.52685391120585
2020-12-02,215.80677040150726
2020-12-03,217.99768429571935
2020-12-04,221.33796712593826
2020-12-05,216.12182084559885
2020-12-06,214.49501142678008
2020-12-07,219.48885436625548
2020-12-08,219.15829065141514
2020-12-09,215.0606158376556
2020-12-10,214.90094873067872
2020-12-11,218.0762336251857
2020-12-12,209.334541841565
2020-12-13,209.19586127055112
2020-12-14,212.2985138900818
2020-12-15,214.48049382611003
2020-12-16,216.7588033753059
2020-12-17,222.23722574483838
2020-12-18,218.80466692055273
2020-12-19,213.37244728795665
2020-12-20,213.7327790227128
2020-12-21,208.4709843722683
2020-12-22,213.04698965994746
2020-12-23,211.35244125808345
2020-12-24,214.0658632170212
2020-12-25,207.9731102858944
2020-12-26,214.36355242877195
2020-12-27,219.0887310159613
2020-12-28,210.54021531931824
2020-12-29,212.75241835172437
2020-12-30,213.85538824404432
2020-12-31,208.0604398446993
2021-01-01,214.18700461318056
2021-01-02,212.79254369511307
2021-01-03,212.88226708813193
2021-01-04,208.19450747110395
2021-01-05,211.84924101673457
2021-01-06,213.88537795224292
2021-01-07,218.3214616535054
2021-01-08,215.5342133117095
2021-01-09,221.17774264306718
2021-01-10,206.25101593214507
2021-01-11,214.12732856900803
2021-01-12,210.36255072461248
2021-01-13,220.07720913295904
2021-01-14,204.77138939691181
2021-01-15,204.30138398970504
2021-01-16,205.19266108577
2021-01-17,197.2623875082818
2021-01-18,204.94803473811893
2021-01-19,203.47888255005773
2021-01-20,207.7271326634655
2021-01-21,208.38753205856872
2021-01-22,215.76625323284077
2021-01-23,210.84731042011722
2021-01-24,202.92369647348445
2021-01-25,201.0324812851717
2021-01-26,207.70389081168307
2021-01-27,198.36635270039835
2021-01-28,213.85160183000522
2021-01-29,210.32194431168975
2021-01-30,201.81302747474518
2021-01-31,195.3312002103639
2021-02-01,210.40808458655638
2021-02-02,202.8118325841966
2021-02-03,209.32345702212774
2021-02-04,194.91618950388462
2021-02-05,199.6495866117119
2021-02-06,202.43506741686116
2021-02-07,202.4104627518518
2021-02-08,199.6963360919636
2021-02-09,204.83647740592664
2021-02-10,196.1642170257462
2021-02-11,200.57510547331924
2021-02-12,201.67782088290718
2021-02-13,203.44259524387485
2021-02-14,204.22731336152614
2021-02-15,194.84970556633246
2021-02-16,192.61091955794916
2021-02-17,206.48340296243126
2021-02-18,201.57512666490143
2021-02-19,195.994724756219
2021-02-20,207.32163350342617
2021-02-21,199.9781290919936
2021-02-22,205.13533946772927
2021-02-23,199.42080659235236
2021-02-24,209.23662357791625
2021-02-25,207.5646116103317
2021-02-26,197.40350673641674
2021-02-27,203.3720403109099
2021-02-28,201.61240112716615
2021-03-01,205.1055308617531
2021-03-02,193.32015982929107
2021-03-03,201.46302569974878
2021-03-04,203.21850250163902
2021-03-05,189.03194622813848
2021-03-06,191.81429646538814
2021-03-07,187.44508345071822
2021-03-08,196.210601895196
2021-03-09,201.06750026633244
2021-03-10,204.91951142757034
2021-03-11,197.71194286249923
2021-03-12,205.42411472857984
2021-03-13,190.32594090427872
2021-03-14,188.66080652335515
2021-03-15,196.85712452016864
2021-03-16,199.01822102268258
2021-03-17,196.90334822444612
2021-03-18,186.70444628249277
2021-03-19,196.57680549073538
2021-03-20,190.48672688372858
2021-03-21,200.35002957105544
2021-03-22,198.83317643576046
2021-03-23,192.3052310287654
2021-03-24,194.44566518852287
2021-03-25,191.73522396744397
2021-03-26,196.74010505147103
2021-03-27,201.8573316795626
2021-03-28,192.18701163044324
2021-03-29,199.67578838923058
2021-03-30,194.55006200639073
2021-03-31,193.28864699080856
2021-04-01,196.77537186518538
2021-04-02,192.19765898247095
2021-04-03,194.67478664315095
2021-04-04,191.52860143360735
2021-04-05,207.42234722755182
2021-04-06,197.86151900676154
2021-04-07,194.27877678259105
2021-04-08,198.945203021833
2021-04-09,197.41722942564277
2021-04-10,196.983224253791
2021-04-11,201.27371234137922
2021-04-12,202.11079397377802
2021-04-13,195.79666059036342
2021-04-14,195.70148304244393
2021-04-15,197.3421817505351
2021-04-16,187.35011792026935
2021-04-17,191.43142729596238
2021-04-18,205.99474440803166
2021-04-19,207.54348836863915
2021-04-20,198.23698569933327
2021-04-21,202.53365772068688
2021-04-22,201.38097160720162
2021-04-23,215.39806221172563
2021-04-24,205.7855064444833
2021-04-25,199.73699951528002
2021-04-26,195.79276673094958
2021-04-27,192.7369872185649
2021-04-28,201.99009641584257
2021-04-29,197.39933313844293
2021-04-30,194.28281443059612
2021-05-01,198.3788390411086
2021-05-02,196.4261438123568
2021-05-03,210.49626642143173
2021-05-04,206.69985832546755
2021-05-05,202.48725602749866
2021-05-06,210.16658824881463
2021-05-07,203.39767499720514
2021-05-08,198.95252364888532
2021-05-09,211.12674800968938
2021-05-10,206.46185785357773
2021-05-11,198.84117800766808
2021-05-12,203.33966059177843
2021-05-13,200.18097376425888
2021-05-14,197.9164639428758
2021-05-15,209.73635399844295
2021-05-16,214.93107773327463
2021-05-17,198.67312700508194
2021-05-18,208.76613992010047
2021-05-19,202.98668372362488
2021-05-20,204.09606093386552
2021-05-21,203.86461150176356
2021-05-22,202.80453514840138
2021-05-23,207.66793133740836
2021-05-24,203.57424399988778
2021-05-25,209.38769729409097
2021-05-26,208.0932976017457
2021-05-27,207.46138771342163
2021-05-28,204.43242190567256
2021-05-29,206.40287522228618
2021-05-30,213.38246527131534
2021-05-31,212.43106349459447
2021-06-01,205.361765784125
2021-06-02,211.07126829329883
2021-06-03,214.65851112373318
2021-06-04,202.88332493678095
2021-06-05,214.27763781121757
2021-06-06,208.57981530294703
2021-06-07,215.07953802284678
2021-06-08,208.7452739572041
2021-06-09,203.873499499305
2021-06-10,205.0977536137193
2021-06-11,213.81456184967737
2021-06-12,215.2124360953218
2021-06-13,209.73284143221264
2021-06-14,217.7888013958998
2021-06-15,206.63036573970652
2021-06-16,214.9503050320145
2021-06-17,209.56887046514132
2021-06-18,212.70842611652412
2021-06-19,216.54856112412716
2021-06-20,212.35366605046352
2021-06-21,215.07722227885088
2021-06-22,222.37573116918892
2021-06-23,214.80397288483917
2021-06-24,222.21085390479078
2021-06-25,212.72751426275832
2021-06-26,221.36831686432535
2021-06-27,226.26987705223817
2021-06-28,207.0459383973506
2021-06-29,215.76109916491293
2021-06-30,222.97153704918833
2021-07-01,219.41063595341458
2021-07-02,222.6202635637214
2021-07-03,218.0821640637933
2021-07-04,221.8713791974478
2021-07-05,220.99506914315862
2021-07-06,227.94597621062277
2021-07-07,223.71126736718819
2021-07-08,224.4576619679882
2021-07-09,221.03903966251343
2021-07-10,220.9873621134848
2021-07-11,221.58766705278416
2021-07-12,226.04578315541892
2021-07-13,222.28956845371215
2021-07-14,226.1621424093542
2021-07-15,235.40676377734664
2021-07-16,229.69949556940477
2021-07-17,224.0253941901694
2021-07-18,231.97065644562795
2021-07-19,224.23062855294927
2021-07-20,216.3840541264265
2021-07-21,221.8350794486125
2021-07-22,217.8194592719128
2021-07-23,225.71074472710444
2021-07-24,227.85219532671374
2021-07-25,236.4308928247288
2021-07-26,229.9686719946432
2021-07-27,227.52050282503168
2021-07-28,233.0415616451327
2021-07-29,218.1138608572631
2021-07-30,230.6190077593602
2021-07-31,233.56297198723837
2021-08-01,222.5796599918004
2021-08-02,235.95146258088022
2021-08-03,232.181354414131
2021-08-04,228.66461577496935
2021-08-05,234.15307587156437
2021-08-06,242.58659673465746
2021-08-07,232.38221204121075
2021-08-08,232.9494433907814
2021-08-09,229.64263725622988
2021-08-10,227.9168943222473
2021-08-11,236.53997562039996
2021-08-12,228.32549789187118
2021-08-13,233.17674432123252
2021-08-14,230.63893452966792
2021-08-15,235.6256803088792
2021-08-16,235.09784159248304
2021-08-17,238.81111224860567
2021-08-18,231.26228611841583
2021-08-19,232.6469671540837
2021-08-20,229.2814605866045
2021-08-21,232.12766079421138
2021-08-22,236.4043365681091
2021-08-23,238.46629328209403
2021-08-24,230.22880030830282
2021-08-25,239.34064699357316
2021-08-26,241.91846555007746
2021-08-27,237.34973427982519
2021-08-28,244.803404817123
2021-08-29,231.68188767606605
2021-08-30,229.45347105990143
2021-08-31,226.90351991431652
2021-09-01,243.39214930598877
2021-09-02,239.29295860767337
2021-09-03,235.84677317728583
2021-09-04,237.62243880904512
2021-09-05,230.68735351660519
2021-09-06,248.63003833511428
2021-09-07,237.12811501332453
2021-09-08,237.10394080313762
2021-09-09,240.25496252492565
2021-09-10,239.0945224937254
2021-09-11,237.86640896927537
2021-09-12,232.8462776245205
2021-09-13,239.20178597403861
2021-09-14,246.29448062025418
2021-09-15,243.64548015371847
2021-09-16,244.9124325953601
2021-09-17,234.41263004095535
2021-09-18,232.03697612350078
2021-09-19,236.36643543909958
2021-09-20,237.2784393561673
2021-09-21,242.4692907654495
2021-09-22,228.52860246517307
2021-09-23,244.62534590900373
2021-09-24,236.1683037244129
2021-09-25,234.7987726853463
2021-09-26,231.8415843457131
2021-09-27,228.59085362601942
2021-09-28,240.93813419967867
2021-09-29,237.14014164058884
2021-09-30,230.26915850057134
2021-10-01,230.18313717928154
2021-10-02,234.91335033645916
2021-10-03,244.86531863909434
2021-10-04,235.1444071757632
2021-10-05,228.84304089489075
2021-10-06,235.04069565085325
2021-10-07,234.81073849100758
2021-10-08,222.58918671790107
2021-10-09,235.69575726765436
2021-10-10,234.700550216765
2021-10-11,239.2186587499757
2021-10-12,244.85925909548632
2021-10-13,241.11863959160067
2021-10-14,234.00722906841372
2021-10-15,229.67946305817597
2021-10-16,247.93391506274298
2021-10-17,235.2128779847706
2021-10-18,234.83079291215458
2021-10-19,234.4796186439207
2021-10-20,235.4245501780257
2021-10-21,233.54104050137852
2021-10-22,231.21813336059535
2021-10-23,231.17068644085933
2021-10-24,233.55474323729274
2021-10-25,230.80996011880936
2021-10-26,229.7665321155325
2021-10-27,233.6617500648784
2021-10-28,231.64877118854804
2021-10-29,240.23296204448775
2021-10-30,219.24283178537576
2021-10-31,237.7353065154232
2021-11-01,238.2837625131283
2021-11-02,221.45748905493116
2021-11-03,229.877713111328
2021-11-04,229.49633394354026
2021-11-05,224.07411372855444
2021-11-06,226.97654109978518
2021-11-07,225.06258896221115
2021-11-08,239.1226295013888
2021-11-09,234.78151910991903
2021-11-10,236.19886973970208
2021-11-11,233.18361661213285
2021-11-12,223.6604331431804
2021-11-13,226.40987993309957
2021-11-14,231.20257785198908
2021-11-15,222.36480631362676
2021-11-16,231.75677739906547
2021-11-17,226.70318178002233
2021-11-18,225.74049692549067
2021-11-19,230.87604766133452
2021-11-20,229.2461528263457
2021-11-21,224.92062331307838
2021-11-22,232.2198391702985
2021-11-23,220.7128172321697
2021-11-24,228.89005372173122
2021-11-25,228.465513089233
2021-11-26,223.63938697974248
2021-11-27,226.50247064433992
2021-11-28,218.29859142215278
2021-11-29,228.85440971062988
2021-11-30,222.98773557119972
2021-12-01,220.97455454189543
2021-12-02,228.507186947901
2021-12-03,219.412537932756
2021-12-04,215.56230702216652
2021-12-05,214.49016398694064
2021-12-06,224.97049336634691
2021-12-07,215.20396664213084
2021-12-08,230.04438921871773
2021-12-09,210.52381075645292
2021-12-10,229.07761355596145
2021-12-11,221.31122759478342
2021-12-12,219.43241837904554
2021-12-13,216.8503681150069
2021-12-14,221.22886071419424
2021-12-15,218.70256148421973
2021-12-16,224.0642389947519
2021-12-17,218.77540379062606
2021-12-18,218.6119534674
2021-12-19,215.69830774347338
2021-12-20,216.88741181916845
2021-12-21,218.36686890668653
2021-12-22,207.93278923217423
2021-12-23,209.39862822938085
2021-12-24,219.51205492279772
2021-12-25,216.30659760597044
2021-12-26,214.18934832189262
2021-12-27,214.85898952289307
2021-12-28,216.16294497775675
2021-12-29,211.3852176600557
2021-12-30,209.8523361142181
2021-12-31,214.38389456097715
2022-01-01,211.1746783160533
2022-01-02,217.77084546977645
2022-01-03,206.88096857419856
2022-01-04,220.2053345770095
2022-01-05,217.08967755750507
2022-01-06,215.67553516758505
2022-01-07,218.97919853425776
2022-01-08,222.06523140359633
2022-01-09,218.48368068060003
2022-01-10,203.8833825899271
2022-01-11,206.36784055172612
2022-01-12,209.3217478074423
2022-01-13,212.25864971792484
2022-01-14,214.4011759260332
2022-01-15,207.8712741348416
2022-01-16,212.1234581353755
2022-01-17,207.1049514680642
2022-01-18,207.519220831563
2022-01-19,203.2412403735851
2022-01-20,205.35899750052997
2022-01-21,202.92032915160127
2022-01-22,204.50603277187466
2022-01-23,214.36340021222617
2022-01-24,204.06122030763675
2022-01-25,221.68646496610046
2022-01-26,210.710884458555
2022-01-27,208.89169935397592
2022-01-28,203.4025190998274
2022-01-29,210.92629310512828
2022-01-30,204.28071660407986
2022-01-31,207.5069219290451
2022-02-01,219.4391454070733
2022-02-02,205.90423231183644
2022-02-03,211.8807420936888
2022-02-04,202.372445672227
2022-02-05,205.47151927399597
2022-02-06,214.2628520964478
2022-02-07,202.04072449408926
2022-02-08,214.00890623934447
2022-02-09,208.26098742146652
2022-02-10,201.68998529318785
2022-02-11,207.4490415937033
2022-02-12,208.93911497248132
2022-02-13,206.97945088466707
2022-02-14,195.8181153716294
2022-02-15,199.83723014639747
2022-02-16,202.04389723386973
2022-02-17,202.72285170743848
2022-02-18,206.01691709275684
2022-02-19,203.62566244366803
2022-02-20,195.88915183226305
2022-02-21,204.30074517555911
2022-02-22,205.29178227382926
2022-02-23,204.882166424957
2022-02-24,207.33678758127942
2022-02-25,205.9575181708602
2022-02-26,203.9442278749543
2022-02-27,201.1633569988449
2022-02-28,193.08071671166044
2022-03-01,203.41046416975428
2022-03-02,202.18321556800714
2022-03-03,202.39066258573345
2022-03-04,194.54263718828952
2022-03-05,195.42036095821274
2022-03-06,205.99635329538154
2022-03-07,200.44346857023544
2022-03-08,203.9651395542819
2022-03-09,200.62138086800493
2022-03-10,200.55650686456892
2022-03-11,205.03288799028036
2022-03-12,197.70081335963653
2022-03-13,200.7070520800581
2022-03-14,197.8663422766057
2022-03-15,197.96238187749015
2022-03-16,198.55203316064285
2022-03-17,201.17749082308515
2022-03-18,197.64791367437476
2022-03-19,206.30118631616693
2022-03-20,195.53603787515533
2022-03-21,199.06730860609846
2022-03-22,197.80152991390534
2022-03-23,207.23951938217084
2022-03-24,200.99777365776418
2022-03-25,205.1905142742319
2022-03-26,192.62569867265205
2022-03-27,201.41687140640272
2022-03-28,204.56379584023813
2022-03-29,200.5669757580185
2022-03-30,205.5287519735797
2022-03-31,197.6665689016184
2022-04-01,207.35726086588608
2022-04-02,211.86836121266407
2022-04-03,198.62884036768855
2022-04-04,198.29047828954774
2022-04-05,207.8656439485584
2022-04-06,208.58306197555646
2022-04-07,198.16310418678765
2022-04-08,198.7743693826826
2022-04-09,199.5699466297944
2022-04-10,194.36581969628574
2022-04-11,196.6096191087411
2022-04-12,196.30255158978116
2022-04-13,197.61017850289542
2022-04-14,201.4071498087334
2022-04-15,202.88851389897593
2022-04-16,209.61222620801766
2022-04-17,197.01561240326117
2022-04-18,207.08198506319195
2022-04-19,201.24870558000518
2022-04-20,202.23484734885298
2022-04-21,206.02497036624106
2022-04-22,197.21111072667244
2022-04-23,204.91570690036968
2022-04-24,204.01989292837573
2022-04-25,205.8388437927246
2022-04-26,205.0163121534908
2022-04-27,216.04571951940724
2022-04-28,200.78407831524987
2022-04-29,201.52610208985536
2022-04-30,201.27838034646066
2022-05-01,201.83431786651997
2022-05-02,201.64694819389618
2022-05-03,211.00564090160665
2022-05-04,212.3941807806696
2022-05-05,202.67338776533435
2022-05-06,201.60508968884335
2022-05-07,208.36791124089908
2022-05-08,203.4978294341218
2022-05-09,209.67578671211862
2022-05-10,207.78192273941093
2022-05-11,199.4486882043142
2022-05-12,215.02887998884677
2022-05-13,216.53845339666026
2022-05-14,204.76651914527554
2022-05-15,206.16695846110483
2022-05-16,209.8133214845485
2022-05-17,210.33824882411275
2022-05-18,212.24401510001178
2022-05-19,219.29091926306577
2022-05-20,208.64695171521876
2022-05-21,205.83509490026566
2022-05-22,203.22789285672783
2022-05-23,206.77067299797463
2022-05-24,210.56335971757397
2022-05-25,220.00820248278072
2022-05-26,208.75643165381052
2022-05-27,212.77506770594817
2022-05-28,211.88812573551678
2022-05-29,218.22869824236827
2022-05-30,225.24017127155466
2022-05-31,210.27213369187098
2022-06-01,210.80234479552664
2022-06-02,218.79541115149806
2022-06-03,217.31103295500577
2022-06-04,223.46388797106798
2022-06-05,217.48047777594772
2022-06-06,213.09647364374095
2022-06-07,218.17981883334252
2022-06-08,221.10508764283122
2022-06-09,220.00032090861444
2022-06-10,218.77183595867163
2022-06-11,221.90751056431623
2022-06-12,222.76030153894274
2022-06-13,224.16521951292233
2022-06-14,220.83938853996116
2022-06-15,217.10237564946704
2022-06-16,219.0142724574177
2022-06-17,224.6564962964954
2022-06-18,214.88292830059873
2022-06-19,221.15493431190959
2022-06-20,217.68903881524648
2022-06-21,220.1437241146741
2022-06-22,226.7365264361532
2022-06-23,221.64392757255442
2022-06-24,221.26457608524584
2022-06-25,214.5767678311468
2022-06-26,225.45056380488504
2022-06-27,225.28945485465405
2022-06-28,233.22043451451435
2022-06-29,221.2066842675003
2022-06-30,224.1819280516053
2022-07-01,224.67278130218332
2022-07-02,231.65180059568223
2022-07-03,223.62561233543764
2022-07-04,225.83353788893498
2022-07-05,227.8129378687017
2022-07-06,226.04011151810553
2022-07-07,223.20699507792946
2022-07-08,226.74009862210372
2022-07-09,231.46658324242463
2022-07-10,221.29281673679196
2022-07-11,227.41530636261663
2022-07-12,223.57291836883155
2022-07-13,233.36972400243766
2022-07-14,220.09733360095328
2022-07-15,225.23515054776152
2022-07-16,230.22993142756894
2022-07-17,236.48313199718032
2022-07-18,228.63583552944328
2022-07-19,226.49500778459102
2022-07-20,238.9804621495187
2022-07-21,222.63544150111832
2022-07-22,219.17938909394167
2022-07-23,232.66838439757765
2022-07-24,228.24983230900293
2022-07-25,225.9425421776988
2022-07-26,234.87581736231914
2022-07-27,232.835009037932
2022-07-28,229.0741405855316
2022-07-29,225.76801540894806
2022-07-30,236.80322161021806
2022-07-31,235.95965190759685
2022-08-01,232.4767119018027
2022-08-02,242.4658773450839
2022-08-03,228.13844854502815
2022-08-04,226.11342948984966
2022-08-05,230.52962619162673
2022-08-06,234.005202363858
2022-08-07,235.6895780125317
2022-08-08,233.50216016999806
2022-08-09,236.6997187365026
2022-08-10,228.908419048619
2022-08-11,242.60711955804504
2022-08-12,235.19516112945266
2022-08-13,241.40539229307618
2022-08-14,237.74084849538204
2022-08-15,238.51454727591616
2022-08-16,239.2783674672093
2022-08-17,238.86195532740274
2022-08-18,240.02598191202728
2022-08-19,243.64210448121273
2022-08-20,238.1578850140234
2022-08-21,240.8941458825345
2022-08-22,237.06915563144872
2022-08-23,244.88193627611463
2022-08-24,234.4576654188946
2022-08-25,246.99731955759896
2022-08-26,237.939486502831
2022-08-27,231.12868425311643
2022-08-28,239.05994782888664
2022-08-29,235.1455753842095
2022-08-30,242.87996232140213
2022-08-31,235.53400126232594
2022-09-01,236.68101058246893
2022-09-02,229.5734266711754
2022-09-03,236.86316493559272
2022-09-04,227.10319904430122
2022-09-05,231.39528463566847
2022-09-06,243.20335171775164
2022-09-07,243.41100989670255
2022-09-08,241.68425463903796
2022-09-09,234.79124868978613
2022-09-10,239.45091955433193
2022-09-11,239.72897615242687
2022-09-12,234.00682645578436
2022-09-13,247.3614356971944
2022-09-14,244.27116959075738
2022-09-15,238.81355905379527
2022-09-16,240.08092865713576
2022-09-17,241.01062246284906
2022-09-18,229.77632588267224
2022-09-19,238.75948312699484
2022-09-20,236.58989355473483
2022-09-21,234.99023312362016
2022-09-22,238.5854241493174
2022-09-23,248.96602694594827
2022-09-24,243.1625575236429
2022-09-25,237.07728308616944
2022-09-26,242.76502012879473
2022-09-27,246.86191416827828
2022-09-28,244.44544969443294
2022-09-29,240.0717036542477
2022-09-30,236.48427911074873
2022-10-01,243.1496476076676
2022-10-02,241.55970076001856
2022-10-03,243.99617711278603
2022-10-04,242.61822294099107
2022-10-05,244.60651923707795
2022-10-06,236.59323491348013
2022-10-07,245.76132666791756
2022-10-08,240.06161795607093
2022-10-09,249.34353596336976
2022-10-10,235.40928377736057
2022-10-11,247.41744594173485
2022-10-12,239.60403253807283
2022-10-13,235.22872442578964
2022-10-14,235.93224335091628
2022-10-15,236.6103560609127
2022-10-16,240.18794577850326
2022-10-17,240.53096325487567
2022-10-18,234.89264643289695
2022-10-19,237.4784711181658
2022-10-20,248.14547816724576
2022-10-21,245.90055841150178
2022-10-22,239.2680617433667
2022-10-23,237.09499853790228
2022-10-24,237.31866622196404
2022-10-25,239.59467383813026
2022-10-26,231.2167982029263
2022-10-27,234.84271623930218
2022-10-28,227.58073690626438
2022-10-29,237.7091127146007
2022-10-30,238.73366052585453
2022-10-31,232.861839944314
2022-11-01,242.9232703670903
2022-11-02,228.6956119019602
2022-11-03,227.26927668068066
2022-11-04,235.47579736631909
2022-11-05,239.34716371520432
2022-11-06,242.28526299502892
2022-11-07,231.3210468751956
2022-11-08,238.75468145142716
2022-11-09,232.91058479667817
2022-11-10,231.97795776502718
2022-11-11,236.99355597935005
2022-11-12,235.56730639133363
2022-11-13,224.1505204795772
2022-11-14,239.13840679447895
2022-11-15,238.37590212882375
2022-11-16,228.0639717406559
2022-11-17,232.88382643800006
2022-11-18,233.08475189465236
2022-11-19,231.6246166494366
2022-11-20,227.27331049968842
2022-11-21,226.36733730248352
2022-11-22,229.29541979852004
2022-11-23,234.981778966466
2022-11-24,231.52837645998207
2022-11-25,226.64693513896054
2022-11-26,232.04561272955414
2022-11-27,213.62909242997895
2022-11-28,233.2979878059398
2022-11-29,218.53570572070487
2022-11-30,225.100041546399
2022-12-01,220.9898201713599
2022-12-02,219.78873344011203
2022-12-03,231.73839032236242
2022-12-04,223.26610749742485
2022-12-05,227.00582926321374
2022-12-06,224.7058407152228
2022-12-07,226.99131754072786
2022-12-08,224.6545277640972
2022-12-09,217.51849667492868
2022-12-10,228.57666581174695
2022-12-11,220.78735734296376
2022-12-12,215.13307444509877
2022-12-13,220.43438774422208
2022-12-14,229.73697909560545
2022-12-15,226.14184370691146
2022-12-16,219.80446891262997
2022-12-17,219.45797702572372
2022-12-18,219.2522694040037
2022-12-19,230.90010872234686
2022-12-20,222.08181719893153
2022-12-21,221.9780682981816
2022-12-22,224.63504846561656
2022-12-23,220.33350113504198
2022-12-24,217.50052372358064
2022-12-25,217.47052116990585
2022-12-26,217.7512587065857
2022-12-27,217.5807086750169
2022-12-28,221.0631841691333
2022-12-29,217.343745490639
2022-12-30,220.40706012730757
2022-12-31,216.00108538494584
2023-01-01,219.4597181557089
2023-01-02,208.73857826854356
2023-01-03,222.97552496890017
2023-01-04,219.79199876987124
2023-01-05,222.71674069473812
2023-01-06,202.91410960504723
2023-01-07,227.50761713843383
2023-01-08,216.03991104050758
2023-01-09,221.95274443919698
2023-01-10,210.88822411095768
2023-01-11,218.82959491071747
2023-01-12,210.17876288005243
2023-01-13,212.00934966339165
2023-01-14,224.3830375930215
2023-01-15,213.54658119679218
2023-01-16,215.27678867888872
2023-01-17,218.2322047832746
2023-01-18,216.05521928638575
2023-01-19,214.0266403835441
2023-01-20,214.7999687434156
2023-01-21,224.6958301058743
2023-01-22,212.0973050515934
2023-01-23,213.10068646276181
2023-01-24,217.06148673183452
2023-01-25,217.05218430670342
2023-01-26,217.17944648195245
2023-01-27,214.1611698456475
2023-01-28,204.97928343708105
2023-01-29,218.5919013695888
2023-01-30,204.4271787701753
2023-01-31,211.41005018201346
2023-02-01,205.86734346563253
2023-02-02,209.06384007749472
2023-02-03,210.77818751377785
2023-02-04,210.49511387510782
2023-02-05,210.75606549765718
2023-02-06,216.4774052635635
2023-02-07,210.443231290598
2023-02-08,206.72588027290658
2023-02-09,212.54266358563095
2023-02-10,213.44967161728238
2023-02-11,201.14896382274074
2023-02-12,210.06334307359697
2023-02-13,210.3762647851356
2023-02-14,205.18142145428172
2023-02-15,213.35145009207992
2023-02-16,205.53121247646462
2023-02-17,206.72290112029643
2023-02-18,205.04819748358412
2023-02-19,205.81505267690912
2023-02-20,200.08449819133756
2023-02-21,198.1995015075578
2023-02-22,213.211378863535
2023-02-23,200.8484074437102
2023-02-24,199.9759222062248
2023-02-25,194.02095683009708
2023-02-26,201.45351874036461
2023-02-27,197.89873658910065
2023-02-28,212.59559717992224
2023-03-01,209.31145852080454
2023-03-02,200.70402540630297
2023-03-03,215.29494742647813
2023-03-04,208.83520750234905
2023-03-05,202.20148674271096
2023-03-06,191.23356045434915
2023-03-07,215.09595720247242
2023-03-08,196.60977373360078
2023-03-09,195.25279525256818
2023-03-10,208.5205783271384
2023-03-11,215.54023099209672
2023-03-12,210.20240109327597
2023-03-13,206.04599379561498
2023-03-14,206.15149042845735
2023-03-15,207.40194080855326
2023-03-16,206.89253672691987
2023-03-17,204.47277908476346
2023-03-18,203.5626623024515
2023-03-19,202.70944004880172
2023-03-20,199.23925144191946
2023-03-21,201.59829144257137
2023-03-22,194.5354011342993
2023-03-23,202.51293182642843
2023-03-24,198.07204423945174
2023-03-25,197.51334499080986
2023-03-26,203.9529712936043
2023-03-27,210.0416315087794
2023-03-28,207.70722489213253
2023-03-29,195.30305279352547
2023-03-30,198.25320941540124
2023-03-31,207.95686709206137
2023-04-01,198.39808669726662
2023-04-02,202.25070484458269
2023-04-03,206.1932936650096
2023-04-04,198.6762686222334
2023-04-05,204.12559909369966
2023-04-06,197.01507377231187
2023-04-07,200.77056610279791
2023-04-08,205.47421313887457
2023-04-09,196.01390100643857
2023-04-10,206.29044594125912
2023-04-11,204.1046898465287
2023-04-12,207.08570519562724
2023-04-13,205.56873699873935
2023-04-14,211.40127639553654
2023-04-15,205.34356274953285
2023-04-16,202.712696038321
2023-04-17,205.61887012211656
2023-04-18,207.876863215991
2023-04-19,205.56295015276123
2023-04-20,205.68512435313457
2023-04-21,202.14091446637428
2023-04-22,202.5102162467292
2023-04-23,198.99063181045096
2023-04-24,214.93551560324514
2023-04-25,200.1572712957274
2023-04-26,203.10594294497216
2023-04-27,203.17718249200678
2023-04-28,211.44740012122867
2023-04-29,205.70633847340432
2023-04-30,213.63279334195317
2023-05-01,204.2442503411019
2023-05-02,209.22885464154777
2023-05-03,203.88382297977012
2023-05-04,219.01740517958726
2023-05-05,202.58912713893417
2023-05-06,210.31597110549964
2023-05-07,212.17971786362756
2023-05-08,211.32794014278414
2023-05-09,208.58468932895255
2023-05-10,209.1182041364873
2023-05-11,210.24646613919592
2023-05-12,209.55634397405402
2023-05-13,215.3784606151572
2023-05-14,221.88307760565422
2023-05-15,208.31800733574556
2023-05-16,204.5349796330286
2023-05-17,211.22455463242136
2023-05-18,224.8498404249192
2023-05-19,208.22152372938535
2023-05-20,220.72727187990935
2023-05-21,221.21508519334012
2023-05-22,210.35654778826049
2023-05-23,216.2702385936106
2023-05-24,221.87097769758566
2023-05-25,212.13977446025436
2023-05-26,213.32658634847957
2023-05-27,211.74772337801045
2023-05-28,209.8964565624162
2023-05-29,212.04034414979782
2023-05-30,209.48580780837526
2023-05-31,216.09689489776872
2023-06-01,212.39967585282454
2023-06-02,217.74353632510645
2023-06-03,209.12209727585608
2023-06-04,218.8847525034601
2023-06-05,221.72848165736252
2023-06-06,207.924255884819
2023-06-07,220.09682752911885
2023-06-08,224.69991470228314
2023-06-09,212.84970490917158
2023-06-10,227.59832773732364
2023-06-11,221.6692321632007
2023-06-12,216.38876430792234
2023-06-13,219.97557916944618
2023-06-14,223.38747366462155
2023-06-15,221.31799300811338
2023-06-16,223.97448398748293
2023-06-17,217.02058349855676
2023-06-18,222.81441077571532
2023-06-19,215.24299528302018
2023-06-20,222.09960257013978
2023-06-21,218.48046179267604
2023-06-22,219.66661741016787
2023-06-23,229.8688981085071
2023-06-24,229.4889439474364
2023-06-25,227.42173914058228
2023-06-26,219.25773215138605
2023-06-27,223.47999170047467
2023-06-28,231.46964939788296
2023-06-29,226.45416001046482
2023-06-30,237.68282411319407
2023-07-01,228.3924520806014
2023-07-02,227.72477977931504
2023-07-03,225.55650767635987
2023-07-04,228.10613478399472
2023-07-05,227.0111061382163
2023-07-06,231.6476092857667
2023-07-07,233.22267473465502
2023-07-08,224.83970135507244
2023-07-09,222.4422597253369
2023-07-10,220.2443663683308
2023-07-11,232.29041462644497
2023-07-12,224.55668941265805
2023-07-13,219.63003789305102
2023-07-14,232.65616114752697
2023-07-15,243.4947573712834
2023-07-16,231.31351749454686
2023-07-17,235.8479657232668
2023-07-18,232.37373362754604
2023-07-19,231.7765571521013
2023-07-20,237.17005921725462
2023-07-21,231.42413828225628
2023-07-22,234.5103804474016
2023-07-23,235.07680117829108
2023-07-24,230.41965116255074
2023-07-25,239.008918011035
2023-07-26,233.45923634234532
2023-07-27,230.83727967161178
2023-07-28,237.5770829570673
2023-07-29,230.67719749334734
2023-07-30,235.581840755663
2023-07-31,235.66305103458254
2023-08-01,241.40206904985752
2023-08-02,238.60618352924533
2023-08-03,236.3637375829332
2023-08-04,240.82988684047479
2023-08-05,243.94020428611952
2023-08-06,240.02218397739477
2023-08-07,237.52464386513518
2023-08-08,231.14915929752894
2023-08-09,232.61387343855424
2023-08-10,236.6399926477979
2023-08-11,235.34073552688233
2023-08-12,237.6710605064883
2023-08-13,239.10216275962108
2023-08-14,241.67568553527718
2023-08-15,238.87828728985178
2023-08-16,241.86203928517932
2023-08-17,239.94578460136677
2023-08-18,229.9350352809202
2023-08-19,235.2996648614568
2023-08-20,239.454841386908
2023-08-21,234.30065338038642
2023-08-22,243.51747775286586
2023-08-23,248.33510436058577
2023-08-24,246.93343618767753
2023-08-25,239.92540303839382
2023-08-26,248.59390694030247
2023-08-27,242.02589704971723
2023-08-28,239.73399589874248
2023-08-29,238.48382035387922
2023-08-30,240.16439614401787
2023-08-31,239.85623706613177
2023-09-01,242.76400886042026
2023-09-02,242.82400023115238
2023-09-03,242.13992663260518
2023-09-04,244.40728652617776
2023-09-05,248.2680301270288
2023-09-06,247.1490491142368
2023-09-07,235.05751926119888
2023-09-08,229.78736115560338
2023-09-09,247.29772896162854
2023-09-10,235.85508284296472
2023-09-11,241.6231618384163
2023-09-12,236.94808477145028
2023-09-13,233.83454200045853
2023-09-14,245.59167177890296
2023-09-15,246.71415572445682
2023-09-16,240.0639474585295
2023-09-17,230.01349696238674
2023-09-18,240.25377798353128
2023-09-19,244.95439006661056
2023-09-20,235.60525695085317
2023-09-21,243.91513277199053
2023-09-22,242.91437636788217
2023-09-23,245.87405180970612
2023-09-24,243.55624505937863
2023-09-25,238.06783333067563
2023-09-26,248.8849637303364
2023-09-27,242.07248912021342
2023-09-28,242.68575858231944
2023-09-29,238.10721200928083
2023-09-30,240.50255174331906
2023-10-01,238.23451746946515
2023-10-02,241.72754353329267
2023-10-03,251.0787534133591
2023-10-04,235.58285821792444
2023-10-05,234.29094867109757
2023-10-06,249.62526260875103
2023-10-07,241.1277379539866
2023-10-08,238.72825623930933
2023-10-09,247.1667550372238
2023-10-10,238.8271451691241
2023-10-11,250.8676754936433
2023-10-12,245.00410797745593
2023-10-13,239.04625740313335
2023-10-14,252.1382135875154
2023-10-15,238.18351798686763
2023-10-16,244.7775929065402
2023-10-17,242.41324871673064
2023-10-18,247.26985289958384
2023-10-19,248.407800063105
2023-10-20,240.59414711951527
2023-10-21,236.4957532092673
2023-10-22,242.3863041096921
2023-10-23,236.51640429830076
2023-10-24,249.78544582600585
2023-10-25,240.2097606298919
2023-10-26,237.50415327235777
2023-10-27,240.05300045574344
2023-10-28,232.18802582800384
2023-10-29,233.85492690902103
2023-10-30,244.49975036706294
2023-10-31,234.9933008609539
2023-11-01,232.81878163723044
2023-11-02,240.50770397960835
2023-11-03,243.51967185504472
2023-11-04,240.94830482684458
2023-11-05,242.09191063117262
2023-11-06,233.08164909489227
2023-11-07,229.50641485583108
2023-11-08,243.8679455440481
2023-11-09,234.48972794997104
2023-11-10,234.58692918245603
2023-11-11,242.21622700116197
2023-11-12,238.08684204626985
2023-11-13,237.3119201249065
2023-11-14,245.5807167703549
2023-11-15,231.25785420618578
2023-11-16,238.83098588860972
2023-11-17,234.18987439529843
2023-11-18,234.95756235755496
2023-11-19,240.96358995237972
2023-11-20,235.56401505036365
2023-11-21,235.41693453742195
2023-11-22,237.78572684002629
2023-11-23,230.29337022245474
2023-11-24,227.61432735031485
2023-11-25,226.2759608292859
2023-11-26,221.35533622943242
2023-11-27,241.15284118283094
2023-11-28,225.03811747547087
2023-11-29,229.1280064966665
2023-11-30,228.52817975397008
2023-12-01,231.12520313353613
2023-12-02,233.34082688141302
2023-12-03,233.23662382726855
2023-12-04,225.68922631113963
2023-12-05,227.4377012856281
2023-12-06,229.3533433620602
2023-12-07,226.3626577736945
2023-12-08,235.30714618889587
2023-12-09,229.3883325540628
2023-12-10,230.26972064476033
2023-12-11,229.57054660210738
2023-12-12,231.78335322582413
2023-12-13,226.48007134257017
2023-12-14,218.74902040265465
2023-12-15,226.88917475510718
2023-12-16,221.29094511571012
2023-12-17,221.56118213856706
2023-12-18,226.79226475386608
2023-12-19,229.70778416171083
2023-12-20,223.2784978214541
2023-12-21,224.37202512522106
2023-12-22,230.99470591863354
2023-12-23,223.34332123735226
2023-12-24,234.80415002358612
2023-12-25,224.27981864348845
2023-12-26,212.30545120787693
2023-12-27,224.53352796308877
2023-12-28,222.33082837536227
2023-12-29,226.53277983201625
2023-12-30,223.10976649757947
2023-12-31,218.7123883655699
2024-01-01,215.94505102268164
2024-01-02,220.68446540477396
2024-01-03,217.14128432434126
2024-01-04,218.15693914135767
2024-01-05,223.6695821675429
2024-01-06,228.7449090177727
2024-01-07,222.0391012636451
2024-01-08,213.75844387110754
2024-01-09,221.6348436966101
2024-01-10,225.07091117981358
2024-01-11,215.71681086380772
2024-01-12,217.7757548625561
2024-01-13,218.20163544051664
2024-01-14,213.8883892582764
2024-01-15,220.7413953698282
2024-01-16,216.5848835699512
2024-01-17,218.97952834936598
2024-01-18,212.13934895751223
2024-01-19,214.08725435620917
2024-01-20,219.58707052022334
2024-01-21,213.8145864192241
2024-01-22,224.02021829292835
2024-01-23,213.09701030111398
2024-01-24,215.9316383805559
2024-01-25,219.18750880127897
2024-01-26,207.1524662894854
2024-01-27,205.16347467559768
2024-01-28,206.06602642788297
2024-01-29,219.73766422521925
2024-01-30,210.39961500580648
2024-01-31,225.68786928415955
2024-02-01,209.81748472244237
2024-02-02,213.30728832644488
2024-02-03,219.84492522509981
2024-02-04,221.91879223865206
2024-02-05,221.95397960966275
2024-02-06,217.45068007123595
2024-02-07,216.2958724120854
2024-02-08,213.90929819536572
2024-02-09,214.61403312502233
2024-02-10,207.7463905910165
2024-02-11,206.19600848131415
2024-02-12,210.05947043729293
2024-02-13,209.01947796095644
2024-02-14,207.4030987244453
2024-02-15,212.9548532628054
2024-02-16,214.05801645447983
2024-02-17,209.53705328439796
2024-02-18,216.30120701027977
2024-02-19,203.02871186833426
2024-02-20,207.59757632941498
2024-02-21,204.81564431751525
2024-02-22,198.90617046204486
2024-02-23,207.6698107560883
2024-02-24,207.3241464115899
2024-02-25,215.35515611432632
2024-02-26,210.802385901586
2024-02-27,202.3932514344921
2024-02-28,216.65598421091136
2024-02-29,213.36754155171812
2024-03-01,210.05526564953468
2024-03-02,205.90034790550743
2024-03-03,202.1291838837737
2024-03-04,204.9646097798988
2024-03-05,212.17433212723796
2024-03-06,216.06417586919176
2024-03-07,214.2738537087797
2024-03-08,204.03554187842127
2024-03-09,200.80963900064515
2024-03-10,207.04590019495637
2024-03-11,197.43884017290912
2024-03-12,207.84228676627708
2024-03-13,205.43970578863758
2024-03-14,203.80468050531053
2024-03-15,198.12437844165208
2024-03-16,208.63482249776516
2024-03-17,203.37815258438258
2024-03-18,200.17282150974788
2024-03-19,191.64776331984461
2024-03-20,205.86409230165208
2024-03-21,214.86144318862492
2024-03-22,214.31092603314153
2024-03-23,203.72951849227496
2024-03-24,203.02023127507982
2024-03-25,208.397371818212
2024-03-26,201.08969288111496
2024-03-27,207.62460136121828
2024-03-28,209.98595720356482
2024-03-29,212.33601621767446
2024-03-30,205.75224076972052
2024-03-31,205.29215491407334
2024-04-01,201.98395766078502
2024-04-02,202.30863139968756
2024-04-03,205.38559643704397
2024-04-04,208.43554909705077
2024-04-05,211.25312437806915
2024-04-06,202.76150956915228
2024-04-07,214.3387463129595
2024-04-08,205.62325166888408
2024-04-09,206.98123577971495
2024-04-10,203.46682044542297
2024-04-11,195.20205412217678
2024-04-12,211.8693933102213
2024-04-13,211.2647937311295
2024-04-14,206.31080245070225
2024-04-15,208.19467733007164
2024-04-16,210.58707869547564
2024-04-17,200.34764378637632
2024-04-18,205.67338641440125
2024-04-19,212.4534892952243
2024-04-20,202.3794257895618
2024-04-21,210.2925104953171
2024-04-22,202.22074914633242
2024-04-23,211.51978179947807
2024-04-24,209.19838006119642
2024-04-25,201.49480985442415
2024-04-26,215.59291559213864
2024-04-27,206.2998203525162
2024-04-28,206.12982467979256
2024-04-29,211.3969289647392
2024-04-30,216.3548902094648
2024-05-01,205.75477473553678
2024-05-02,211.36895749530876
2024-05-03,213.43574204237316
2024-05-04,214.99264727039747
2024-05-05,212.64907533075063
2024-05-06,210.17569426355044
2024-05-07,208.12099355228304
2024-05-08,212.94184703857294
2024-05-09,207.40661257522638
2024-05-10,198.42065636182733
2024-05-11,215.4741530029848
2024-05-12,218.07873923661364
2024-05-13,202.0158004199883
2024-05-14,209.05681273723505
2024-05-15,217.47976583594996
2024-05-16,224.95344222273613
2024-05-17,215.05526227502466
2024-05-18,211.59988186308834
2024-05-19,214.6172056471648
2024-05-20,222.70096321869883
2024-05-21,212.89466810117779
2024-05-22,212.42936316443297
2024-05-23,214.3152769710328
2024-05-24,212.26877012389824
2024-05-25,217.95783972896535
2024-05-26,225.77952024010148
2024-05-27,219.5856365814607
2024-05-28,217.0249643644964
2024-05-29,217.14645279760882
2024-05-30,211.1105235129893
2024-05-31,223.66509089385355
2024-06-01,219.18542078108868
2024-06-02,218.9991759389211
2024-06-03,236.19588918161213
2024-06-04,222.05460139114632
2024-06-05,217.13397884720032
2024-06-06,219.09475669885327
2024-06-07,227.30379828590046
2024-06-08,222.46426205531642
2024-06-09,215.0440759115483
2024-06-10,227.17028178924647
2024-06-11,219.5731031590194
2024-06-12,232.6209134388224
2024-06-13,228.99607943058618
2024-06-14,221.70135657275756
2024-06-15,230.68578583392664
2024-06-16,224.96322901659062
2024-06-17,229.23147503114603
2024-06-18,227.73523185401746
2024-06-19,221.4239496019289
2024-06-20,222.7822508384127
2024-06-21,231.49407121102251
2024-06-22,225.01455557192222
2024-06-23,225.0141510282551
2024-06-24,222.60043563929963
2024-06-25,229.83729130271624
2024-06-26,238.3746585451644
2024-06-27,223.06649632671568
2024-06-28,228.8666727256291
2024-06-29,236.14727919036275
2024-06-30,229.02765592740099
2024-07-01,232.02639317811355
2024-07-02,224.790122356638
2024-07-03,232.57996574612153
2024-07-04,229.83773399509627
2024-07-05,236.03571588072305
2024-07-06,237.37609340850585
2024-07-07,244.71746686770524
2024-07-08,234.99659035919365
2024-07-09,234.0543748167581
2024-07-10,233.72237949976895
2024-07-11,231.307690979474
2024-07-12,235.08691007512192
2024-07-13,232.236261074177
2024-07-14,234.87206466546752
2024-07-15,240.93185973028613
2024-07-16,229.6227990246104
2024-07-17,240.66397964045345
2024-07-18,241.85658075475635
2024-07-19,234.98433416736037
2024-07-20,225.26623650815657
2024-07-21,233.1343089415699
2024-07-22,242.95328488011654
2024-07-23,236.64576311927158
2024-07-24,232.05219510187783
2024-07-25,234.8101605196813
2024-07-26,241.81910560159878
2024-07-27,240.62820158022217
2024-07-28,236.97487690645406
2024-07-29,236.6068129097439
2024-07-30,236.74985527258443
2024-07-31,234.36054029820713
2024-08-01,247.3095708121928
2024-08-02,237.8772700306022
2024-08-03,245.82684794860083
2024-08-04,247.5957468006452
2024-08-05,245.2246869363753
2024-08-06,238.31477920232803
2024-08-07,242.72699091096277
2024-08-08,240.8184637219765
2024-08-09,236.6476068659206
2024-08-10,243.01009294628676
2024-08-11,235.7107180656165
2024-08-12,247.75731007744338
2024-08-13,239.70413527700154
2024-08-14,243.23657945951143
2024-08-15,243.84597042377902
2024-08-16,241.32888765879576
2024-08-17,245.74583712006594
2024-08-18,240.62182354743794
2024-08-19,247.53176565280228
2024-08-20,236.6192286933582
2024-08-21,244.1497320006169
2024-08-22,253.3759951941587
2024-08-23,238.83797030616307
2024-08-24,240.60389254042062
2024-08-25,246.7098155043473
2024-08-26,245.18046867340468
2024-08-27,246.17257625070047
2024-08-28,246.99676932232222
2024-08-29,247.85035191926735
2024-08-30,250.34562036861902
2024-08-31,246.9610210331854
2024-09-01,243.81484205281035
2024-09-02,248.48756503785177
2024-09-03,254.7220053519221
2024-09-04,244.65163002118422
2024-09-05,240.52863191367695
2024-09-06,251.01741244988327
2024-09-07,244.95506101034516
2024-09-08,234.762781675362
2024-09-09,249.92658472079393
2024-09-10,243.07034791811012
2024-09-11,245.34598349022627
2024-09-12,247.5043458412037
2024-09-13,246.83685653677435
2024-09-14,249.4656390086388
2024-09-15,243.76906760931388
2024-09-16,248.5342374139917
2024-09-17,244.6872668368741
2024-09-18,249.68942244403533
2024-09-19,249.07665221478908
2024-09-20,241.3211396628718
2024-09-21,251.42083619462232
2024-09-22,243.29777708613042
2024-09-23,249.9986322087136
2024-09-24,247.76961460209012
2024-09-25,255.09302460598954
2024-09-26,244.747807073489
2024-09-27,244.0756972992781
2024-09-28,245.67645377520816
2024-09-29,244.20306408510524
2024-09-30,249.65824054930988
2024-10-01,237.51072079072685
2024-10-02,240.2517989169156
2024-10-03,240.10334932468527
2024-10-04,250.11029362034915
2024-10-05,253.8224778341926
2024-10-06,244.65211024705857
2024-10-07,244.22951131665886
2024-10-08,245.31749241580934
2024-10-09,250.66461438084937
2024-10-10,240.10086125495573
2024-10-11,245.80632353443352
2024-10-12,249.361802592774
2024-10-13,246.85714337088712
2024-10-14,245.160000684878
2024-10-15,249.07234650932938
2024-10-16,230.400624349702
2024-10-17,247.1505230502444
2024-10-18,240.3298656638336
2024-10-19,234.28096188990415
2024-10-20,245.8188555586231
2024-10-21,249.95473612081133
2024-10-22,242.21773857392282
2024-10-23,247.48288232438745
2024-10-24,250.58847526442142
2024-10-25,248.90533329683856
2024-10-26,250.32942157327588
2024-10-27,245.63429473101178
2024-10-28,242.09016529608226
2024-10-29,233.48785176785498
2024-10-30,240.04745981516112
2024-10-31,236.8371035740592
2024-11-01,251.67915380446098
2024-11-02,239.71172201956807
2024-11-03,240.96956230744166
2024-11-04,242.86909908234588
2024-11-05,240.08363676960184
2024-11-06,248.09072339169407
2024-11-07,236.2480304755984
2024-11-08,240.07616442036792
2024-11-09,235.12874133624103
2024-11-10,231.97514373581313
2024-11-11,235.24684654474012
2024-11-12,237.8472972792564
2024-11-13,235.60919392326318
2024-11-14,234.0133404587172
2024-11-15,230.16019792984437
2024-11-16,236.48928090766955
2024-11-17,229.09099909308367
2024-11-18,240.1215276387651
2024-11-19,236.43703503358805
2024-11-20,228.43769664484913
2024-11-21,233.87714476822794
2024-11-22,231.35735184221625
2024-11-23,236.4062482391058
2024-11-24,241.20225902950682
2024-11-25,224.81125682808369
2024-11-26,234.44693592886642
2024-11-27,232.75349532624608
2024-11-28,236.5909749968477
2024-11-29,233.97822939460312
2024-11-30,228.82832298579652
2024-12-01,230.66687114038345
2024-12-02,227.95412710145237
2024-12-03,236.98464919697733
2024-12-04,231.37986809791985
2024-12-05,240.44639703838374
2024-12-06,230.30280933553914
2024-12-07,226.7283844742436
2024-12-08,222.3648858328074
2024-12-09,220.57963333323153
2024-12-10,221.33546054374287
2024-12-11,230.25161719345493
2024-12-12,231.1185886652013
2024-12-13,220.32722663227324
2024-12-14,232.36592656672457
2024-12-15,225.13242432625208
2024-12-16,227.9382306072436
2024-12-17,234.92154780136775
2024-12-18,231.0005653838703
2024-12-19,224.8294866982446
2024-12-20,221.3718989351498
2024-12-21,214.72455418881083
2024-12-22,221.54378874369732
2024-12-23,223.74008325854567
2024-12-24,219.51637277957482
2024-12-25,223.4529801681945
2024-12-26,224.15107927235994
2024-12-27,222.30075654190802
2024-12-28,219.8340031574852
2024-12-29,223.5871331010633
2024-12-30,224.6143715333358
2024-12-31,216.61454681691424
