Date,Turbidity (Haridwar) (NTU)
2020-01-01,7.333199806660661
2020-01-02,7.359307143771137
2020-01-03,7.271130023150977
2020-01-04,6.835682287844848
2020-01-05,7.268432432066689
2020-01-06,7.6622755326802325
2020-01-07,7.131279326975112
2020-01-08,7.041277539493109
2020-01-09,7.245261229717749
2020-01-10,7.216863329422581
2020-01-11,7.376833302353516
2020-01-12,6.870718403614258
2020-01-13,7.252685773858532
2020-01-14,7.208728453434672
2020-01-15,7.0465703526423376
2020-01-16,7.1272186792338434
2020-01-17,7.2499848028112135
2020-01-18,7.203303568331826
2020-01-19,6.785123430476564
2020-01-20,7.162789823905321
2020-01-21,6.970999887977644
2020-01-22,6.98384477144117
2020-01-23,6.969398959659689
2020-01-24,6.910362139830172
2020-01-25,7.164569231517088
2020-01-26,6.895471155737685
2020-01-27,6.674466711098444
2020-01-28,6.806009428842726
2020-01-29,6.906976128766261
2020-01-30,7.103788243622846
2020-01-31,6.965462579780682
2020-02-01,6.661829080037058
2020-02-02,7.316264573858762
2020-02-03,6.859673835308619
2020-02-04,7.049494537492625
2020-02-05,6.7519801996085915
2020-02-06,6.877114294854603
2020-02-07,6.926671690055086
2020-02-08,6.990972114818843
2020-02-09,6.947585048285102
2020-02-10,6.899555358647555
2020-02-11,6.651332798682463
2020-02-12,6.589467927826171
2020-02-13,6.760041555743895
2020-02-14,6.870087563022297
2020-02-15,6.629101661120769
2020-02-16,6.877108913724241
2020-02-17,6.945274291744172
2020-02-18,6.462413646435489
2020-02-19,6.469473731190832
2020-02-20,6.600218669509611
2020-02-21,6.681510329664303
2020-02-22,6.507029274617097
2020-02-23,6.87460124503852
2020-02-24,6.681457569979006
2020-02-25,6.597284779553932
2020-02-26,6.2952344691669015
2020-02-27,6.312546114521406
2020-02-28,6.6254779190183815
2020-02-29,6.136599528473601
2020-03-01,6.759766338538394
2020-03-02,6.520007651113364
2020-03-03,7.194937597288501
2020-03-04,7.002865433135925
2020-03-05,6.500239637586348
2020-03-06,6.510794816469673
2020-03-07,6.726998106171345
2020-03-08,6.864623971351239
2020-03-09,6.192780496867307
2020-03-10,6.15979835494908
2020-03-11,6.389644888925293
2020-03-12,6.6278699264024326
2020-03-13,6.608260654108065
2020-03-14,6.720697441729356
2020-03-15,6.264955183226241
2020-03-16,6.040112325652054
2020-03-17,6.673685678195037
2020-03-18,6.33548102982192
2020-03-19,6.096756146434915
2020-03-20,6.529096090537139
2020-03-21,6.658644397907546
2020-03-22,6.475820071595853
2020-03-23,6.409180311523818
2020-03-24,6.469692132415254
2020-03-25,6.4285584744116875
2020-03-26,6.234471581464788
2020-03-27,6.362845957707962
2020-03-28,6.612033771584831
2020-03-29,6.5744032131879475
2020-03-30,6.546262518799377
2020-03-31,6.316496486877232
2020-04-01,6.482392897301257
2020-04-02,6.086738649205772
2020-04-03,6.561594877604658
2020-04-04,6.8157076197112065
2020-04-05,6.239433635936724
2020-04-06,6.421684681464148
2020-04-07,6.60958652915012
2020-04-08,6.799512010590343
2020-04-09,6.464758689312827
2020-04-10,6.421693876204925
2020-04-11,6.172378142693858
2020-04-12,6.593145942282424
2020-04-13,6.987443920312114
2020-04-14,6.641343704207602
2020-04-15,6.588530391360622
2020-04-16,6.664785592501153
2020-04-17,6.605800252750731
2020-04-18,6.45332961560461
2020-04-19,6.788764277991298
2020-04-20,6.677695949892755
2020-04-21,6.644758692110928
2020-04-22,6.455109703016823
2020-04-23,6.920083180752473
2020-04-24,6.801769922700815
2020-04-25,6.567939279224126
2020-04-26,6.888825911729026
2020-04-27,6.599124744148282
2020-04-28,6.552653644741015
2020-04-29,6.567763525433167
2020-04-30,6.376371462498444
2020-05-01,6.8360026676050785
2020-05-02,6.386798936635775
2020-05-03,6.518894210782862
2020-05-04,6.361238359888381
2020-05-05,6.771129439160047
2020-05-06,6.770477580893979
2020-05-07,6.74760799013906
2020-05-08,6.617040842232939
2020-05-09,6.603918631070394
2020-05-10,6.944244411674333
2020-05-11,6.754457312768125
2020-05-12,6.9412249158663615
2020-05-13,6.714473392660029
2020-05-14,6.941485861593453
2020-05-15,7.179855334009412
2020-05-16,7.0505314037874385
2020-05-17,6.865081923189084
2020-05-18,7.013434622532885
2020-05-19,6.928451357728408
2020-05-20,6.992905093086841
2020-05-21,6.941102239410322
2020-05-22,6.988399118707133
2020-05-23,7.078868399711984
2020-05-24,6.853098918343199
2020-05-25,6.864048642051573
2020-05-26,6.805097886621441
2020-05-27,6.7784577898932845
2020-05-28,6.8708800553122975
2020-05-29,7.162167958470153
2020-05-30,6.967766374725252
2020-05-31,7.265199993252106
2020-06-01,7.185673088058149
2020-06-02,6.8013779326561
2020-06-03,7.342512683963729
2020-06-04,7.390201571584236
2020-06-05,7.045874169916843
2020-06-06,7.345365542573048
2020-06-07,7.106778839513995
2020-06-08,7.314429575481048
2020-06-09,7.058873608765763
2020-06-10,6.9700855653116065
2020-06-11,7.269127741413126
2020-06-12,7.3379754386317675
2020-06-13,7.300256016377727
2020-06-14,7.1600921909080535
2020-06-15,7.334055388836326
2020-06-16,7.485056523713827
2020-06-17,7.439401726752239
2020-06-18,7.502078594497097
2020-06-19,7.348763603753319
2020-06-20,7.734343582943232
2020-06-21,7.2819786888448785
2020-06-22,7.631933671040089
2020-06-23,7.787997885815247
2020-06-24,7.6649840453520985
2020-06-25,7.545459953324481
2020-06-26,7.497442288114839
2020-06-27,7.827425575108604
2020-06-28,7.352683787060929
2020-06-29,7.460283968588352
2020-06-30,7.591781591083134
2020-07-01,7.935757461345643
2020-07-02,7.781058027076798
2020-07-03,7.528312361302117
2020-07-04,7.676611224928969
2020-07-05,7.632488666296928
2020-07-06,7.630000359087399
2020-07-07,7.984260344591965
2020-07-08,7.530572598803588
2020-07-09,8.143025832839239
2020-07-10,8.003168837631037
2020-07-11,8.071848456297111
2020-07-12,7.777136640485621
2020-07-13,7.855675262427785
2020-07-14,7.614857626301031
2020-07-15,7.812261121198956
2020-07-16,8.03150656207906
2020-07-17,8.20744195409669
2020-07-18,7.742118907542361
2020-07-19,7.905632652718736
2020-07-20,7.963515706113473
2020-07-21,7.729513103413607
2020-07-22,8.14168545571723
2020-07-23,7.893207105189778
2020-07-24,8.013357242932214
2020-07-25,7.9763118819087415
2020-07-26,7.922932572309865
2020-07-27,8.093317689864653
2020-07-28,8.065354954401522
2020-07-29,8.047675171985134
2020-07-30,7.989739976554108
2020-07-31,8.212534495191573
2020-08-01,8.492358071940735
2020-08-02,8.202421065400772
2020-08-03,8.386276410205893
2020-08-04,7.921413942020956
2020-08-05,8.243208910140527
2020-08-06,8.0041703745017
2020-08-07,7.940032037457606
2020-08-08,8.099097806204748
2020-08-09,8.496685675361277
2020-08-10,8.459417992617867
2020-08-11,8.328896795481656
2020-08-12,7.984405544778792
2020-08-13,8.262104957897089
2020-08-14,8.371879060787707
2020-08-15,8.356583799218134
2020-08-16,7.962411909669658
2020-08-17,8.162554836030504
2020-08-18,8.337001538697786
2020-08-19,8.466022140179241
2020-08-20,7.928230790509608
2020-08-21,8.34346691004827
2020-08-22,8.412677263919154
2020-08-23,8.561903744162791
2020-08-24,8.538202386499732
2020-08-25,8.523528076564396
2020-08-26,8.254139886844946
2020-08-27,8.039370860291973
2020-08-28,8.348931132166916
2020-08-29,8.634163593864638
2020-08-30,8.718546963446782
2020-08-31,8.5877062078867
2020-09-01,8.5369246808555
2020-09-02,8.5321627562691
2020-09-03,8.349906034520144
2020-09-04,8.43972787894413
2020-09-05,8.803877827016773
2020-09-06,8.285588854014046
2020-09-07,8.800804099647628
2020-09-08,8.416900839373197
2020-09-09,8.749560238571108
2020-09-10,8.20598644049448
2020-09-11,8.607113335320282
2020-09-12,8.344868182228407
2020-09-13,8.211164468509114
2020-09-14,8.539625804629368
2020-09-15,8.699219330827349
2020-09-16,8.329447133436865
2020-09-17,8.199446819148003
2020-09-18,8.481399549112899
2020-09-19,8.482503673980755
2020-09-20,8.609580584165638
2020-09-21,8.689465194960256
2020-09-22,8.486996679330534
2020-09-23,8.869017823824244
2020-09-24,8.541505850661228
2020-09-25,8.425820009899319
2020-09-26,8.170943377446848
2020-09-27,8.43858215993022
2020-09-28,8.421400201150114
2020-09-29,8.678009109220124
2020-09-30,8.575423276793353
2020-10-01,8.243739867318967
2020-10-02,8.510461427914576
2020-10-03,8.606424430974872
2020-10-04,8.773544054901631
2020-10-05,8.640971342046962
2020-10-06,8.610887147849592
2020-10-07,8.465698195553479
2020-10-08,8.526023981096861
2020-10-09,8.692662123531653
2020-10-10,8.170325866799502
2020-10-11,8.360836065594588
2020-10-12,8.269776972441846
2020-10-13,8.493414249804617
2020-10-14,8.656649065224373
2020-10-15,8.28396094498047
2020-10-16,7.917778417241021
2020-10-17,8.305613173624598
2020-10-18,8.562706950377017
2020-10-19,8.479232299299298
2020-10-20,8.448779377612027
2020-10-21,8.29832350937493
2020-10-22,8.089442910109106
2020-10-23,8.438984343743531
2020-10-24,8.159497836716984
2020-10-25,8.753357398122006
2020-10-26,8.420581387991849
2020-10-27,8.180053203271825
2020-10-28,8.16337280560099
2020-10-29,8.256295200044324
2020-10-30,8.215988228386193
2020-10-31,8.476033582638
2020-11-01,8.278505244797405
2020-11-02,8.08323120630478
2020-11-03,8.595765050707119
2020-11-04,8.215445276411222
2020-11-05,8.347049162080756
2020-11-06,8.059128107988064
2020-11-07,8.240686989762438
2020-11-08,8.217378355437724
2020-11-09,7.764124854817332
2020-11-10,8.531817836687962
2020-11-11,8.373413492147836
2020-11-12,8.022184999995726
2020-11-13,7.8673313042013024
2020-11-14,8.143284590665035
2020-11-15,8.076928802293056
2020-11-16,8.116374228253296
2020-11-17,8.069045527400752
2020-11-18,8.117310588877038
2020-11-19,8.290702953324137
2020-11-20,8.099893348134419
2020-11-21,7.761228407891876
2020-11-22,8.228419264050949
2020-11-23,8.268641697048153
2020-11-24,8.55541168687197
2020-11-25,7.684657152167702
2020-11-26,7.9421666792865215
2020-11-27,7.461288224566167
2020-11-28,7.9723435620056105
2020-11-29,7.735972253037379
2020-11-30,8.214097641189522
2020-12-01,7.65818404693211
2020-12-02,7.458876211680039
2020-12-03,7.685977927058712
2020-12-04,7.3685679384845795
2020-12-05,7.897242071382397
2020-12-06,7.3172890609793475
2020-12-07,7.719212431676428
2020-12-08,7.281110525822338
2020-12-09,7.615707024818234
2020-12-10,7.991482644099424
2020-12-11,7.717928775207034
2020-12-12,7.456049456459595
2020-12-13,7.605418309333878
2020-12-14,7.598140124226089
2020-12-15,7.671912548402145
2020-12-16,7.286841604709628
2020-12-17,7.661535687773997
2020-12-18,6.984940113906578
2020-12-19,7.382630086415927
2020-12-20,7.3937382346210025
2020-12-21,7.600846924987115
2020-12-22,7.461503937530844
2020-12-23,7.15867411186295
2020-12-24,7.225614895603133
2020-12-25,7.445199252092282
2020-12-26,7.372527524505394
2020-12-27,7.25542700062027
2020-12-28,7.258034045177729
2020-12-29,7.476426586493341
2020-12-30,7.216694899700595
2020-12-31,7.285708861400609
2021-01-01,7.937314427822533
2021-01-02,7.20174255718342
2021-01-03,7.099325783454456
2021-01-04,7.609695752478786
2021-01-05,7.300605895013172
2021-01-06,7.35612181925226
2021-01-07,7.247055905100287
2021-01-08,7.334932930910671
2021-01-09,7.690299140194738
2021-01-10,7.514813379052891
2021-01-11,7.510730971647629
2021-01-12,7.039046623637506
2021-01-13,7.076178976032959
2021-01-14,6.722828309287293
2021-01-15,7.113123495813895
2021-01-16,7.450821852926637
2021-01-17,7.347482609641215
2021-01-18,7.184537839735712
2021-01-19,7.209267236147699
2021-01-20,7.060981078039143
2021-01-21,7.224889385464504
2021-01-22,7.32244560773419
2021-01-23,6.831582203977255
2021-01-24,7.200340275157294
2021-01-25,7.312714706286609
2021-01-26,7.029194689914853
2021-01-27,7.238516059199195
2021-01-28,7.647646288931183
2021-01-29,7.0503686268067876
2021-01-30,7.136606696764501
2021-01-31,6.8972322260586365
2021-02-01,7.068186368306876
2021-02-02,7.111280915519445
2021-02-03,7.04568724116705
2021-02-04,6.790477325951051
2021-02-05,7.023595440589129
2021-02-06,7.26288163365704
2021-02-07,7.048505142054309
2021-02-08,7.13973061028236
2021-02-09,6.888708993206932
2021-02-10,7.075096006517701
2021-02-11,6.970203712564591
2021-02-12,6.713634990279938
2021-02-13,6.95722425463883
2021-02-14,6.685122615866022
2021-02-15,6.7470697462991325
2021-02-16,6.901940182039838
2021-02-17,6.914199797322961
2021-02-18,6.607831337234747
2021-02-19,7.047655026186664
2021-02-20,6.942694936950773
2021-02-21,6.679042108904288
2021-02-22,6.504425718080672
2021-02-23,6.775179793448805
2021-02-24,6.707455454903084
2021-02-25,6.812023461316389
2021-02-26,6.709793041709493
2021-02-27,6.374217905657905
2021-02-28,6.6916066813017885
2021-03-01,6.7019948314909055
2021-03-02,6.883971061564392
2021-03-03,6.611998485065619
2021-03-04,7.0820539380440675
2021-03-05,6.358954072882352
2021-03-06,6.998762950996376
2021-03-07,6.687198422800315
2021-03-08,6.89979877783965
2021-03-09,6.739949746179378
2021-03-10,6.948297415559604
2021-03-11,6.6396010551094555
2021-03-12,6.494327765000607
2021-03-13,6.995423267221873
2021-03-14,6.686189806830117
2021-03-15,6.751054845457428
2021-03-16,6.951845071708261
2021-03-17,6.4969500498269435
2021-03-18,6.821181018662459
2021-03-19,6.583141333122389
2021-03-20,6.674019848183768
2021-03-21,6.71453913442212
2021-03-22,6.399964887974423
2021-03-23,6.544464089456023
2021-03-24,6.9709645672429446
2021-03-25,6.878802816561395
2021-03-26,6.6901471114263975
2021-03-27,6.7527056955554
2021-03-28,6.646933591978756
2021-03-29,6.979094467747664
2021-03-30,6.669996989353814
2021-03-31,6.7590189760329835
2021-04-01,6.944732212076321
2021-04-02,6.563219232759209
2021-04-03,7.033909495393723
2021-04-04,6.419807262878904
2021-04-05,7.055864504371053
2021-04-06,6.65972494555475
2021-04-07,6.690330466562643
2021-04-08,6.365763139171506
2021-04-09,6.657984540229308
2021-04-10,6.546442306367481
2021-04-11,6.63861467298341
2021-04-12,6.738700578019299
2021-04-13,6.964016639315385
2021-04-14,6.820549382563491
2021-04-15,6.847407342494889
2021-04-16,6.573882309428252
2021-04-17,6.624218312427211
2021-04-18,7.167763657210714
2021-04-19,6.668892283103987
2021-04-20,7.155349945267217
2021-04-21,6.78393140549423
2021-04-22,6.841693628952899
2021-04-23,7.064255940518459
2021-04-24,7.113760078753254
2021-04-25,6.846666861578375
2021-04-26,6.8008748359932785
2021-04-27,6.877276851288196
2021-04-28,6.966230417471747
2021-04-29,7.0873150806171745
2021-04-30,6.9205501207280555
2021-05-01,7.054362432720693
2021-05-02,7.269366137975626
2021-05-03,7.029289834756402
2021-05-04,7.026913548236971
2021-05-05,6.672573796686074
2021-05-06,6.462197350352413
2021-05-07,7.078216818794387
2021-05-08,6.993982386520159
2021-05-09,6.922599846184107
2021-05-10,7.087071422594991
2021-05-11,7.039289693125637
2021-05-12,7.290123749236603
2021-05-13,7.095175425210928
2021-05-14,6.94213847287084
2021-05-15,7.3033065608310945
2021-05-16,7.075773511556958
2021-05-17,7.238605580443344
2021-05-18,7.05208254559382
2021-05-19,7.032029451362214
2021-05-20,7.193418038671589
2021-05-21,7.193894784856632
2021-05-22,7.302189856913389
2021-05-23,7.167537009222263
2021-05-24,6.86917777234307
2021-05-25,7.165215881541912
2021-05-26,7.425988100878332
2021-05-27,7.223331181539062
2021-05-28,7.249235330291118
2021-05-29,7.51161189493758
2021-05-30,7.187880811657542
2021-05-31,7.037763234175049
2021-06-01,7.330350876500788
2021-06-02,7.2818955480578875
2021-06-03,7.20182951139306
2021-06-04,7.376441875939653
2021-06-05,7.526342971915251
2021-06-06,7.44278899257025
2021-06-07,7.5227234485312975
2021-06-08,7.840760026698919
2021-06-09,7.426319727819869
2021-06-10,7.56744301708569
2021-06-11,7.4268641832986955
2021-06-12,7.376419235358325
2021-06-13,7.445739697203181
2021-06-14,7.48404024079631
2021-06-15,7.66879346206199
2021-06-16,8.083850358602705
2021-06-17,7.487988885942513
2021-06-18,7.565055271653653
2021-06-19,7.652953785755005
2021-06-20,7.761946413586115
2021-06-21,7.752710162390957
2021-06-22,7.974032514945458
2021-06-23,7.249143197515705
2021-06-24,7.27423369318412
2021-06-25,7.66962679240029
2021-06-26,8.005424836246188
2021-06-27,7.489972091126315
2021-06-28,7.218681576960601
2021-06-29,7.951514653357107
2021-06-30,7.903040265404824
2021-07-01,7.653251462821592
2021-07-02,7.6911187896990585
2021-07-03,7.711155755941684
2021-07-04,7.944028576498954
2021-07-05,7.813409710769349
2021-07-06,8.05416607891129
2021-07-07,7.401032824953227
2021-07-08,7.817112059855049
2021-07-09,7.779710432474079
2021-07-10,7.9700015260178665
2021-07-11,7.929913347896086
2021-07-12,8.213244878155525
2021-07-13,7.697857188558662
2021-07-14,8.094761701509759
2021-07-15,8.213155273848313
2021-07-16,8.488523089924708
2021-07-17,8.036422398331736
2021-07-18,8.213121062610915
2021-07-19,7.8027777123903785
2021-07-20,7.700342599253185
2021-07-21,8.362730425316316
2021-07-22,8.207558885122491
2021-07-23,8.459118145325235
2021-07-24,7.96332459374435
2021-07-25,8.35641574107337
2021-07-26,8.640465324399889
2021-07-27,8.364741395125254
2021-07-28,8.350042988078973
2021-07-29,8.310188086279995
2021-07-30,8.007870457015686
2021-07-31,8.606546888032247
2021-08-01,8.226458033073968
2021-08-02,8.462531269518882
2021-08-03,8.061836757518694
2021-08-04,8.151160834322111
2021-08-05,8.686475806896095
2021-08-06,8.342196164490206
2021-08-07,8.71429913350442
2021-08-08,8.419770891152282
2021-08-09,8.078592533104983
2021-08-10,8.636719328424908
2021-08-11,8.351436363332816
2021-08-12,8.620033613774183
2021-08-13,8.495987830264793
2021-08-14,8.192737442586102
2021-08-15,8.544398012081475
2021-08-16,8.960721181732973
2021-08-17,8.6297679180687
2021-08-18,8.529114855033386
2021-08-19,8.764885771918907
2021-08-20,8.600897651316425
2021-08-21,8.609363200782155
2021-08-22,8.357566670712423
2021-08-23,8.630837115101283
2021-08-24,8.799070029742937
2021-08-25,8.432418439232238
2021-08-26,8.891912977052026
2021-08-27,8.59578678335631
2021-08-28,8.443417385408928
2021-08-29,8.827068098963245
2021-08-30,8.57647838167527
2021-08-31,8.791759035439117
2021-09-01,8.587244660975434
2021-09-02,8.639091287589173
2021-09-03,8.754946867458765
2021-09-04,8.719309195390302
2021-09-05,8.266633581564507
2021-09-06,8.44581517383263
2021-09-07,8.859982452130584
2021-09-08,8.651421023725348
2021-09-09,8.576560209717325
2021-09-10,8.412759013700597
2021-09-11,8.471402178138817
2021-09-12,8.285572767094964
2021-09-13,8.671966065677626
2021-09-14,8.574530390777742
2021-09-15,8.502601417950117
2021-09-16,8.683700288074565
2021-09-17,8.771229547326113
2021-09-18,9.117889597681673
2021-09-19,8.397391818067248
2021-09-20,8.931866948396294
2021-09-21,8.894536970857752
2021-09-22,8.543727732812018
2021-09-23,8.739526906502238
2021-09-24,8.60639051099787
2021-09-25,8.733796617837918
2021-09-26,8.996931513781607
2021-09-27,8.814378095793677
2021-09-28,8.792835738640143
2021-09-29,8.602615726241414
2021-09-30,8.389136816978965
2021-10-01,8.641232909871901
2021-10-02,8.920935322618273
2021-10-03,8.37057697931444
2021-10-04,8.461100322993723
2021-10-05,8.69319133027088
2021-10-06,8.466539591594696
2021-10-07,8.500213127564255
2021-10-08,8.56896128028481
2021-10-09,8.37523809917414
2021-10-10,8.447936774147148
2021-10-11,8.777566929652894
2021-10-12,8.369249974591789
2021-10-13,8.304716295294126
2021-10-14,8.491578630152615
2021-10-15,8.756995730596184
2021-10-16,8.563971440725307
2021-10-17,8.502923075111786
2021-10-18,8.596929082132615
2021-10-19,8.230870717401604
2021-10-20,8.670647449464328
2021-10-21,8.63982913433064
2021-10-22,8.472460474930683
2021-10-23,8.746433959712347
2021-10-24,8.310426259628029
2021-10-25,8.751935997374623
2021-10-26,8.547436784564967
2021-10-27,8.43916942834531
2021-10-28,8.492208136708953
2021-10-29,8.464196901916527
2021-10-30,8.718940620650585
2021-10-31,8.24855278729634
2021-11-01,8.300162979702689
2021-11-02,8.648482589263093
2021-11-03,8.310450567049715
2021-11-04,8.59778352914228
2021-11-05,8.745470806708921
2021-11-06,8.312922221498653
2021-11-07,8.517045874792077
2021-11-08,8.137325407945562
2021-11-09,8.506103016822648
2021-11-10,8.381939510433918
2021-11-11,8.423370471027877
2021-11-12,8.186170185556248
2021-11-13,7.9694073801114875
2021-11-14,8.388435665242374
2021-11-15,7.861091637408433
2021-11-16,8.19611916396167
2021-11-17,8.433476811824645
2021-11-18,8.269109595336541
2021-11-19,8.605730919973816
2021-11-20,8.40626364396213
2021-11-21,8.055493029443575
2021-11-22,8.17662218364415
2021-11-23,8.146432552999572
2021-11-24,7.82408343168127
2021-11-25,7.936920556672684
2021-11-26,7.997203777419649
2021-11-27,7.68634617608528
2021-11-28,8.087206658854294
2021-11-29,8.01189936179916
2021-11-30,7.711033532408419
2021-12-01,8.110251055279997
2021-12-02,8.156281589874018
2021-12-03,8.042119715046468
2021-12-04,7.915417040157422
2021-12-05,8.081953923078379
2021-12-06,8.083066252576273
2021-12-07,7.99178638417455
2021-12-08,7.748598465352844
2021-12-09,7.951993042895812
2021-12-10,8.118862715890659
2021-12-11,7.743481201216171
2021-12-12,8.265387064746362
2021-12-13,7.723621990655505
2021-12-14,7.818140409789723
2021-12-15,7.660039630615932
2021-12-16,7.822040646417515
2021-12-17,7.411768938838738
2021-12-18,7.633813873241187
2021-12-19,7.50739420015742
2021-12-20,7.735674666467147
2021-12-21,7.890282478213093
2021-12-22,7.803382797195778
2021-12-23,7.1826458948236915
2021-12-24,8.048200653219784
2021-12-25,7.68166950889071
2021-12-26,7.450163422084201
2021-12-27,7.6197665766764935
2021-12-28,7.606489787047958
2021-12-29,7.420831059689813
2021-12-30,7.576776320529899
2021-12-31,7.3987389567503765
2022-01-01,7.62245471166842
2022-01-02,7.549223257409188
2022-01-03,7.383160071821458
2022-01-04,7.682145113562142
2022-01-05,7.753394394575261
2022-01-06,7.722746044016059
2022-01-07,7.767272231253556
2022-01-08,7.651761001067147
2022-01-09,7.46404641813209
2022-01-10,7.722320460215505
2022-01-11,7.266782761301846
2022-01-12,7.342157758293539
2022-01-13,7.313569709058885
2022-01-14,7.706655253012241
2022-01-15,7.6635573628584615
2022-01-16,7.556942263058504
2022-01-17,7.658479279533902
2022-01-18,7.252983935843739
2022-01-19,7.483446316863506
2022-01-20,7.373723300877591
2022-01-21,7.553314029761131
2022-01-22,7.346225105327628
2022-01-23,7.277770983777334
2022-01-24,7.448592441302022
2022-01-25,7.501461565533923
2022-01-26,7.1785457087381666
2022-01-27,7.286160802504603
2022-01-28,7.073027273308342
2022-01-29,6.771624981905578
2022-01-30,7.298037213046182
2022-01-31,7.3666247140418415
2022-02-01,7.284349497603812
2022-02-02,6.82931424697211
2022-02-03,7.136548887097728
2022-02-04,6.750746837882606
2022-02-05,7.456263307854875
2022-02-06,6.953231529489895
2022-02-07,7.409858711043384
2022-02-08,7.336507101204821
2022-02-09,6.955993316702245
2022-02-10,6.898558968379411
2022-02-11,7.1844241881985536
2022-02-12,6.93495232878077
2022-02-13,7.114016982110697
2022-02-14,6.9868964303927
2022-02-15,6.717414118382964
2022-02-16,6.617980916756472
2022-02-17,7.100087792345856
2022-02-18,6.933366280984048
2022-02-19,6.926239908567262
2022-02-20,7.167466449109436
2022-02-21,7.2546762513529535
2022-02-22,6.957433733098146
2022-02-23,6.93604096788312
2022-02-24,7.096672804298093
2022-02-25,6.718008255965869
2022-02-26,7.027046984890147
2022-02-27,7.086086472171338
2022-02-28,7.105322110645546
2022-03-01,6.575768113204076
2022-03-02,6.804967802647792
2022-03-03,6.775985769423135
2022-03-04,6.966296394251397
2022-03-05,7.037431098966301
2022-03-06,7.235871532925048
2022-03-07,6.833069120902321
2022-03-08,6.828367303709096
2022-03-09,7.1539238531433815
2022-03-10,6.979701696060571
2022-03-11,7.170603750257612
2022-03-12,6.971797450638137
2022-03-13,6.679899086025006
2022-03-14,6.642260265050984
2022-03-15,6.5964407009208
2022-03-16,7.0373050558509975
2022-03-17,7.141060462863232
2022-03-18,7.271955267411884
2022-03-19,7.069741350879615
2022-03-20,7.13302143481964
2022-03-21,6.784080074814526
2022-03-22,6.668726096915039
2022-03-23,7.07024736450362
2022-03-24,6.984286139208197
2022-03-25,6.9230534537126145
2022-03-26,6.980149323018443
2022-03-27,6.9687181003444625
2022-03-28,7.162545465076761
2022-03-29,7.166774907545459
2022-03-30,7.0189115753807165
2022-03-31,7.0818111321186
2022-04-01,7.018338693732863
2022-04-02,6.826459583321467
2022-04-03,7.073464593476972
2022-04-04,6.647000531055728
2022-04-05,7.1407143886076705
2022-04-06,6.695355474391938
2022-04-07,6.996030873486646
2022-04-08,6.774734381722864
2022-04-09,7.059621280319732
2022-04-10,6.947618567387275
2022-04-11,6.641192750425438
2022-04-12,7.05030269738077
2022-04-13,6.856874161054262
2022-04-14,7.15525805644604
2022-04-15,6.986137149561548
2022-04-16,7.072070384274972
2022-04-17,6.808855339344714
2022-04-18,6.89015220725498
2022-04-19,6.924204762836419
2022-04-20,7.195448790904269
2022-04-21,7.368019062831502
2022-04-22,6.880201691375622
2022-04-23,7.265552537404009
2022-04-24,6.6254461108203815
2022-04-25,6.829991493415735
2022-04-26,6.886767755460231
2022-04-27,6.817959203104494
2022-04-28,6.781921233867807
2022-04-29,7.191654125670782
2022-04-30,7.0768906093836526
2022-05-01,7.206466252637084
2022-05-02,7.279788728745741
2022-05-03,7.206151310937952
2022-05-04,7.29613561226609
2022-05-05,7.162449504455634
2022-05-06,6.950944700057077
2022-05-07,7.412104509112512
2022-05-08,7.095124806220108
2022-05-09,7.038437121414569
2022-05-10,7.2027818065968425
2022-05-11,7.068808255105716
2022-05-12,7.181081622711936
2022-05-13,7.346764035871826
2022-05-14,7.361191477734099
2022-05-15,7.125707299754111
2022-05-16,7.22165865195645
2022-05-17,7.5481648446629315
2022-05-18,7.446844710379168
2022-05-19,7.777007836331409
2022-05-20,7.612610027382756
2022-05-21,7.620187669859884
2022-05-22,7.1286507397488625
2022-05-23,7.574038230210896
2022-05-24,7.4258283687577675
2022-05-25,7.34157429755194
2022-05-26,7.500827475556075
2022-05-27,7.671848704309981
2022-05-28,7.598678328994869
2022-05-29,7.338641833487982
2022-05-30,7.6787672398278515
2022-05-31,7.418806369408436
2022-06-01,7.605813724198745
2022-06-02,7.518060324812209
2022-06-03,7.551305524996586
2022-06-04,7.7647661621274935
2022-06-05,7.420003098502716
2022-06-06,8.0336857197392
2022-06-07,7.29711002013515
2022-06-08,7.558544950344864
2022-06-09,7.76893787811973
2022-06-10,7.828636123443818
2022-06-11,7.708611711704181
2022-06-12,7.734213038735411
2022-06-13,7.844831244952259
2022-06-14,7.733578059609112
2022-06-15,8.075534554139548
2022-06-16,7.981905024108874
2022-06-17,8.005762443398808
2022-06-18,7.655148988102663
2022-06-19,7.849700703496114
2022-06-20,7.822693454100025
2022-06-21,7.698879724862107
2022-06-22,7.9892461929449885
2022-06-23,7.826892460066783
2022-06-24,8.082700433193303
2022-06-25,7.754764114223454
2022-06-26,8.32977292130581
2022-06-27,7.823835165729023
2022-06-28,8.06406851233944
2022-06-29,8.195650634190878
2022-06-30,7.94018073462426
2022-07-01,8.241786872868069
2022-07-02,7.842389990283161
2022-07-03,8.395528039705132
2022-07-04,8.124751365997318
2022-07-05,8.019390484412174
2022-07-06,8.0955169406307
2022-07-07,8.333742011412651
2022-07-08,8.071591374510522
2022-07-09,8.055049686771733
2022-07-10,8.176962342175617
2022-07-11,8.002130477040119
2022-07-12,8.617784903764736
2022-07-13,8.156445624647729
2022-07-14,8.451986763479688
2022-07-15,8.343382005935528
2022-07-16,8.120286792515923
2022-07-17,8.331584650707885
2022-07-18,8.50502989760256
2022-07-19,8.325898003885591
2022-07-20,8.617356429285994
2022-07-21,8.598078628716351
2022-07-22,8.592453914783771
2022-07-23,8.33148425291095
2022-07-24,8.222036681982003
2022-07-25,8.32971779209506
2022-07-26,8.505949944424462
2022-07-27,8.589957616160273
2022-07-28,8.060412406008675
2022-07-29,8.506854229792776
2022-07-30,8.553664593505506
2022-07-31,8.47992344962707
2022-08-01,8.806884328838159
2022-08-02,8.645990633092453
2022-08-03,8.836482000449125
2022-08-04,8.543860663153621
2022-08-05,8.78695382555303
2022-08-06,8.938669901187279
2022-08-07,8.885982728150445
2022-08-08,8.416988704278237
2022-08-09,8.59623687218808
2022-08-10,8.589272867388603
2022-08-11,8.767265733899205
2022-08-12,8.817566562073683
2022-08-13,8.52316712195163
2022-08-14,8.714928790958064
2022-08-15,8.307553592576134
2022-08-16,9.009865554462792
2022-08-17,8.628695778230469
2022-08-18,8.751791193603378
2022-08-19,8.687887148729917
2022-08-20,8.987969473278486
2022-08-21,8.199955066450123
2022-08-22,8.77256963667906
2022-08-23,8.762903758443825
2022-08-24,8.701254068941212
2022-08-25,9.14487617877937
2022-08-26,8.629547921031483
2022-08-27,8.968487223632465
2022-08-28,8.89222184545785
2022-08-29,9.0798455340863
2022-08-30,8.700399411867425
2022-08-31,8.693262278117144
2022-09-01,9.064810368922624
2022-09-02,8.936120777961175
2022-09-03,8.547247357256555
2022-09-04,8.753268780979646
2022-09-05,8.943016468424467
2022-09-06,9.037616766160825
2022-09-07,8.73825432453383
2022-09-08,8.29499714354227
2022-09-09,8.985951107419018
2022-09-10,8.640409678763296
2022-09-11,8.483881682769505
2022-09-12,8.323467310090527
2022-09-13,9.055018381457481
2022-09-14,8.919941396974947
2022-09-15,8.850787720004728
2022-09-16,9.175129845700708
2022-09-17,9.025900357760179
2022-09-18,9.222510019784067
2022-09-19,8.621221407546493
2022-09-20,8.893080614945397
2022-09-21,8.576573983665137
2022-09-22,8.853669814316264
2022-09-23,8.849156544831699
2022-09-24,9.023239888318008
2022-09-25,8.90577167798255
2022-09-26,9.01978673875668
2022-09-27,9.033944875895193
2022-09-28,9.322099799470084
2022-09-29,8.825618259175116
2022-09-30,8.697743609830555
2022-10-01,8.932143275043265
2022-10-02,8.719157686217581
2022-10-03,9.172402704319676
2022-10-04,8.815474588840015
2022-10-05,8.754822509449266
2022-10-06,8.769207404333924
2022-10-07,9.002401301681626
2022-10-08,8.82213159998415
2022-10-09,8.720028215986096
2022-10-10,9.175831526915127
2022-10-11,8.665647378163081
2022-10-12,8.83783714584458
2022-10-13,8.95475195251514
2022-10-14,8.49131660397598
2022-10-15,8.906656730375401
2022-10-16,8.592334267228594
2022-10-17,8.96039584690171
2022-10-18,8.595527120245698
2022-10-19,8.918566010343309
2022-10-20,8.992872931968265
2022-10-21,8.935429433176473
2022-10-22,8.804585499397447
2022-10-23,8.698988868767124
2022-10-24,8.620641564151668
2022-10-25,9.020561136887332
2022-10-26,8.576639007412387
2022-10-27,8.499066731606947
2022-10-28,8.829256650789182
2022-10-29,8.526422494441416
2022-10-30,8.484871341873815
2022-10-31,8.375167760356591
2022-11-01,8.556084859639906
2022-11-02,8.624679006069297
2022-11-03,8.678175899618628
2022-11-04,8.807938162535859
2022-11-05,8.710963194840337
2022-11-06,8.555106782976342
2022-11-07,8.541134274201072
2022-11-08,8.67009535799657
2022-11-09,8.8096703897948
2022-11-10,8.567317553133204
2022-11-11,8.434936643753753
2022-11-12,8.31671139974622
2022-11-13,8.21258301034248
2022-11-14,8.621039186701179
2022-11-15,8.589367972632235
2022-11-16,8.575061967431509
2022-11-17,8.41950854927024
2022-11-18,8.712116997340283
2022-11-19,8.319238692098889
2022-11-20,8.592295660887217
2022-11-21,8.378524128110781
2022-11-22,8.249489354737996
2022-11-23,8.474412754972011
2022-11-24,8.422446008087293
2022-11-25,8.39639489182294
2022-11-26,8.325611643226862
2022-11-27,8.2860116603131
2022-11-28,8.755382363778054
2022-11-29,8.498565059769003
2022-11-30,8.390177691667835
2022-12-01,8.25176831386521
2022-12-02,8.414538481055162
2022-12-03,8.300311774551782
2022-12-04,8.185471625754023
2022-12-05,8.102952627674824
2022-12-06,8.1308387129484
2022-12-07,7.496220523055001
2022-12-08,8.155641083299324
2022-12-09,7.998977673771505
2022-12-10,8.39830058538214
2022-12-11,8.066675827100868
2022-12-12,7.808006513012883
2022-12-13,8.018772146626958
2022-12-14,7.802434790109194
2022-12-15,8.089218232959693
2022-12-16,8.035575952101361
2022-12-17,8.151781203587447
2022-12-18,7.784845874665618
2022-12-19,7.932620059472763
2022-12-20,7.635602637803362
2022-12-21,8.031691959496255
2022-12-22,7.977955795860892
2022-12-23,7.956138771200984
2022-12-24,7.840110528905596
2022-12-25,7.905568098924295
2022-12-26,8.12633107184452
2022-12-27,7.731322141469903
2022-12-28,7.798980859289437
2022-12-29,7.536975543243844
2022-12-30,7.563540794741817
2022-12-31,7.7397960728931
2023-01-01,8.124113819546805
2023-01-02,7.8352229197098895
2023-01-03,7.822511023906963
2023-01-04,7.771600770618189
2023-01-05,7.729383173103128
2023-01-06,7.878763615942548
2023-01-07,7.50383565169078
2023-01-08,8.043080874397518
2023-01-09,7.637507058149577
2023-01-10,7.898768384416894
2023-01-11,7.484286549791457
2023-01-12,7.856060060905278
2023-01-13,7.840798644906433
2023-01-14,7.767484455585557
2023-01-15,7.476113955670487
2023-01-16,7.70939085356912
2023-01-17,7.407482069544663
2023-01-18,7.578287841306898
2023-01-19,7.819609913082375
2023-01-20,7.758098571968372
2023-01-21,7.586974197492234
2023-01-22,7.374308636653498
2023-01-23,7.683877103894187
2023-01-24,7.544286985129428
2023-01-25,7.062164612449591
2023-01-26,7.66874071297083
2023-01-27,7.493529370001139
2023-01-28,7.725205649633287
2023-01-29,7.2521830816356045
2023-01-30,6.822604524124236
2023-01-31,7.500660414459952
2023-02-01,7.49024887112286
2023-02-02,7.081092265001693
2023-02-03,7.211018863939701
2023-02-04,7.945459938636802
2023-02-05,7.321200963493276
2023-02-06,7.516634241188755
2023-02-07,7.228646023677728
2023-02-08,6.92927259269736
2023-02-09,7.302059737850276
2023-02-10,7.271995046575738
2023-02-11,7.234374497187611
2023-02-12,7.280888969116105
2023-02-13,7.346373708008183
2023-02-14,7.253438558303322
2023-02-15,7.020844567686617
2023-02-16,7.361311478893751
2023-02-17,6.864876591582451
2023-02-18,6.835606338793332
2023-02-19,7.384693970890401
2023-02-20,7.329697735717749
2023-02-21,7.208508723011657
2023-02-22,6.932852976419492
2023-02-23,7.062578521130276
2023-02-24,7.144094848138015
2023-02-25,6.870216576190961
2023-02-26,7.03461064233596
2023-02-27,7.3061753454422425
2023-02-28,7.454737141819863
2023-03-01,7.079231703172859
2023-03-02,7.308536527472799
2023-03-03,6.7688264058703345
2023-03-04,7.278209251592276
2023-03-05,6.980492500067207
2023-03-06,7.197998574777444
2023-03-07,7.082511733327993
2023-03-08,7.391964605327705
2023-03-09,6.949102319699647
2023-03-10,7.245907567866876
2023-03-11,7.06117195536071
2023-03-12,7.082390754434236
2023-03-13,7.074551631135817
2023-03-14,6.939751315107722
2023-03-15,7.103923357551251
2023-03-16,7.0923650444749375
2023-03-17,7.151589147927176
2023-03-18,7.11898386827318
2023-03-19,7.260719194337414
2023-03-20,7.285155442522116
2023-03-21,6.889958676979702
2023-03-22,7.273763760381964
2023-03-23,6.862964212598138
2023-03-24,7.218321166387863
2023-03-25,7.225512335785009
2023-03-26,6.7204116485593435
2023-03-27,7.122676853158703
2023-03-28,7.012082870433985
2023-03-29,6.9560247389949925
2023-03-30,7.3802379710524475
2023-03-31,6.98191472947853
2023-04-01,6.954250797424297
2023-04-02,7.1338325177294095
2023-04-03,7.259269607754026
2023-04-04,7.097569827625554
2023-04-05,7.363210187282343
2023-04-06,7.2404551947379625
2023-04-07,6.703227952181413
2023-04-08,7.037871780706692
2023-04-09,7.036575063834507
2023-04-10,7.2502758032587415
2023-04-11,6.635180530783281
2023-04-12,7.675964712920619
2023-04-13,7.278663535399645
2023-04-14,7.208804073066903
2023-04-15,7.422185555098496
2023-04-16,7.661716997759889
2023-04-17,7.3745184592654365
2023-04-18,7.397781272834775
2023-04-19,7.2420704949495125
2023-04-20,7.195803144182367
2023-04-21,7.1373845564694225
2023-04-22,7.0760136433812875
2023-04-23,7.112780088532572
2023-04-24,6.989270401496925
2023-04-25,7.253655083497188
2023-04-26,6.941589931252308
2023-04-27,7.32664424582138
2023-04-28,7.291372790216855
2023-04-29,7.33844140292056
2023-04-30,7.215277834925226
2023-05-01,7.945957247152163
2023-05-02,7.6137173715575
2023-05-03,7.1041194122865
2023-05-04,7.411156594521394
2023-05-05,7.254754733116623
2023-05-06,7.185447432376742
2023-05-07,7.132527258723566
2023-05-08,7.499390570928183
2023-05-09,7.289280334153139
2023-05-10,7.6319305865627625
2023-05-11,7.650126881871106
2023-05-12,7.739350576152112
2023-05-13,7.307475898344311
2023-05-14,7.586596252023275
2023-05-15,7.631764156367696
2023-05-16,7.424364091525406
2023-05-17,7.378943852230306
2023-05-18,7.869468819987574
2023-05-19,7.60749400360811
2023-05-20,7.703777942776798
2023-05-21,7.42691385378231
2023-05-22,7.362367556535584
2023-05-23,7.507376204985789
2023-05-24,7.611645451619149
2023-05-25,7.438926656896119
2023-05-26,7.665255445719492
2023-05-27,7.345105359773983
2023-05-28,7.474502526300052
2023-05-29,7.848518843411767
2023-05-30,7.851033561164906
2023-05-31,7.667948524746255
2023-06-01,7.558924238590496
2023-06-02,7.573249628002434
2023-06-03,7.7204251261554475
2023-06-04,7.940421265448449
2023-06-05,8.01369098073476
2023-06-06,7.745340357787419
2023-06-07,7.6306287487970925
2023-06-08,7.931647214569101
2023-06-09,7.730188506006211
2023-06-10,7.8081227623845155
2023-06-11,8.19376207390593
2023-06-12,8.111114265048872
2023-06-13,7.9943160903370245
2023-06-14,7.725408154878102
2023-06-15,8.039177616046697
2023-06-16,8.226566659420058
2023-06-17,7.956070840044573
2023-06-18,8.31860315077409
2023-06-19,8.324127446280896
2023-06-20,8.415533210272859
2023-06-21,8.16104862530627
2023-06-22,8.234691696117038
2023-06-23,8.417259069288964
2023-06-24,8.241098454637047
2023-06-25,8.068555605244276
2023-06-26,8.096256231431873
2023-06-27,8.250812688202183
2023-06-28,7.96209576051011
2023-06-29,8.208626989040425
2023-06-30,8.473618244310332
2023-07-01,7.833042373948421
2023-07-02,8.595123130202147
2023-07-03,8.529579343609251
2023-07-04,8.22996858983807
2023-07-05,8.447350931580312
2023-07-06,8.355982840497452
2023-07-07,8.617956231221843
2023-07-08,8.585019061434597
2023-07-09,8.124907080019685
2023-07-10,8.538722144385199
2023-07-11,8.396397328865463
2023-07-12,8.470242636279991
2023-07-13,8.32409016269671
2023-07-14,8.835290820067774
2023-07-15,8.709500353186488
2023-07-16,8.369239369817723
2023-07-17,8.265853471168384
2023-07-18,8.47109481554484
2023-07-19,8.650450800121112
2023-07-20,8.626775008905033
2023-07-21,8.844402115113626
2023-07-22,8.766654888288274
2023-07-23,8.81732941251613
2023-07-24,8.703376251660387
2023-07-25,8.37457556712542
2023-07-26,8.627562050061737
2023-07-27,8.892818221435535
2023-07-28,8.684422101255834
2023-07-29,8.809094943839876
2023-07-30,8.658297085391641
2023-07-31,8.52946993118181
2023-08-01,8.723960748225759
2023-08-02,8.82344410684881
2023-08-03,8.643306074940657
2023-08-04,8.739910518252334
2023-08-05,8.611565678654449
2023-08-06,9.035505605794594
2023-08-07,8.764752886778306
2023-08-08,9.125968131989222
2023-08-09,9.152721657804737
2023-08-10,8.842096615534214
2023-08-11,8.667725080374469
2023-08-12,8.463116275524108
2023-08-13,8.59653824215142
2023-08-14,8.626594123194945
2023-08-15,9.18723298449966
2023-08-16,8.944641470747802
2023-08-17,9.009091531184204
2023-08-18,8.496534203847453
2023-08-19,8.710223805684075
2023-08-20,9.13617991356506
2023-08-21,9.024811177206114
2023-08-22,8.946450649407122
2023-08-23,9.097035981663389
2023-08-24,9.31914090768671
2023-08-25,8.955422376944833
2023-08-26,9.02088777333425
2023-08-27,9.052647371931593
2023-08-28,9.499393214771432
2023-08-29,8.607670430695391
2023-08-30,9.170481831780688
2023-08-31,9.016895608190083
2023-09-01,9.158950732663978
2023-09-02,8.919582005496208
2023-09-03,9.046441820420215
2023-09-04,9.203411899765399
2023-09-05,9.688321977863623
2023-09-06,9.23167115973192
2023-09-07,8.90448733556632
2023-09-08,8.993096405101117
2023-09-09,8.99062364859484
2023-09-10,8.725345182226087
2023-09-11,9.021331404053699
2023-09-12,9.236498311451703
2023-09-13,8.837375785602573
2023-09-14,9.303914437104071
2023-09-15,9.193473960364045
2023-09-16,8.950478308713947
2023-09-17,9.070129493687995
2023-09-18,9.418914372767889
2023-09-19,9.246478064681064
2023-09-20,9.101747470715818
2023-09-21,9.052379995262541
2023-09-22,9.114868094777687
2023-09-23,8.996527003996572
2023-09-24,8.67696725972159
2023-09-25,9.505094483861116
2023-09-26,9.126170310940578
2023-09-27,9.172886302291921
2023-09-28,9.079532514018073
2023-09-29,8.941654230087423
2023-09-30,9.048763253774077
2023-10-01,8.76304759954112
2023-10-02,9.53503099125615
2023-10-03,8.829108150947889
2023-10-04,8.865724939859625
2023-10-05,8.979885942146783
2023-10-06,9.321085693534624
2023-10-07,9.061619616839828
2023-10-08,8.806453837424353
2023-10-09,9.29922925216364
2023-10-10,9.188961268747516
2023-10-11,9.144568337738722
2023-10-12,9.173870779272148
2023-10-13,9.503163102309584
2023-10-14,9.454602605066615
2023-10-15,8.873261561493557
2023-10-16,9.328132800886914
2023-10-17,9.072472928686688
2023-10-18,9.087876485857043
2023-10-19,8.64155803764487
2023-10-20,8.937629165631682
2023-10-21,8.800577409982598
2023-10-22,9.119933932728488
2023-10-23,9.159465157433624
2023-10-24,8.521028209215375
2023-10-25,8.921947225923056
2023-10-26,9.140910352404765
2023-10-27,8.869144153858254
2023-10-28,9.041995592783088
2023-10-29,8.955882948604131
2023-10-30,8.943216087757564
2023-10-31,8.809625617176884
2023-11-01,8.609350666704866
2023-11-02,8.61691598136359
2023-11-03,8.971428056977551
2023-11-04,8.821568564779739
2023-11-05,8.777881161185732
2023-11-06,8.708503218422507
2023-11-07,8.719735640380865
2023-11-08,8.97744622311116
2023-11-09,8.68810754083548
2023-11-10,8.473841770576248
2023-11-11,8.877493169703868
2023-11-12,8.674309267190385
2023-11-13,8.707903236331479
2023-11-14,9.009300913572375
2023-11-15,8.669660156434222
2023-11-16,8.71742599703392
2023-11-17,8.409455740280984
2023-11-18,8.58679615769174
2023-11-19,8.737967600057573
2023-11-20,8.290167066677526
2023-11-21,8.626441725731832
2023-11-22,8.591317722202826
2023-11-23,8.564164184625946
2023-11-24,8.747950564082142
2023-11-25,8.591888042939258
2023-11-26,8.80497033848691
2023-11-27,8.29487237353766
2023-11-28,8.504892878647635
2023-11-29,8.478607088007758
2023-11-30,8.231761413919717
2023-12-01,8.6206674826428
2023-12-02,8.87804170210639
2023-12-03,8.393311604376725
2023-12-04,8.481234892853967
2023-12-05,8.380569187891073
2023-12-06,8.204305246499501
2023-12-07,7.966153614670208
2023-12-08,8.172366218820722
2023-12-09,8.018281213603231
2023-12-10,8.620587001337386
2023-12-11,8.239785074153868
2023-12-12,8.17661533111044
2023-12-13,8.40657894241014
2023-12-14,7.987308786550517
2023-12-15,8.04116394221629
2023-12-16,8.191000933083187
2023-12-17,8.36596707565049
2023-12-18,8.243359242038288
2023-12-19,8.175483468730308
2023-12-20,8.124230543935893
2023-12-21,8.171440174216666
2023-12-22,8.114512140798718
2023-12-23,7.850983312040082
2023-12-24,8.049002566960837
2023-12-25,7.807875788982987
2023-12-26,8.021679758762964
2023-12-27,7.892211404580657
2023-12-28,8.479128147103992
2023-12-29,7.946221926329783
2023-12-30,7.656345073809165
2023-12-31,7.893397372139052
2024-01-01,8.207198859334001
2024-01-02,8.421151873790707
2024-01-03,7.951803849781643
2024-01-04,7.736492224714336
2024-01-05,8.19970190955819
2024-01-06,7.743649583620853
2024-01-07,7.916056092425013
2024-01-08,7.935368861961974
2024-01-09,7.956664827115448
2024-01-10,8.092220578744133
2024-01-11,7.801559412812955
2024-01-12,7.867546184362683
2024-01-13,7.903555652753655
2024-01-14,7.920563632688136
2024-01-15,7.894565094972029
2024-01-16,7.946682370694021
2024-01-17,8.012861208419888
2024-01-18,7.907367315456329
2024-01-19,7.904444397593153
2024-01-20,7.4823135532049285
2024-01-21,7.793983148817283
2024-01-22,7.865171461438388
2024-01-23,7.900547800373439
2024-01-24,7.601940582743065
2024-01-25,7.5944198771179465
2024-01-26,7.597394612650807
2024-01-27,7.805658716753346
2024-01-28,7.891491611021514
2024-01-29,7.589745163945845
2024-01-30,7.839537749488846
2024-01-31,7.669539604623833
2024-02-01,7.607078980353979
2024-02-02,7.57694974455939
2024-02-03,7.756041046033454
2024-02-04,7.6595319532502355
2024-02-05,8.037488171853566
2024-02-06,7.3999975173140475
2024-02-07,7.662398329557399
2024-02-08,7.4414929705056885
2024-02-09,7.3622539898117285
2024-02-10,7.522942531225965
2024-02-11,7.541820640802692
2024-02-12,8.087451847229403
2024-02-13,7.456690890542415
2024-02-14,7.257426202657147
2024-02-15,7.528247944774967
2024-02-16,7.049146513072089
2024-02-17,7.436359586126083
2024-02-18,7.448882886709205
2024-02-19,7.595777948539131
2024-02-20,7.623018131176248
2024-02-21,7.319273872244921
2024-02-22,7.38181987444452
2024-02-23,7.250936543142957
2024-02-24,7.171031686713777
2024-02-25,7.45137432578191
2024-02-26,7.1276992642212855
2024-02-27,7.2927838976925345
2024-02-28,7.170241276982173
2024-02-29,7.47305529096262
2024-03-01,7.717524876462877
2024-03-02,7.091320823427162
2024-03-03,6.97571530679004
2024-03-04,7.31630480594269
2024-03-05,7.339669010627403
2024-03-06,7.375794078327395
2024-03-07,7.2386177003240695
2024-03-08,7.2838615896025445
2024-03-09,7.393888390462631
2024-03-10,7.525159626548985
2024-03-11,6.923042095972513
2024-03-12,7.237534521961367
2024-03-13,7.3516476947947575
2024-03-14,7.123147929810438
2024-03-15,7.651128615252762
2024-03-16,7.176259122200082
2024-03-17,7.293824301733151
2024-03-18,7.412324703783424
2024-03-19,7.182196761552263
2024-03-20,6.9307687317843785
2024-03-21,7.214278354880503
2024-03-22,7.506119609205517
2024-03-23,7.233370963403289
2024-03-24,7.13227771855264
2024-03-25,7.487809468792388
2024-03-26,7.2379260246482096
2024-03-27,7.203749930376005
2024-03-28,7.337669008514729
2024-03-29,7.464217546836404
2024-03-30,7.788993263952523
2024-03-31,7.480973404779393
2024-04-01,7.55066152300606
2024-04-02,7.220958418696772
2024-04-03,7.1207259236336835
2024-04-04,7.3424023480723175
2024-04-05,7.355694045397064
2024-04-06,7.123167667854779
2024-04-07,7.308706267427292
2024-04-08,7.4288070040486724
2024-04-09,7.426482291576473
2024-04-10,7.461001512734959
2024-04-11,7.424355717204563
2024-04-12,7.271056584566792
2024-04-13,7.276248586953597
2024-04-14,7.14608173221589
2024-04-15,7.749941195034383
2024-04-16,7.403059203271615
2024-04-17,7.363048042381481
2024-04-18,7.230174073766144
2024-04-19,8.011239875321312
2024-04-20,7.217878038825824
2024-04-21,7.355466456602983
2024-04-22,7.533350275729684
2024-04-23,7.579424187514377
2024-04-24,7.660415784677328
2024-04-25,7.840045148251439
2024-04-26,7.5896924720847805
2024-04-27,7.2874327518319895
2024-04-28,7.457665318218867
2024-04-29,7.581270623432001
2024-04-30,7.944230381417227
2024-05-01,7.262133095836578
2024-05-02,7.79354321334849
2024-05-03,7.600565850945298
2024-05-04,7.743922068749984
2024-05-05,7.5679444343910385
2024-05-06,7.432055146923087
2024-05-07,7.763121788656599
2024-05-08,7.756442586588179
2024-05-09,7.832776774905666
2024-05-10,7.648709511889291
2024-05-11,7.544603294445852
2024-05-12,7.366195852554364
2024-05-13,7.855397783512755
2024-05-14,7.790051209528033
2024-05-15,7.526043199973407
2024-05-16,7.625583509049557
2024-05-17,7.654212924442092
2024-05-18,7.465397942065217
2024-05-19,7.613047913313422
2024-05-20,7.564562984786624
2024-05-21,7.723728647462435
2024-05-22,7.6735266602182985
2024-05-23,7.511048744923799
2024-05-24,8.256288704373485
2024-05-25,8.117732553655415
2024-05-26,7.727002513083686
2024-05-27,7.952996290124749
2024-05-28,7.997829611720652
2024-05-29,8.16849262806402
2024-05-30,7.782602872491613
2024-05-31,8.180898457202371
2024-06-01,7.8691492774662475
2024-06-02,7.727906294509988
2024-06-03,8.15634487898229
2024-06-04,8.28619352729038
2024-06-05,8.562228499589951
2024-06-06,7.8213821809760065
2024-06-07,8.217862424011992
2024-06-08,8.012935251372674
2024-06-09,8.26844503226156
2024-06-10,7.834608945572273
2024-06-11,7.893137224196006
2024-06-12,8.007546263253438
2024-06-13,8.195584764234264
2024-06-14,8.068682049244893
2024-06-15,8.345846070045239
2024-06-16,8.436576496849263
2024-06-17,8.368295841025818
2024-06-18,8.589335916309427
2024-06-19,8.365951969735233
2024-06-20,8.056620657931967
2024-06-21,8.589888658863503
2024-06-22,8.213390364501546
2024-06-23,8.533703367160367
2024-06-24,8.68354927011334
2024-06-25,8.477302400883527
2024-06-26,8.103869934814504
2024-06-27,8.236565611597394
2024-06-28,8.701827665490292
2024-06-29,8.420484283535718
2024-06-30,8.48720785116991
2024-07-01,8.639991593075967
2024-07-02,8.644369072284684
2024-07-03,8.577681475481258
2024-07-04,8.496939091761858
2024-07-05,8.492819605969716
2024-07-06,8.743537922592374
2024-07-07,8.699196339094167
2024-07-08,8.55346122453273
2024-07-09,8.837692124290992
2024-07-10,8.611716076568158
2024-07-11,8.483343687309493
2024-07-12,8.517930403110004
2024-07-13,8.489915238981654
2024-07-14,8.647005985885235
2024-07-15,8.963938458279555
2024-07-16,8.57175655634433
2024-07-17,8.78592449394403
2024-07-18,8.632212401777368
2024-07-19,8.7266720318615
2024-07-20,8.491767307762926
2024-07-21,8.764563298020796
2024-07-22,8.784674531404558
2024-07-23,8.946062760345438
2024-07-24,8.897091495818694
2024-07-25,8.627023331300709
2024-07-26,9.097639922262509
2024-07-27,8.936787295005162
2024-07-28,8.948155573550624
2024-07-29,8.92021027776384
2024-07-30,8.831880811445734
2024-07-31,8.992190028984727
2024-08-01,9.056752305427995
2024-08-02,8.625064480563834
2024-08-03,8.879300599754448
2024-08-04,8.948468932970929
2024-08-05,9.062890743420631
2024-08-06,9.262306239481338
2024-08-07,8.881068860044628
2024-08-08,8.947379718332988
2024-08-09,8.95579898634925
2024-08-10,8.909109308863028
2024-08-11,9.010858552048324
2024-08-12,9.24510610075437
2024-08-13,8.890593989101808
2024-08-14,9.197101938037942
2024-08-15,8.781096107298747
2024-08-16,9.018903027077368
2024-08-17,9.07472054559088
2024-08-18,9.48478902611034
2024-08-19,9.103803497325265
2024-08-20,8.727207660039413
2024-08-21,8.776113923771991
2024-08-22,9.190873427212699
2024-08-23,9.314735517617532
2024-08-24,9.274722041177693
2024-08-25,9.240527833962833
2024-08-26,9.446579907686468
2024-08-27,9.11305304356921
2024-08-28,9.406523794784562
2024-08-29,8.90743425181764
2024-08-30,9.058866491354284
2024-08-31,8.884188108440778
2024-09-01,9.196087456161196
2024-09-02,9.246982583138637
2024-09-03,9.283950082317604
2024-09-04,9.278116608232281
2024-09-05,9.084553255689162
2024-09-06,9.236052286289777
2024-09-07,8.978359007784507
2024-09-08,9.55395226529806
2024-09-09,9.223748602172492
2024-09-10,9.189572218585248
2024-09-11,9.607720560776169
2024-09-12,9.043772902708087
2024-09-13,9.069100484087558
2024-09-14,9.076674931173466
2024-09-15,9.283750696768259
2024-09-16,9.384761747083083
2024-09-17,9.44718510486325
2024-09-18,9.814167565478884
2024-09-19,8.850104248896038
2024-09-20,9.42166377647962
2024-09-21,9.188120166172911
2024-09-22,9.18159668580728
2024-09-23,9.173962735214616
2024-09-24,9.114904967592576
2024-09-25,9.632010278021387
2024-09-26,9.461716314670195
2024-09-27,9.295753259704929
2024-09-28,9.55888074072974
2024-09-29,8.983442356904055
2024-09-30,9.016785525713797
2024-10-01,8.844020145206553
2024-10-02,9.13612764260771
2024-10-03,9.30445790197001
2024-10-04,9.28850949861053
2024-10-05,9.293338930776125
2024-10-06,8.97650645077408
2024-10-07,9.41431194515325
2024-10-08,9.296287083659971
2024-10-09,9.38937199968362
2024-10-10,8.858328910777422
2024-10-11,9.293022102797536
2024-10-12,8.986737674209587
2024-10-13,9.138118975549121
2024-10-14,9.317477609821493
2024-10-15,9.221574523575866
2024-10-16,9.025531294779046
2024-10-17,9.189311953866378
2024-10-18,8.873705140924807
2024-10-19,9.401759797888982
2024-10-20,9.12208532415066
2024-10-21,9.378032158600892
2024-10-22,9.039942719933855
2024-10-23,9.03121028173732
2024-10-24,8.97351684139634
2024-10-25,9.291772837784531
2024-10-26,8.96459371485525
2024-10-27,9.225101950265651
2024-10-28,9.009159375544856
2024-10-29,8.679691381388716
2024-10-30,8.949825799233249
2024-10-31,8.816845184659439
2024-11-01,9.048002555585064
2024-11-02,8.791476006951589
2024-11-03,9.202871933818885
2024-11-04,8.98736843803657
2024-11-05,8.95776202793523
2024-11-06,9.111951837034534
2024-11-07,9.160845251028706
2024-11-08,8.951136606855155
2024-11-09,8.787814653326706
2024-11-10,8.57396889137341
2024-11-11,8.778074648556291
2024-11-12,8.77818161389533
2024-11-13,8.909196742890934
2024-11-14,8.80474289167672
2024-11-15,8.997175856820462
2024-11-16,8.722643784286513
2024-11-17,8.819321814791344
2024-11-18,9.05285987965523
2024-11-19,8.86960685623677
2024-11-20,8.774265198770978
2024-11-21,8.650770619286828
2024-11-22,8.629260414165463
2024-11-23,8.570396133760106
2024-11-24,8.616798966812974
2024-11-25,8.860489126564485
2024-11-26,8.649212622398013
2024-11-27,8.407753351327719
2024-11-28,9.015347589341724
2024-11-29,8.709605350899766
2024-11-30,8.348019802121897
2024-12-01,8.524737255487661
2024-12-02,8.618890095839173
2024-12-03,8.921149093858691
2024-12-04,8.342043001076233
2024-12-05,8.742230324352125
2024-12-06,8.810202955625082
2024-12-07,8.387790054424883
2024-12-08,8.441170166021529
2024-12-09,8.272504736250808
2024-12-10,8.422114784722456
2024-12-11,8.438481202051289
2024-12-12,8.560678177069056
2024-12-13,8.629695701325785
2024-12-14,8.244917536892869
2024-12-15,7.9839214663882645
2024-12-16,8.355964321510545
2024-12-17,8.40172973899826
2024-12-18,8.375701977764141
2024-12-19,8.24327234738688
2024-12-20,8.3163434230441
2024-12-21,8.577270521443316
2024-12-22,8.333324600787972
2024-12-23,8.16511303763359
2024-12-24,8.122573957347337
2024-12-25,8.171492778647254
2024-12-26,8.515688985244434
2024-12-27,8.13459168064218
2024-12-28,8.150241934175984
2024-12-29,8.040730272874223
2024-12-30,8.34003008576283
2024-12-31,8.495294561155358
