Date,Nitrate (mg/L)
2020-01-01,0.3451334970404335
2020-01-02,0.33794131121629833
2020-01-03,0.34496160186947633
2020-01-04,0.35287918954003344
2020-01-05,0.3344751916163663
2020-01-06,0.33364709667054737
2020-01-07,0.3509564871913994
2020-01-08,0.3420189952447377
2020-01-09,0.32883483202942393
2020-01-10,0.33814498480232297
2020-01-11,0.327280136535387
2020-01-12,0.3264573042040992
2020-01-13,0.33274010888283695
2020-01-14,0.3103993996126409
2020-01-15,0.31150080467639196
2020-01-16,0.32235118549006553
2020-01-17,0.3170763541212328
2020-01-18,0.3295844979422595
2020-01-19,0.31660612388935333
2020-01-20,0.3108148723143583
2020-01-21,0.33885336813842293
2020-01-22,0.32120573458703794
2020-01-23,0.32341326011984667
2020-01-24,0.3077730550173566
2020-01-25,0.3158675593595319
2020-01-26,0.321719963282475
2020-01-27,0.3084088610645308
2020-01-28,0.32299275018529033
2020-01-29,0.3125554723710202
2020-01-30,0.314980326840239
2020-01-31,0.3112251160172518
2020-02-01,0.3351195886344127
2020-02-02,0.31582635727876984
2020-02-03,0.3047588293660921
2020-02-04,0.322946268615673
2020-02-05,0.30190771781649167
2020-02-06,0.31561075824572316
2020-02-07,0.29334219821877244
2020-02-08,0.29908479813441524
2020-02-09,0.3137741817191641
2020-02-10,0.31864046373160204
2020-02-11,0.312431190057964
2020-02-12,0.3090343739869868
2020-02-13,0.30666496572805985
2020-02-14,0.2943878775240299
2020-02-15,0.3014838479798574
2020-02-16,0.3035973383194703
2020-02-17,0.31830876939453595
2020-02-18,0.3107200744081932
2020-02-19,0.2892124920438771
2020-02-20,0.3096555237584818
2020-02-21,0.30214856699716003
2020-02-22,0.29882791386546576
2020-02-23,0.3113247983516632
2020-02-24,0.31514220510872526
2020-02-25,0.3137825696864512
2020-02-26,0.2957286434648039
2020-02-27,0.3006933401318332
2020-02-28,0.3067764377621367
2020-02-29,0.31291138395645196
2020-03-01,0.29807020045202604
2020-03-02,0.30072533123275325
2020-03-03,0.2912526004284174
2020-03-04,0.2901020429098285
2020-03-05,0.30995173079573457
2020-03-06,0.31516551113450497
2020-03-07,0.30067398895274355
2020-03-08,0.3112348014473018
2020-03-09,0.3046356756682018
2020-03-10,0.29440247485494964
2020-03-11,0.3043165485568926
2020-03-12,0.3159464861530426
2020-03-13,0.3000860364092277
2020-03-14,0.31598359409476934
2020-03-15,0.2740472834040677
2020-03-16,0.30838607995604367
2020-03-17,0.3009746126391121
2020-03-18,0.2970659407160896
2020-03-19,0.3009402937309872
2020-03-20,0.28012847792125417
2020-03-21,0.29780374413481536
2020-03-22,0.3035827006161229
2020-03-23,0.314816439885431
2020-03-24,0.2948955267594853
2020-03-25,0.2920488153156603
2020-03-26,0.29518647975679563
2020-03-27,0.30944312583232314
2020-03-28,0.3036764006257002
2020-03-29,0.29520577320796193
2020-03-30,0.3057652022114342
2020-03-31,0.3017470846558758
2020-04-01,0.31062112639174844
2020-04-02,0.29408705198594365
2020-04-03,0.2980183557754013
2020-04-04,0.297575722376103
2020-04-05,0.2870778536359361
2020-04-06,0.3049047135770307
2020-04-07,0.3047988113922036
2020-04-08,0.3024983087516669
2020-04-09,0.3003743092948914
2020-04-10,0.2888534896824011
2020-04-11,0.29910168533120013
2020-04-12,0.30019577065577246
2020-04-13,0.2959286629219521
2020-04-14,0.3026807434740732
2020-04-15,0.30868981792801353
2020-04-16,0.32388031552949315
2020-04-17,0.30714671080534095
2020-04-18,0.30837212841005945
2020-04-19,0.30546095558512615
2020-04-20,0.2874394701105297
2020-04-21,0.3067966633317177
2020-04-22,0.3081114475230339
2020-04-23,0.33260150084312895
2020-04-24,0.30651785903389833
2020-04-25,0.3119416457582154
2020-04-26,0.3090759293525795
2020-04-27,0.29824516521507083
2020-04-28,0.3218809453073113
2020-04-29,0.31850453777332893
2020-04-30,0.3194395781262336
2020-05-01,0.30299083502812446
2020-05-02,0.32667933872453325
2020-05-03,0.2992106382238779
2020-05-04,0.3196863690232071
2020-05-05,0.33632172514401104
2020-05-06,0.3051217203961108
2020-05-07,0.3099843843427889
2020-05-08,0.3172743327092291
2020-05-09,0.3118835125467241
2020-05-10,0.30206188763758957
2020-05-11,0.31891401470355135
2020-05-12,0.30827462544069556
2020-05-13,0.32431208080059554
2020-05-14,0.31106942330962384
2020-05-15,0.3364593303774853
2020-05-16,0.31383237926208174
2020-05-17,0.31915761917956226
2020-05-18,0.3312349135967817
2020-05-19,0.3115205764673829
2020-05-20,0.32684105215343606
2020-05-21,0.33838265003482537
2020-05-22,0.30998847564859827
2020-05-23,0.32866882504018047
2020-05-24,0.3301873608554637
2020-05-25,0.33617944909025155
2020-05-26,0.3167708127606033
2020-05-27,0.31672103440885857
2020-05-28,0.3359362453439886
2020-05-29,0.3344836195877982
2020-05-30,0.3348211223946402
2020-05-31,0.3365883371152641
2020-06-01,0.32713626969959686
2020-06-02,0.33707647573879557
2020-06-03,0.33850660308895636
2020-06-04,0.32925857794303104
2020-06-05,0.35589008035563824
2020-06-06,0.3428046909088204
2020-06-07,0.3269908893777652
2020-06-08,0.34631031109290733
2020-06-09,0.3308418478055645
2020-06-10,0.34930618882835063
2020-06-11,0.35387051475686
2020-06-12,0.3349292382108196
2020-06-13,0.35362335904747555
2020-06-14,0.34897272439699323
2020-06-15,0.3539223616630726
2020-06-16,0.3655278084864235
2020-06-17,0.3449651354788086
2020-06-18,0.3407415577752878
2020-06-19,0.34024418789595307
2020-06-20,0.3418418971503456
2020-06-21,0.35008965071365067
2020-06-22,0.3551326003293037
2020-06-23,0.3553478913544629
2020-06-24,0.3617119538304762
2020-06-25,0.3544282588556514
2020-06-26,0.3696904256439449
2020-06-27,0.353363833912588
2020-06-28,0.38406563027155943
2020-06-29,0.36397211451086414
2020-06-30,0.34999308164491105
2020-07-01,0.3487024105115511
2020-07-02,0.3650799491458628
2020-07-03,0.3588614477969498
2020-07-04,0.36907364324121844
2020-07-05,0.3675000410015448
2020-07-06,0.3628696187501365
2020-07-07,0.35595618446334637
2020-07-08,0.3500975889859558
2020-07-09,0.361598333563948
2020-07-10,0.3754401329229404
2020-07-11,0.3698247435501206
2020-07-12,0.3560288393574138
2020-07-13,0.3710149795706921
2020-07-14,0.373927573257587
2020-07-15,0.36202110576860447
2020-07-16,0.37317603068697686
2020-07-17,0.37299355427148057
2020-07-18,0.3617478105668363
2020-07-19,0.37751456560927227
2020-07-20,0.3802966227716812
2020-07-21,0.386264059624358
2020-07-22,0.3867088008886265
2020-07-23,0.3631235648973441
2020-07-24,0.3682435152592297
2020-07-25,0.38348544048664246
2020-07-26,0.3841778731818121
2020-07-27,0.38488681121109863
2020-07-28,0.4189511584123035
2020-07-29,0.38681124252897503
2020-07-30,0.3931272714463148
2020-07-31,0.39197149568668105
2020-08-01,0.3895956434251719
2020-08-02,0.3805694884952438
2020-08-03,0.391942330566116
2020-08-04,0.37724466420720665
2020-08-05,0.3832146450466887
2020-08-06,0.3813285664365046
2020-08-07,0.3875895925420625
2020-08-08,0.4104951900515629
2020-08-09,0.36924263849801064
2020-08-10,0.39533334324794206
2020-08-11,0.37288763384164225
2020-08-12,0.3848279641799445
2020-08-13,0.40095756037840746
2020-08-14,0.3912197531413227
2020-08-15,0.38029637988582765
2020-08-16,0.3844054942256907
2020-08-17,0.39882689777107067
2020-08-18,0.385187188259205
2020-08-19,0.3951027838096099
2020-08-20,0.393828536135518
2020-08-21,0.38727858178115393
2020-08-22,0.41564281639042144
2020-08-23,0.4009382575461576
2020-08-24,0.3747301176160361
2020-08-25,0.3972152337878261
2020-08-26,0.3890885347615828
2020-08-27,0.404572897733794
2020-08-28,0.38845187679463283
2020-08-29,0.39554449702647726
2020-08-30,0.40204267568689933
2020-08-31,0.40593737131305835
2020-09-01,0.3855498617441999
2020-09-02,0.3944667289711858
2020-09-03,0.39330703608200546
2020-09-04,0.3917537045570056
2020-09-05,0.4161577384953863
2020-09-06,0.4027548398682306
2020-09-07,0.3862835775319324
2020-09-08,0.40824394298412825
2020-09-09,0.42044525280773093
2020-09-10,0.40969212472521077
2020-09-11,0.3843029250948275
2020-09-12,0.39476876974223407
2020-09-13,0.41238000683656384
2020-09-14,0.3927192551511711
2020-09-15,0.40430444293687007
2020-09-16,0.40766811159207156
2020-09-17,0.3906931958462033
2020-09-18,0.39939317153837656
2020-09-19,0.3675868635861188
2020-09-20,0.389751956519394
2020-09-21,0.39745163252043625
2020-09-22,0.38746615395960315
2020-09-23,0.41621997108258596
2020-09-24,0.3855315313081022
2020-09-25,0.39535482068806505
2020-09-26,0.4009702482362316
2020-09-27,0.41396843609033385
2020-09-28,0.3850752579998226
2020-09-29,0.41092904501974115
2020-09-30,0.399248658209195
2020-10-01,0.38916559807179496
2020-10-02,0.40342156227425113
2020-10-03,0.4005965067871878
2020-10-04,0.39239472037961526
2020-10-05,0.3988715482781076
2020-10-06,0.39408275488074723
2020-10-07,0.39881922328403474
2020-10-08,0.404039385745819
2020-10-09,0.4129982253309746
2020-10-10,0.38446591232650307
2020-10-11,0.41786653029846166
2020-10-12,0.3766936581144297
2020-10-13,0.39436133035261384
2020-10-14,0.40141340356955657
2020-10-15,0.3979777087935845
2020-10-16,0.3885649693385395
2020-10-17,0.39232164362790195
2020-10-18,0.38907060085208844
2020-10-19,0.387691668366024
2020-10-20,0.4016531273727058
2020-10-21,0.3962862633471418
2020-10-22,0.3853333569150466
2020-10-23,0.40079227272526435
2020-10-24,0.39439070514496155
2020-10-25,0.3989555237606854
2020-10-26,0.39662028573528335
2020-10-27,0.38151919307991006
2020-10-28,0.383680682351966
2020-10-29,0.39621713811958464
2020-10-30,0.39429813329386176
2020-10-31,0.387424325436959
2020-11-01,0.3882343743755176
2020-11-02,0.3992545266622087
2020-11-03,0.37996813179543976
2020-11-04,0.3907501543170593
2020-11-05,0.38264213482000997
2020-11-06,0.3818618584415786
2020-11-07,0.39439096173054855
2020-11-08,0.39101198135033455
2020-11-09,0.39023783202183454
2020-11-10,0.394492928801335
2020-11-11,0.380974268414494
2020-11-12,0.38690073287419574
2020-11-13,0.3762865950486891
2020-11-14,0.3819302769201006
2020-11-15,0.37667803257683197
2020-11-16,0.37823198157695975
2020-11-17,0.3824880726624658
2020-11-18,0.3676209127184579
2020-11-19,0.3959859634291434
2020-11-20,0.3642534615404375
2020-11-21,0.36141608925581586
2020-11-22,0.3843764434104236
2020-11-23,0.3799425661571541
2020-11-24,0.37749121516899925
2020-11-25,0.3767512530334238
2020-11-26,0.3695570461043542
2020-11-27,0.3599128545453399
2020-11-28,0.36884373211842564
2020-11-29,0.3605089985184155
2020-11-30,0.37622162144540405
2020-12-01,0.36418477823177
2020-12-02,0.3565806689957494
2020-12-03,0.3607976753434308
2020-12-04,0.36731258917915655
2020-12-05,0.35671386349600703
2020-12-06,0.3532930795558663
2020-12-07,0.3631129178869089
2020-12-08,0.36228331020076604
2020-12-09,0.35391889753256683
2020-12-10,0.35342996759074263
2020-12-11,0.35961045921957013
2020-12-12,0.34195656545765585
2020-12-13,0.34150831261231923
2020-12-14,0.34754239527833564
2020-12-15,0.35173485244455466
2020-12-16,0.35611973952426973
2020-12-17,0.366904673819722
2020-12-18,0.3598675182433768
2020-12-19,0.34883096454480017
2020-12-20,0.3493794880765387
2020-12-21,0.33868378434226526
2020-12-22,0.3476637569898496
2020-12-23,0.344102749742509
2020-12-24,0.34935786164170773
2020-12-25,0.3370008530736168
2020-12-26,0.349610514786327
2020-12-27,0.35888998025739677
2020-12-28,0.3416224386694377
2020-12-29,0.3458767665740636
2020-12-30,0.347913110630833
2020-12-31,0.33615415079146277
2021-01-01,0.36240728032842534
2021-01-02,0.3594498782358282
2021-01-03,0.35946147747395774
2021-01-04,0.34991879313739854
2021-01-05,0.35706182710618906
2021-01-06,0.3609684491524937
2021-01-07,0.3696757951142759
2021-01-08,0.3639373562140607
2021-01-09,0.375061400463889
2021-01-10,0.34504590873758284
2021-01-11,0.36063751983071846
2021-01-12,0.35294802179718526
2021-01-13,0.37221851549935336
2021-01-14,0.3414492192056674
2021-01-15,0.3403527645797146
2021-01-16,0.34198013432803503
2021-01-17,0.325965708081479
2021-01-18,0.34118447439949917
2021-01-19,0.3380950380290285
2021-01-20,0.3464418471924733
2021-01-21,0.34761444020697896
2021-01-22,0.36222520598406216
2021-01-23,0.35224221645482795
2021-01-24,0.33625150032286716
2021-01-25,0.3323272398913002
2021-01-26,0.3455299291004414
2021-01-27,0.32671646476854743
2021-01-28,0.3575503576603772
2021-01-29,0.35035626047742113
2021-01-30,0.33320550781712477
2021-01-31,0.320110836848637
2021-02-01,0.35013553053097746
2021-02-02,0.334815931073623
2021-02-03,0.34771410177538575
2021-02-04,0.31877654290669744
2021-02-05,0.32812240408666415
2021-02-06,0.33357455929285745
2021-02-07,0.3334087053952176
2021-02-08,0.32786600390860715
2021-02-09,0.33803406868394786
2021-02-10,0.320579593637822
2021-02-11,0.32929371239585137
2021-02-12,0.3313938131279882
2021-02-13,0.33482039102454025
2021-02-14,0.3362892462085931
2021-02-15,0.3174358691454258
2021-02-16,0.31286258432171193
2021-02-17,0.3405143153513319
2021-02-18,0.33060703163230454
2021-02-19,0.31935802823193893
2021-02-20,0.34192620381975913
2021-02-21,0.32715613614425176
2021-02-22,0.3373901057091636
2021-02-23,0.32588322027735567
2021-02-24,0.34543968913258566
2021-02-25,0.34202317691972123
2021-02-26,0.32163117721223955
2021-02-27,0.3335011733998889
2021-02-28,0.3299175629439525
2021-03-01,0.33684224826055187
2021-03-02,0.31321270822467795
2021-03-03,0.3294424355993758
2021-03-04,0.33290019503697355
2021-03-05,0.30447671428640405
2021-03-06,0.30999388744513484
2021-03-07,0.30121078907119575
2021-03-08,0.31870002182410134
2021-03-09,0.3283748950263412
2021-03-10,0.33604288593868575
2021-03-11,0.32159462020519863
2021-03-12,0.33698874795752143
2021-03-13,0.306765105906234
2021-03-14,0.3034104724067757
2021-03-15,0.3197816805476631
2021-03-16,0.32408538893435823
2021-03-17,0.31984010743135055
2021-03-18,0.29942972095633164
2021-03-19,0.3191648138256204
2021-03-20,0.30697799096058365
2021-03-21,0.32670089255556345
2021-03-22,0.323666445474159
2021-03-23,0.3106127770377319
2021-03-24,0.31489883026464893
2021-03-25,0.3094860937233323
2021-03-26,0.3195069603718605
2021-03-27,0.32975547339765343
2021-03-28,0.31043184419194697
2021-03-29,0.3254293546842818
2021-03-30,0.3152007990619079
2021-03-31,0.31270379955767724
2021-04-01,0.31970600556284984
2021-04-02,0.3105822532622258
2021-04-03,0.3155710898712454
2021-04-04,0.3093161983154905
2021-04-05,0.34114405523658853
2021-04-06,0.3220656386369745
2021-04-07,0.31494625572645907
2021-04-08,0.324328057777747
2021-04-09,0.32132389368833403
2021-04-10,0.32051048463331067
2021-04-11,0.3291488641033395
2021-04-12,0.3308832156593268
2021-04-13,0.3183179043449349
2021-04-14,0.31819325320772146
2021-04-15,0.32154308361921685
2021-04-16,0.30163009771251237
2021-04-17,0.30986654589540236
2021-04-18,0.3390696753514678
2021-04-19,0.34224630163784464
2021-04-20,0.3237150543472241
2021-04-21,0.33239275189407785
2021-04-22,0.33017430363164524
2021-04-23,0.358297953508176
2021-04-24,0.3391648288326219
2021-04-25,0.32716229276690195
2021-04-26,0.31937076792887503
2021-04-27,0.3133585838470562
2021-04-28,0.3319665819499384
2021-04-29,0.3228892097093181
2021-04-30,0.31676267035048444
2021-05-01,0.3250635298133779
2021-05-02,0.3212692295399279
2021-05-03,0.3495228119658979
2021-05-04,0.3420455464212952
2021-05-05,0.33373807167203823
2021-05-06,0.34921661027481155
2021-05-07,0.33580076672389386
2021-05-08,0.327034519625534
2021-05-09,0.3515090598310493
2021-05-10,0.3423073695247327
2021-05-11,0.3271960604049864
2021-05-12,0.33632499817465505
2021-05-13,0.33014148004410904
2021-05-14,0.32574815918460037
2021-05-15,0.3495254411272783
2021-05-16,0.36005415273201125
2021-05-17,0.3276792364472527
2021-05-18,0.3480079267085247
2021-05-19,0.33659331573186674
2021-05-20,0.3389579657940755
2021-05-21,0.3386425135650061
2021-05-22,0.33667131479520296
2021-05-23,0.34654852427365884
2021-05-24,0.3385129852907471
2021-05-25,0.3502931011707779
2021-05-26,0.3478588392779871
2021-05-27,0.34675083940072005
2021-05-28,0.34084996391928535
2021-05-29,0.3449491163821363
2021-05-30,0.35906768511372394
2021-05-31,0.35732536576742524
2021-06-01,0.34334830257230886
2021-06-02,0.3549298399696741
2021-06-03,0.3622678100009034
2021-06-04,0.3388818255447558
2021-06-05,0.36183569404709404
2021-06-06,0.3506060976547322
2021-06-07,0.3637723483856341
2021-06-08,0.35127133278436656
2021-06-09,0.34169595399992386
2021-06-10,0.34431324012900616
2021-06-11,0.36191619225753996
2021-06-12,0.3648817839840008
2021-06-13,0.3540928951432927
2021-06-14,0.37037552234280613
2021-06-15,0.34822971450493867
2021-06-16,0.36504096207665454
2021-06-17,0.3544497166622595
2021-06-18,0.3609006555608157
2021-06-19,0.3687529061320268
2021-06-20,0.3605351985393688
2021-06-21,0.36615444455770174
2021-06-22,0.3809235958999362
2021-06-23,0.3659521618859058
2021-06-24,0.3809379044818141
2021-06-25,0.3621430527935398
2021-06-26,0.37959628171602516
2021-06-27,0.3895707710789508
2021-06-28,0.3512939572436947
2021-06-29,0.3688949860509585
2021-06-30,0.3834861623050195
2021-07-01,0.37653420334864396
2021-07-02,0.3831227942258753
2021-07-03,0.37421537312627273
2021-07-04,0.3819619735249373
2021-07-05,0.3803768659463767
2021-07-06,0.3944454853724074
2021-07-07,0.3861421163097174
2021-07-08,0.3878001482647825
2021-07-09,0.3811272915715898
2021-07-10,0.3811874208438933
2021-07-11,0.3825505631015095
2021-07-12,0.3916283275326016
2021-07-13,0.38427638233633105
2021-07-14,0.3921809188811445
2021-07-15,0.41082840744675303
2021-07-16,0.39957092716493275
2021-07-17,0.3883785443058432
2021-07-18,0.40442360630866003
2021-07-19,0.3890967598149271
2021-07-20,0.3735554466540109
2021-07-21,0.3846079143988248
2021-07-22,0.3767256279823467
2021-07-23,0.3926556455278644
2021-07-24,0.3970844423688105
2021-07-25,0.4143861387811338
2021-07-26,0.40160436155219753
2021-07-27,0.3968490083846014
2021-07-28,0.4080303901598731
2021-07-29,0.3783124904156775
2021-07-30,0.40345848300312903
2021-07-31,0.4094802669833785
2021-08-01,0.38764561559395067
2021-08-02,0.4145192713441832
2021-08-03,0.40710714501659145
2021-08-04,0.4001997592221753
2021-08-05,0.4113007350136452
2021-08-06,0.42828975969213273
2021-08-07,0.4080008644653806
2021-08-08,0.4092530570112026
2021-08-09,0.40275499538942533
2021-08-10,0.39941684672928024
2021-08-11,0.4167740995096394
2021-08-12,0.40045395429445013
2021-08-13,0.4102629452100328
2021-08-14,0.40529147994108267
2021-08-15,0.41536675120783195
2021-08-16,0.4144104487179902
2021-08-17,0.4219339307608694
2021-08-18,0.4069307562931765
2021-08-19,0.40979210522344267
2021-08-20,0.4031505607559671
2021-08-21,0.40892988513571876
2021-08-22,0.41756759018766065
2021-08-23,0.4217732616636217
2021-08-24,0.4053774140812012
2021-08-25,0.4236776026836688
2021-08-26,0.42890706922818134
2021-08-27,0.4198407484415037
2021-08-28,0.43481652251141245
2021-08-29,0.4086391921879241
2021-08-30,0.40424531440803213
2021-08-31,0.399205600408052
2021-09-01,0.43224026248624897
2021-09-02,0.4240964823782983
2021-09-03,0.4172558946204908
2021-09-04,0.42085617545681325
2021-09-05,0.40703210640975895
2021-09-06,0.44296071588874364
2021-09-07,0.4199972345783733
2021-09-08,0.4199863650213318
2021-09-09,0.42632298975256744
2021-09-10,0.42403378315497176
2021-09-11,0.42160631236249063
2021-09-12,0.41159188019991455
2021-09-13,0.42432579404225657
2021-09-14,0.43853114030944795
2021-09-15,0.43325015026890873
2021-09-16,0.43579811492180176
2021-09-17,0.41480961429346636
2021-09-18,0.41006645235939837
2021-09-19,0.4187305558979981
2021-09-20,0.4205567861096965
2021-09-21,0.4309377481174464
2021-09-22,0.4030526677372197
2021-09-23,0.43523948897385784
2021-09-24,0.41831577905747974
2021-09-25,0.4155641343882343
2021-09-26,0.4096342218024332
2021-09-27,0.40311427574471304
2021-09-28,0.42778740903929185
2021-09-29,0.42016705918350106
2021-09-30,0.406397798500781
2021-10-01,0.40619553987836293
2021-10-02,0.41562283758937324
2021-10-03,0.4354907427845124
2021-10-04,0.41600999631781704
2021-10-05,0.4033654596200221
2021-10-06,0.415716096787348
2021-10-07,0.41520865515188815
2021-10-08,0.3907151834021066
2021-10-09,0.41687513033543044
2021-10-10,0.4148287118674343
2021-10-11,0.42380613096290576
2021-10-12,0.4350257575013525
2021-10-13,0.42748018640513225
2021-10-14,0.4131902943974214
2021-10-15,0.4044649724172941
2021-10-16,0.4409013881487328
2021-10-17,0.4153841488768904
2021-10-18,0.41454215905060415
2021-10-19,0.41375935932757674
2021-10-20,0.41556616354314463
2021-10-21,0.41171350228325615
2021-10-22,0.406979488418689
2021-10-23,0.40679386345524926
2021-10-24,0.4114687412687719
2021-10-25,0.4058834622248578
2021-10-26,0.4036984447455242
2021-10-27,0.4113882995929662
2021-10-28,0.40725937101492227
2021-10-29,0.4243224226397626
2021-10-30,0.38223450398442194
2021-10-31,0.4191094991587518
2021-11-01,0.42009419330157677
2021-11-02,0.3863271982183483
2021-11-03,0.40305100176352093
2021-11-04,0.40216943702384017
2021-11-05,0.3912040635581807
2021-11-06,0.39688589446844014
2021-11-07,0.39293291201919256
2021-11-08,0.4209258976449129
2021-11-09,0.4121146017919289
2021-11-10,0.4148182866117698
2021-11-11,0.40865486137022405
2021-11-12,0.38947371228599414
2021-11-13,0.3948360004984484
2021-11-14,0.4042830082269029
2021-11-15,0.3864673353062968
2021-11-16,0.40510944742223276
2021-11-17,0.3948587679454512
2021-11-18,0.3927882943326007
2021-11-19,0.40291271923282757
2021-11-20,0.3995047237871492
2021-11-21,0.3907039736972437
2021-11-22,0.4051512734173357
2021-11-23,0.381984701399424
2021-11-24,0.3981852952869674
2021-11-25,0.39718102957816154
2021-11-26,0.38737233354764117
2021-11-27,0.39294084405524454
2021-11-28,0.3763742624963452
2021-11-29,0.3973259567285574
2021-11-30,0.3854315942691068
2021-12-01,0.38124319390603617
2021-12-02,0.39614544430516024
2021-12-03,0.377792204058247
2021-12-04,0.36992692079632516
2021-12-05,0.3676169829011613
2021-12-06,0.38841120853750316
2021-12-07,0.3687109899865678
2021-12-08,0.3982239875918335
2021-12-09,0.3590143504108416
2021-12-10,0.3959528929691785
2021-12-11,0.38025052531895204
2021-12-12,0.37632282872728984
2021-12-13,0.3709882180045396
2021-12-14,0.3795743114996055
2021-12-15,0.3743504904666115
2021-12-16,0.3849023427818384
2021-12-17,0.3741529403549101
2021-12-18,0.3736541292648453
2021-12-19,0.3676547998892181
2021-12-20,0.3698608936072238
2021-12-21,0.37264766784448616
2021-12-22,0.35160739406207714
2021-12-23,0.35436703412871634
2021-12-24,0.37442197707193753
2021-12-25,0.36783933041960626
2021-12-26,0.36343332914561327
2021-12-27,0.36460138897456923
2021-12-28,0.3670384081809877
2021-12-29,0.3573124433509127
2021-12-30,0.35407660209905106
2021-12-31,0.36297012326469874
2022-01-01,0.3703826277341708
2022-01-02,0.3834064817851549
2022-01-03,0.361458880446091
2022-01-04,0.3879404473492097
2022-01-05,0.38154270018773007
2022-01-06,0.3785487635831779
2022-01-07,0.3849912688757806
2022-01-08,0.3909993923978344
2022-01-09,0.3836732765389548
2022-01-10,0.35431064205314683
2022-01-11,0.35911854379615454
2022-01-12,0.3648664159628449
2022-01-13,0.37058139666928497
2022-01-14,0.37470879226391013
2022-01-15,0.3614925448699876
2022-01-16,0.36984172842724605
2022-01-17,0.3596508360010438
2022-01-18,0.36032684658638725
2022-01-19,0.3516197536760833
2022-01-20,0.35570557686660215
2022-01-21,0.350680034393044
2022-01-22,0.35370476506213
2022-01-23,0.37327439603904583
2022-01-24,0.3525265479911717
2022-01-25,0.38763520725315764
2022-01-26,0.3655439163941852
2022-01-27,0.3617671580757026
2022-01-28,0.3506521922000215
2022-01-29,0.3655649580642981
2022-01-30,0.352140886075794
2022-01-31,0.35846228028599936
2022-02-01,0.3821976521720113
2022-02-02,0.3550007305289027
2022-02-03,0.3668286719185079
2022-02-04,0.3476890552433822
2022-02-05,0.35376626941123224
2022-02-06,0.3712301286520307
2022-02-07,0.3466692288796925
2022-02-08,0.3704911442033688
2022-02-09,0.35888308871502755
2022-02-10,0.3456311301727053
2022-02-11,0.3570415846366194
2022-02-12,0.3599164013071365
2022-02-13,0.35589410230612467
2022-02-14,0.33347085022879963
2022-02-15,0.34141091830555576
2022-02-16,0.3457285396735531
2022-02-17,0.3469932128413463
2022-02-18,0.3534906124880154
2022-02-19,0.348619903606837
2022-02-20,0.3330612404774329
2022-02-21,0.3498013683113828
2022-02-22,0.3517029913213635
2022-02-23,0.3508059399425649
2022-02-24,0.3556400171393119
2022-02-25,0.3528089900407782
2022-02-26,0.34871261948931465
2022-02-27,0.34308380677575884
2022-02-28,0.3268541941129411
2022-03-01,0.34745211487655425
2022-03-02,0.34493881970211004
2022-03-03,0.34529770937134513
2022-03-04,0.32954846441027463
2022-03-05,0.33125354374655247
2022-03-06,0.3523580011051216
2022-03-07,0.34120755931023017
2022-03-08,0.3482090971422731
2022-03-09,0.34148265622968615
2022-03-10,0.3413168768126829
2022-03-11,0.3502365104607608
2022-03-12,0.3355421452196347
2022-03-13,0.3415273282577928
2022-03-14,0.3358215439132768
2022-03-15,0.33599219526230606
2022-03-16,0.33715301321027874
2022-03-17,0.34238839262862863
2022-03-18,0.33531665574009556
2022-03-19,0.3526135754764835
2022-03-20,0.3310766129434371
2022-03-21,0.3381354506256495
2022-03-22,0.33560315243044875
2022-03-23,0.35448135374454276
2022-03-24,0.34200304720313157
2022-03-25,0.3503966743369081
2022-03-26,0.32527814761422247
2022-03-27,0.34287455285133356
2022-03-28,0.34918541261153674
2022-03-29,0.34121172942185757
2022-03-30,0.3511581789962859
2022-03-31,0.3354596433792969
2022-04-01,0.3548697835642512
2022-04-02,0.36392365772261204
2022-04-03,0.3374791973203205
2022-04-04,0.3368399520273712
2022-04-05,0.3560306486786016
2022-04-06,0.35750872457456434
2022-04-07,0.33671491053485225
2022-04-08,0.3379863904994461
2022-04-09,0.3396293280966372
2022-04-10,0.32927567551830006
2022-04-11,0.33382067763806317
2022-04-12,0.3332667308913331
2022-04-13,0.3359449401699989
2022-04-14,0.3436045867403004
2022-04-15,0.34663574791609847
2022-04-16,0.3601543142880089
2022-04-17,0.3350349161099999
2022-04-18,0.3552441566617884
2022-04-19,0.3436567360605767
2022-04-20,0.3457107776462635
2022-04-21,0.3533753771851862
2022-04-22,0.33583458187058685
2022-04-23,0.3513332428854641
2022-04-24,0.34963360180040665
2022-04-25,0.35336598132179103
2022-04-26,0.35181785877395744
2022-04-27,0.3739760484487408
2022-04-28,0.343554545748753
2022-04-29,0.3451427476121429
2022-04-30,0.3447538021822136
2022-05-01,0.34597448746420056
2022-05-02,0.3457108383030067
2022-05-03,0.36454156092624773
2022-05-04,0.36743419133169924
2022-05-05,0.3481103351477096
2022-05-06,0.346093613154869
2022-05-07,0.3597412392112817
2022-05-08,0.3501251311960069
2022-05-09,0.3626071372359078
2022-05-10,0.358947499296399
2022-05-11,0.3424110807982786
2022-05-12,0.3737034369687917
2022-05-13,0.3768564393089118
2022-05-14,0.35344826958939984
2022-05-15,0.35638665005260195
2022-05-16,0.36381864023455895
2022-05-17,0.36500948008531436
2022-05-18,0.36896367706834726
2022-05-19,0.38320178681074846
2022-05-20,0.3620597473567819
2022-05-21,0.3565834803620102
2022-05-22,0.35151803021185585
2022-05-23,0.35875400759479137
2022-05-24,0.36649121672611945
2022-05-25,0.3855341115481573
2022-05-26,0.36318510738211673
2022-05-27,0.3713781993857731
2022-05-28,0.36976137157897376
2022-05-29,0.38260076242230046
2022-05-30,0.39678309711420257
2022-05-31,0.36700750616197814
2022-06-01,0.3682294605951121
2022-06-02,0.3843781256860725
2022-06-03,0.3815728536634486
2022-06-04,0.39404295161332986
2022-06-05,0.38224137397655433
2022-06-06,0.37363941433632003
2022-06-07,0.3839729100066256
2022-06-08,0.3899909601556208
2022-06-09,0.38794959681854263
2022-06-10,0.38566140481891076
2022-06-11,0.39210208968681765
2022-06-12,0.39397751487124266
2022-06-13,0.39695765130471206
2022-06-14,0.39047669663092877
2022-06-15,0.3831737343244597
2022-06-16,0.38716889692746087
2022-06-17,0.3986249683249675
2022-06-18,0.3792496599289649
2022-06-19,0.3919656525075917
2022-06-20,0.38520594406893466
2022-06-21,0.39028744822934813
2022-06-22,0.4036451864338647
2022-06-23,0.39363207126133626
2022-06-24,0.39304534884272413
2022-06-25,0.37984155993031676
2022-06-26,0.4017607755971445
2022-06-27,0.4016099266837825
2022-06-28,0.4176429494780222
2022-06-29,0.3937861562561332
2022-06-30,0.39990694430985346
2022-07-01,0.40105849404618144
2022-07-02,0.4151858682897969
2022-07-03,0.3993022696695614
2022-07-04,0.4038862909079116
2022-07-05,0.40801260339746287
2022-07-06,0.4046337559873729
2022-07-07,0.39913357173119995
2022-07-08,0.40636502157301346
2022-07-09,0.41598237873141214
2022-07-10,0.3957983300905076
2022-07-11,0.4082058417211744
2022-07-12,0.4006825979594268
2022-07-13,0.4204366934337821
2022-07-14,0.39405130126434257
2022-07-15,0.40448518098758274
2022-07-16,0.414631798881261
2022-07-17,0.42729401991986493
2022-07-18,0.4117539644762906
2022-07-19,0.40762551827821053
2022-07-20,0.43274826270019534
2022-07-21,0.40020863850383637
2022-07-22,0.39344548762640436
2022-07-23,0.4205709248688108
2022-07-24,0.4118797163333888
2022-07-25,0.4074094374870738
2022-07-26,0.4254186522875494
2022-07-27,0.421478020810402
2022-07-28,0.41409554804067084
2022-07-29,0.40762079951904734
2022-07-30,0.4298269107048448
2022-07-31,0.4282736268240954
2022-08-01,0.4214397194139552
2022-08-02,0.44154810087259055
2022-08-03,0.41302133327838575
2022-08-04,0.4090973866519359
2022-08-05,0.4180538356537699
2022-08-06,0.4251269709505337
2022-08-07,0.42861559640802255
2022-08-08,0.4243584905696359
2022-08-09,0.4308691583499707
2022-08-10,0.4153998961820236
2022-08-11,0.4429083873849295
2022-08-12,0.42819328076961305
2022-08-13,0.4407202411537201
2022-08-14,0.43349530787251084
2022-08-15,0.43514448514190585
2022-08-16,0.43677150046744273
2022-08-17,0.4360356169184635
2022-08-18,0.4384581478803993
2022-08-19,0.4457823798777007
2022-08-20,0.4349034096108048
2022-08-21,0.44046285531236495
2022-08-22,0.43289722831433985
2022-08-23,0.44860454765166285
2022-08-24,0.4278351443023847
2022-08-25,0.4529909478117203
2022-08-26,0.43494911113368834
2022-08-27,0.42139864838808616
2022-08-28,0.43732960853493963
2022-08-29,0.429566567604211
2022-08-30,0.4450982969310335
2022-08-31,0.43046656310407083
2022-09-01,0.43281798503920926
2022-09-02,0.4186574185053023
2022-09-03,0.4332886781371045
2022-09-04,0.4138176959273254
2022-09-05,0.4224479686478855
2022-09-06,0.4461073426540183
2022-09-07,0.44656302434512934
2022-09-08,0.44314699269313246
2022-09-09,0.4293955620822883
2022-09-10,0.4387465772761848
2022-09-11,0.4393314467287936
2022-09-12,0.4279129778624422
2022-09-13,0.4546450934885681
2022-09-14,0.44848451825045427
2022-09-15,0.4375863080690623
2022-09-16,0.440135107045353
2022-09-17,0.44200559913725374
2022-09-18,0.4195451518777413
2022-09-19,0.4375166512737885
2022-09-20,0.4331796945068315
2022-09-21,0.4299796328337877
2022-09-22,0.4371663111055083
2022-09-23,0.4579208510477469
2022-09-24,0.4463042866559397
2022-09-25,0.43412115518988054
2022-09-26,0.4454810933685964
2022-09-27,0.4536563968292307
2022-09-28,0.44880204002880036
2022-09-29,0.4400301832108187
2022-09-30,0.4328280397211357
2022-10-01,0.44612856073513496
2022-10-02,0.44291553843649195
2022-10-03,0.4477524597318957
2022-10-04,0.44495762784827275
2022-10-05,0.4488924163043965
2022-10-06,0.4328211753126017
2022-10-07,0.45110983150570805
2022-10-08,0.43966004587844626
2022-10-09,0.4581706877268612
2022-10-10,0.4302461789886253
2022-10-11,0.454203705346424
2022-10-12,0.4385153043865254
2022-10-13,0.4297003560735102
2022-10-14,0.43104032296242645
2022-10-15,0.4323267584227676
2022-10-16,0.43940944958025335
2022-10-17,0.4400203194171004
2022-10-18,0.42866586609208884
2022-10-19,0.4337570642760669
2022-10-20,0.4550080195215847
2022-10-21,0.45043253810350264
2022-10-22,0.43707934518423164
2022-10-23,0.43264248764933516
2022-10-24,0.43299658723811446
2022-10-25,0.4374528896634996
2022-10-26,0.42059897692031173
2022-10-27,0.4277502319418138
2022-10-28,0.4131233024503549
2022-10-29,0.4332747239799885
2022-10-30,0.43521616146537945
2022-10-31,0.4233625660165334
2022-11-01,0.4433732090095007
2022-11-02,0.4148034439124063
2022-11-03,0.41183412890222615
2022-11-04,0.4281283638693978
2022-11-05,0.4357501635314804
2022-11-06,0.44150333825892757
2022-11-07,0.4194498278451614
2022-11-08,0.4341900015449896
2022-11-09,0.42237273316544716
2022-11-10,0.42037646266241996
2022-11-11,0.43027474010465844
2022-11-12,0.42728745878230057
2022-11-13,0.40431728159140357
2022-11-14,0.4341546661118826
2022-11-15,0.4324895269366907
2022-11-16,0.4117238361054135
2022-11-17,0.42122005726140666
2022-11-18,0.42147680427092404
2022-11-19,0.4184098572090317
2022-11-20,0.40955903913383457
2022-11-21,0.40759740167605396
2022-11-22,0.4133024346737787
2022-11-23,0.42452262486801656
2022-11-24,0.41746194076346904
2022-11-25,0.40754387367761663
2022-11-26,0.4181847850472645
2022-11-27,0.38119408762652257
2022-11-28,0.4203730552639192
2022-11-29,0.39068854874870734
2022-11-30,0.4036562062195054
2022-12-01,0.395273725164965
2022-12-02,0.39270853728958227
2022-12-03,0.41644390883745974
2022-12-04,0.39933452174684186
2022-12-05,0.4066483134537075
2022-12-06,0.4018819032352549
2022-12-07,0.40628569178376184
2022-12-08,0.40144426468259237
2022-12-09,0.3870037222477931
2022-12-10,0.4089509974807495
2022-12-11,0.3932027848153127
2022-12-12,0.3817241408593962
2022-12-13,0.3921562572629699
2022-12-14,0.4105905482624278
2022-12-15,0.40322905491199484
2022-12-16,0.3903828026175945
2022-12-17,0.38951808682510536
2022-12-18,0.3889347611380527
2022-12-19,0.412058401846965
2022-12-20,0.39424970436674994
2022-12-21,0.39387006662747626
2022-12-22,0.3990119125289618
2022-12-23,0.3902367799400386
2022-12-24,0.3843989146735033
2022-12-25,0.38416717754747703
2022-12-26,0.3845571499149994
2022-12-27,0.38404482727881684
2022-12-28,0.3908388865637408
2022-12-29,0.3832294990120792
2022-12-30,0.38918605012522994
2022-12-31,0.3802045049126361
2023-01-01,0.40095270741348205
2023-01-02,0.3793419473826891
2023-01-03,0.4076479932354942
2023-01-04,0.4011137757349332
2023-01-05,0.40679682646219617
2023-01-06,0.3670259124581023
2023-01-07,0.41604810608413273
2023-01-08,0.3929487516716569
2023-01-09,0.40461140405614865
2023-01-10,0.382320325095208
2023-01-11,0.39804205251413727
2023-01-12,0.3805804461080652
2023-01-13,0.3840827965602186
2023-01-14,0.40867251559788675
2023-01-15,0.3868431589938888
2023-01-16,0.3901483895142725
2023-01-17,0.3959053426314646
2023-01-18,0.3913988434960328
2023-01-19,0.3871905536960013
2023-01-20,0.38858751935237346
2023-01-21,0.4082310363015901
2023-01-22,0.3828873096215675
2023-01-23,0.38474896854011714
2023-01-24,0.3925270808395673
2023-01-25,0.3923666459343636
2023-01-26,0.39248104044098014
2023-01-27,0.38630609905904567
2023-01-28,0.3678057208745288
2023-01-29,0.3948961745932192
2023-01-30,0.3664338104079849
2023-01-31,0.38026853679193606
2023-02-01,0.36905404828912974
2023-02-02,0.3753199460602193
2023-02-03,0.3786235627586859
2023-02-04,0.37793439164914383
2023-02-05,0.3783353618585547
2023-02-06,0.3896592349862621
2023-02-07,0.37747424247271
2023-02-08,0.3699250922704931
2023-02-09,0.3814464410433564
2023-02-10,0.3831505028208944
2023-02-11,0.3584414290946943
2023-02-12,0.3761648575093678
2023-02-13,0.3766877301070617
2023-02-14,0.3661974623941043
2023-02-15,0.38243935819692065
2023-02-16,0.3667031701587429
2023-02-17,0.36899331166706223
2023-02-18,0.3655531732696699
2023-02-19,0.3669986840733191
2023-02-20,0.3554519331955819
2023-02-21,0.3515988809753802
2023-02-22,0.38154218450077504
2023-02-23,0.3567384219800713
2023-02-24,0.3549182863892027
2023-02-25,0.342935867359252
2023-02-26,0.35773120122013524
2023-02-27,0.3505545659562703
2023-02-28,0.3798839550494647
2023-03-01,0.37325410357865474
2023-03-02,0.3559804393787017
2023-03-03,0.3851062790528345
2023-03-04,0.37213360503839366
2023-03-05,0.3588157953155489
2023-03-06,0.33683241542305686
2023-03-07,0.3845125365747042
2023-03-08,0.34749836550091096
2023-03-09,0.34474548499881263
2023-03-10,0.37124501973782187
2023-03-11,0.3852511964643936
2023-03-12,0.37454532068691365
2023-03-13,0.3662052116889066
2023-03-14,0.3663918402169801
2023-03-15,0.36887131312443233
2023-03-16,0.3678340203428328
2023-03-17,0.36297896915198524
2023-03-18,0.36114615299624914
2023-03-19,0.35943008294175305
2023-03-20,0.3524830400769654
2023-03-21,0.3571974162985953
2023-03-22,0.34307089487123665
2023-03-23,0.3590281786330579
2023-03-24,0.35015158836650667
2023-03-25,0.34904233577006405
2023-03-26,0.36193269285612695
2023-03-27,0.374124073056087
2023-03-28,0.3694722707153255
2023-03-29,0.3446838834928716
2023-03-30,0.350607093879929
2023-03-31,0.3700402397601828
2023-04-01,0.3509514352270123
2023-04-02,0.3586883449864493
2023-04-03,0.3666081039149626
2023-04-04,0.3516115326927426
2023-04-05,0.3625505589688842
2023-04-06,0.3483727481680752
2023-04-07,0.3559298343668728
2023-04-08,0.3653860780118301
2023-04-09,0.34651723684992564
2023-04-10,0.36712492800824686
2023-04-11,0.3628108191136384
2023-04-12,0.3688330381030252
2023-04-13,0.3658620571616868
2023-04-14,0.3775928399139067
2023-04-15,0.3655458456172124
2023-04-16,0.3603552539486156
2023-04-17,0.36624143154771066
2023-04-18,0.37083391296738644
2023-04-19,0.36628522520608886
2023-04-20,0.3666113316548267
2023-04-21,0.35960726538545257
2023-04-22,0.3604327929107004
2023-04-23,0.35348309270562667
2023-04-24,0.38546484715014545
2023-04-25,0.3560028363277967
2023-04-26,0.3619971203569202
2023-04-27,0.3622389743939399
2023-04-28,0.3788811893607106
2023-04-29,0.3675032203792408
2023-04-30,0.3834626281731986
2023-05-01,0.36479435241336444
2023-05-02,0.37487465119830987
2023-05-03,0.3642979250825747
2023-05-04,0.3946806401295346
2023-05-05,0.36194181389490926
2023-05-06,0.3775153759881815
2023-05-07,0.3813648524567386
2023-05-08,0.37978535261333163
2023-05-09,0.37442494246957564
2023-05-10,0.3756200620905518
2023-05-11,0.378006636668042
2023-05-12,0.3767583649392062
2023-05-13,0.3885364537459057
2023-05-14,0.4016813865101572
2023-05-15,0.37468874780188344
2023-05-16,0.36726195653151916
2023-05-17,0.38078209170193156
2023-05-18,0.4081753277181622
2023-05-19,0.3750629957433877
2023-05-20,0.40022038768616314
2023-05-21,0.40134346094815915
2023-05-22,0.3797753400749212
2023-05-23,0.3917531387860633
2023-05-24,0.4031064526861428
2023-05-25,0.38379725550310456
2023-05-26,0.3863254167714548
2023-05-27,0.3833235107298977
2023-05-28,0.37977803323277265
2023-05-29,0.38422405423715955
2023-05-30,0.37927437018784377
2023-05-31,0.39265702857377366
2023-06-01,0.38542412270970794
2023-06-02,0.39627437603328924
2023-06-03,0.37919498230514925
2023-06-04,0.3988846806781141
2023-06-05,0.40473738173938395
2023-06-06,0.3772949788184761
2023-06-07,0.4018069273981782
2023-06-08,0.4111806142745246
2023-06-09,0.387648364819657
2023-06-10,0.4173143883762148
2023-06-11,0.4056255328845866
2023-06-12,0.39523444040920186
2023-06-13,0.4025783706177597
2023-06-14,0.4095728668802496
2023-06-15,0.40560496904175236
2023-06-16,0.41108931998759135
2023-06-17,0.3973531427290903
2023-06-18,0.4091126248791981
2023-06-19,0.3941417744498129
2023-06-20,0.40802707157872126
2023-06-21,0.40096092358535207
2023-06-22,0.40350536838189405
2023-06-23,0.42408201233324166
2023-06-24,0.42349408456710536
2023-06-25,0.41953150254918775
2023-06-26,0.4033751122901465
2023-06-27,0.41199100037542374
2023-06-28,0.4281413792447595
2023-06-29,0.4182811077420623
2023-06-30,0.440908736433031
2023-07-01,0.42249783560301757
2023-07-02,0.42133182665706254
2023-07-03,0.4171640603514059
2023-07-04,0.42243148469803105
2023-07-05,0.4204089399364921
2023-07-06,0.42984875152269525
2023-07-07,0.4331649310446511
2023-07-08,0.4165642270389509
2023-07-09,0.4119337316972367
2023-07-10,0.4077014293535853
2023-07-11,0.4319560582488311
2023-07-12,0.41665014004707984
2023-07-13,0.4069573212150088
2023-07-14,0.43316895635749
2023-07-15,0.45500439463462655
2023-07-16,0.43079897101521686
2023-07-17,0.440023687372038
2023-07-18,0.43322976067249613
2023-07-19,0.43218861701323114
2023-07-20,0.4431274568356671
2023-07-21,0.4317860320661123
2023-07-22,0.4381074703333242
2023-07-23,0.43938775843023764
2023-07-24,0.43021935404048445
2023-07-25,0.44754218915374616
2023-07-26,0.4365854902476018
2023-07-27,0.4314825620777616
2023-07-28,0.4451014327837422
2023-07-29,0.43143916368784596
2023-07-30,0.44138414899573464
2023-07-31,0.4416804250780668
2023-08-01,0.45329043371006483
2023-08-02,0.44782871324091345
2023-08-03,0.44347191135419584
2023-08-04,0.45253030135318617
2023-08-05,0.4588749918427555
2023-08-06,0.45116093417760733
2023-08-07,0.4462857281132294
2023-08-08,0.43365248882469765
2023-08-09,0.43669746775407403
2023-08-10,0.4448630433803814
2023-08-11,0.44237561932260405
2023-08-12,0.4471450795236843
2023-08-13,0.4501137820868099
2023-08-14,0.45536498195230113
2023-08-15,0.4498719651697771
2023-08-16,0.45593884410338276
2023-08-17,0.4522032754663916
2023-08-18,0.43227625461818514
2023-08-19,0.44309750063818887
2023-08-20,0.45149732235657397
2023-08-21,0.4412758703080688
2023-08-22,0.45979387255717413
2023-08-23,0.46951088382060513
2023-08-24,0.46678668583995053
2023-08-25,0.4528471147733101
2023-08-26,0.4702579520086313
2023-08-27,0.4571930739812878
2023-08-28,0.45267770467465135
2023-08-29,0.45024305754355043
2023-08-30,0.453667164576265
2023-08-31,0.45311103471168246
2023-09-01,0.45898398159511195
2023-09-02,0.4591585656252563
2023-09-03,0.4578422015311294
2023-09-04,0.4624258708910785
2023-09-05,0.4701934596306061
2023-09-06,0.46799873744698856
2023-09-07,0.44385604307412196
2023-09-08,0.4333532057262633
2023-09-09,0.46840852262597316
2023-09-10,0.4455549038534504
2023-09-11,0.45711981810077246
2023-09-12,0.44779549449377404
2023-09-13,0.4415913060950964
2023-09-14,0.46512552262674545
2023-09-15,0.46738750141038543
2023-09-16,0.45410114464814055
2023-09-17,0.43401134813632913
2023-09-18,0.45450005607945937
2023-09-19,0.46390646515302
2023-09-20,0.44521042129906824
2023-09-21,0.46182943213052846
2023-09-22,0.4598242155426379
2023-09-23,0.46573690077526253
2023-09-24,0.4610916617274111
2023-09-25,0.45010225567889295
2023-09-26,0.47172098057167977
2023-09-27,0.45807754673310097
2023-09-28,0.4592826578045734
2023-09-29,0.45010119992088504
2023-09-30,0.45486458498627635
2023-10-01,0.4502983004587301
2023-10-02,0.45725122398304024
2023-10-03,0.4759176123330418
2023-10-04,0.44488689840213946
2023-10-05,0.4422612751724358
2023-10-06,0.47288523070314353
2023-10-07,0.45584265407784613
2023-10-08,0.45099332244492313
2023-10-09,0.4678171258745693
2023-10-10,0.4510819017721524
2023-10-11,0.47510416445024095
2023-10-12,0.46331545526529166
2023-10-13,0.45133542202819765
2023-10-14,0.4774522634356247
2023-10-15,0.4494730822746774
2023-10-16,0.46258874383632725
2023-10-17,0.4577848903408103
2023-10-18,0.4674202790254626
2023-10-19,0.46961572216594527
2023-10-20,0.45390535742612376
2023-10-21,0.4456229276990337
2023-10-22,0.4573158299168825
2023-10-23,0.4454852991701321
2023-10-24,0.4719301464461981
2023-10-25,0.45268306324702284
2023-10-26,0.4471736870591747
2023-10-27,0.4521708003746963
2023-10-28,0.4363378802938338
2023-10-29,0.4395663523688292
2023-10-30,0.4607483411477963
2023-10-31,0.44162548784981315
2023-11-01,0.437164231549781
2023-11-02,0.4524276280677026
2023-11-03,0.4583349192509543
2023-11-04,0.45307337879044873
2023-11-05,0.45523965736341704
2023-11-06,0.43709611045865426
2023-11-07,0.42982056380643235
2023-11-08,0.45841652973023156
2023-11-09,0.4395310194720329
2023-11-10,0.4395944054972777
2023-11-11,0.4547200821482823
2023-11-12,0.446326530092173
2023-11-13,0.4446400808820622
2023-11-14,0.4610392860636345
2023-11-15,0.4322534310914148
2023-11-16,0.4472578644013212
2023-11-17,0.4378321531760034
2023-11-18,0.4392224251967292
2023-11-19,0.451087803814918
2023-11-20,0.44014044823518506
2023-11-21,0.4396965961459308
2023-11-22,0.4442830487567912
2023-11-23,0.4291458073799941
2023-11-24,0.42363384254413466
2023-11-25,0.42080192505826736
2023-11-26,0.41080423204702105
2023-11-27,0.45024158513222656
2023-11-28,0.4178533146029814
2023-11-29,0.42587315030063067
2023-11-30,0.42451248263464747
2023-12-01,0.42954449108931747
2023-12-02,0.4338127241721843
2023-12-03,0.433440375847272
2023-12-04,0.4181807593742714
2023-12-05,0.42151205749853626
2023-12-06,0.42517690852892975
2023-12-07,0.41902837224969514
2023-12-08,0.4367495015321897
2023-12-09,0.4247433940060613
2023-12-10,0.4263371071467763
2023-12-11,0.4247691633336
2023-12-12,0.429024698420847
2023-12-13,0.4182476244596661
2023-12-14,0.40261463087652627
2023-12-15,0.41872371700838634
2023-12-16,0.4073557550237549
2023-12-17,0.4077244970507921
2023-12-18,0.4180147518377775
2023-12-19,0.423673752725693
2023-12-20,0.41064306561179503
2023-12-21,0.4126579802815552
2023-12-22,0.42573122743499575
2023-12-23,0.41025642014465913
2023-12-24,0.43300616727351426
2023-12-25,0.41178577249464227
2023-12-26,0.3876655349175818
2023-12-27,0.4119504658549606
2023-12-28,0.40737417497619877
2023-12-29,0.4156075676948337
2023-12-30,0.40859146286577375
2023-12-31,0.39962711087388414
2024-01-01,0.4079233731474275
2024-01-02,0.41723372165515
2024-01-03,0.4099795119463764
2024-01-04,0.41184365647790605
2024-01-05,0.42270250940780574
2024-01-06,0.43268751128355326
2024-01-07,0.4191110743345553
2024-01-08,0.4023858173328568
2024-01-09,0.4179756025709749
2024-01-10,0.4246856992329198
2024-01-11,0.40581648442031776
2024-01-12,0.40977443007307257
2024-01-13,0.4104673681144686
2024-01-14,0.40168321892839653
2024-01-15,0.4152327873399609
2024-01-16,0.4067645792963975
2024-01-17,0.41139998976364733
2024-01-18,0.3975671028382858
2024-01-19,0.4013117816413314
2024-01-20,0.41216172290598896
2024-01-21,0.4004685489282897
2024-01-22,0.4207331361042374
2024-01-23,0.3987416162168214
2024-01-24,0.40426738413701
2024-01-25,0.4106372949235147
2024-01-26,0.38642708005604604
2024-01-27,0.3823107087189461
2024-01-28,0.3839792068561327
2024-01-29,0.4111877003044801
2024-01-30,0.3923786828792473
2024-01-31,0.42282417499622826
2024-02-01,0.39095433080274944
2024-02-02,0.3978068425581196
2024-02-03,0.4107570381813299
2024-02-04,0.41478174837623233
2024-02-05,0.41473119008256587
2024-02-06,0.40560578460160707
2024-02-07,0.40317952471568486
2024-02-08,0.3982919281154114
2024-02-09,0.39958918012213923
2024-02-10,0.38574394076836266
2024-02-11,0.3825355184118412
2024-02-12,0.3901571122367597
2024-02-13,0.3879741564587035
2024-02-14,0.3846408169344315
2024-02-15,0.39564616453837165
2024-02-16,0.3977567781147733
2024-02-17,0.3886216159952653
2024-02-18,0.40205919232306125
2024-02-19,0.3754260024561694
2024-02-20,0.3844780894717368
2024-02-21,0.37883116659529514
2024-02-22,0.36693176769779473
2024-02-23,0.38438122860482754
2024-02-24,0.3836147347999329
2024-02-25,0.3996042659277105
2024-02-26,0.39042893554257807
2024-02-27,0.3735435956470533
2024-02-28,0.4020047291114429
2024-02-29,0.39536626964048194
2024-03-01,0.3886829198651651
2024-03-02,0.3803170800108931
2024-03-03,0.37272155780124294
2024-03-04,0.3783420413899246
2024-03-05,0.39271395876883447
2024-03-06,0.4004489739081429
2024-03-07,0.3968265254512688
2024-03-08,0.37631097825051885
2024-03-09,0.3698231410848354
2024-03-10,0.3822625348701129
2024-03-11,0.36301819884618
2024-03-12,0.3837977976302308
2024-03-13,0.3789682709373406
2024-03-14,0.37567679251794683
2024-03-15,0.3642977037722972
2024-03-16,0.3853030559779887
2024-03-17,0.3747771335601113
2024-03-18,0.3683568458636454
2024-03-19,0.35130006383281565
2024-03-20,0.37972901801675674
2024-03-21,0.39772297897988795
2024-03-22,0.3966241670464842
2024-03-23,0.37546653687215314
2024-03-24,0.374056108338604
2024-03-25,0.3848214939053424
2024-03-26,0.3702201958007581
2024-03-27,0.38330702365349706
2024-03-28,0.3880496923129503
2024-03-29,0.39277270748447546
2024-03-30,0.37963098711550114
2024-03-31,0.3787395716606258
2024-04-01,0.37215485061885395
2024-04-02,0.37283877938431853
2024-04-03,0.3790301883223637
2024-04-04,0.38517045897558644
2024-04-05,0.39084884937958975
2024-04-06,0.3739117212995815
2024-04-07,0.39711514435999995
2024-04-08,0.37973593817481666
2024-04-09,0.38250650768515854
2024-04-10,0.37553508031142696
2024-04-11,0.35906573595612434
2024-04-12,0.3924633697846507
2024-04-13,0.3913198745850926
2024-04-14,0.38148032501955115
2024-04-15,0.3853192165321169
2024-04-16,0.39017784869442884
2024-04-17,0.36977547410815714
2024-04-18,0.3805060977293689
2024-04-19,0.3941480615390061
2024-04-20,0.3740842880318277
2024-04-21,0.38999738140787615
2024-04-22,0.37394332737738956
2024-04-23,0.39263337954261135
2024-04-24,0.38808505385873476
2024-04-25,0.37277485417582423
2024-04-26,0.40107044059420366
2024-04-27,0.3825860298232857
2024-04-28,0.3823501927920173
2024-04-29,0.3929908994187707
2024-04-30,0.4030156321500903
2024-05-01,0.3819264913862879
2024-05-02,0.393268194113652
2024-05-03,0.39751731385510647
2024-05-04,0.40074885415783584
2024-05-05,0.3961815844386835
2024-05-06,0.39135680525658445
2024-05-07,0.3873714594323294
2024-05-08,0.3971392578888165
2024-05-09,0.38619687896803
2024-05-10,0.3683550171133049
2024-05-11,0.4025939829970678
2024-05-12,0.40793701098881857
2024-05-13,0.37594683213882535
2024-05-14,0.39016635860486243
2024-05-15,0.40715152893736195
2024-05-16,0.42223986688256115
2024-05-17,0.4025861714183731
2024-05-18,0.3958197120107937
2024-05-19,0.40200025522067406
2024-05-20,0.41831521699887664
2024-05-21,0.39885158070075577
2024-05-22,0.3980713879277081
2024-05-23,0.40199505123303714
2024-05-24,0.39805524683039234
2024-05-25,0.4095879235324264
2024-05-26,0.42538710445407973
2024-05-27,0.4131563932708616
2024-05-28,0.40819329466655674
2024-05-29,0.40859566016631094
2024-05-30,0.39668428580421483
2024-05-31,0.4219549527917659
2024-06-01,0.41315814494525377
2024-06-02,0.41294913963127927
2024-06-03,0.44750695403441815
2024-06-04,0.41938962120695156
2024-06-05,0.4097144247432388
2024-06-06,0.41380278573764706
2024-06-07,0.4303883814417593
2024-06-08,0.4208774791119467
2024-06-09,0.4062058847246642
2024-06-10,0.4306276321366782
2024-06-11,0.415603118111396
2024-06-12,0.44186903915651227
2024-06-13,0.43479007841217887
2024-06-14,0.42037169617104075
2024-06-15,0.4385119236804788
2024-06-16,0.427238433765158
2024-06-17,0.4359467533900595
2024-06-18,0.43312624759180746
2024-06-19,0.4206757656422996
2024-06-20,0.42356450167682536
2024-06-21,0.44116027598360336
2024-06-22,0.4283733272600719
2024-06-23,0.42854449872874273
2024-06-24,0.42388889554662246
2024-06-25,0.43853423059280694
2024-06-26,0.4557803340648032
2024-06-27,0.42533507310242497
2024-06-28,0.43710613317239083
2024-06-29,0.45183764658736836
2024-06-30,0.43776824329661673
2024-07-01,0.44393505345465956
2024-07-02,0.4296312897119621
2024-07-03,0.4453791466222847
2024-07-04,0.44006219565025206
2024-07-05,0.452624964712608
2024-07-06,0.4554717683923528
2024-07-07,0.4703197580642166
2024-07-08,0.4510423929649502
2024-07-09,0.4493214462504399
2024-07-10,0.44881998799547906
2024-07-11,0.4441521431807117
2024-07-12,0.4518710655791506
2024-07-13,0.44632915621079006
2024-07-14,0.4517590092229948
2024-07-15,0.46403565548669545
2024-07-16,0.4415733539747252
2024-07-17,0.46381025269831094
2024-07-18,0.4663486642185412
2024-07-19,0.4527560067358787
2024-07-20,0.4334702285179129
2024-07-21,0.4493553273216609
2024-07-22,0.4691407258338886
2024-07-23,0.45667157795392616
2024-07-24,0.44762874333543184
2024-07-25,0.4532873386022737
2024-07-26,0.46744621393773556
2024-07-27,0.465203670030052
2024-07-28,0.4580345225140594
2024-07-29,0.4574340933038965
2024-07-30,0.45785403355407067
2024-07-31,0.45320737620676405
2024-08-01,0.4792354878068083
2024-08-02,0.4604989762495339
2024-08-03,0.4765242235694383
2024-08-04,0.48018607687180687
2024-08-05,0.4755659400955683
2024-08-06,0.46186599878761514
2024-08-07,0.47080815205156534
2024-08-08,0.46710664832091864
2024-08-09,0.4588782718166268
2024-08-10,0.47171433416141295
2024-08-11,0.45722439464194076
2024-08-12,0.4814240767224545
2024-08-13,0.4654218814357499
2024-08-14,0.47258854950909646
2024-08-15,0.47390670638058213
2024-08-16,0.4689694815812496
2024-08-17,0.47789785829647663
2024-08-18,0.4677418180101512
2024-08-19,0.4816511708883626
2024-08-20,0.4599130209340124
2024-08-21,0.4750583810526762
2024-08-22,0.49359266548775105
2024-08-23,0.46459575407692166
2024-08-24,0.46820409377736366
2024-08-25,0.4804897691367209
2024-08-26,0.47750221722866265
2024-08-27,0.47955486537856734
2024-08-28,0.48126895548043647
2024-08-29,0.483039076126764
2024-08-30,0.488089801316657
2024-08-31,0.48137800594064223
2024-09-01,0.47514024926857223
2024-09-02,0.48453747834162264
2024-09-03,0.4970553085425672
2024-09-04,0.476960659418917
2024-09-05,0.46875790304586895
2024-09-06,0.4897758294514908
2024-09-07,0.47768860543574687
2024-09-08,0.45733862805344005
2024-09-09,0.48769790760910886
2024-09-10,0.4740141902601601
2024-09-11,0.47859129193132605
2024-09-12,0.48293091377658676
2024-09-13,0.48161589214248823
2024-09-14,0.48689046797874935
2024-09-15,0.47551138494970935
2024-09-16,0.48505282903953906
2024-09-17,0.47736703378614503
2024-09-18,0.48737652990786956
2024-09-19,0.48615321182694005
2024-09-20,0.47064144591229096
2024-09-21,0.4908371351961182
2024-09-22,0.4745843513281112
2024-09-23,0.4879764360260811
2024-09-24,0.48350581822172195
2024-09-25,0.49813710232298614
2024-09-26,0.4774281826396522
2024-09-27,0.47606253523849074
2024-09-28,0.4792396834527397
2024-09-29,0.47626560966984877
2024-09-30,0.4871457466184196
2024-10-01,0.4628175784979086
2024-10-02,0.4682637033401548
2024-10-03,0.46792788061566115
2024-10-04,0.48789996507093897
2024-10-05,0.4952796611540267
2024-10-06,0.4768913986639901
2024-10-07,0.4759958325996222
2024-10-08,0.4781186006317404
2024-10-09,0.48875684019560295
2024-10-10,0.46757053597286585
2024-10-11,0.4789198863792469
2024-10-12,0.485966512407479
2024-10-13,0.48089012300236816
2024-10-14,0.47742604767069824
2024-10-15,0.48517825104190565
2024-10-16,0.4477596416067531
2024-10-17,0.4811816193267837
2024-10-18,0.46745985336740253
2024-10-19,0.45527898696690156
2024-10-20,0.4782691323977454
2024-10-21,0.48645269393912094
2024-10-22,0.47088796772137625
2024-10-23,0.48132501944296124
2024-10-24,0.48744049251608196
2024-10-25,0.4839760471081363
2024-10-26,0.48672364260976114
2024-10-27,0.47723041809984973
2024-10-28,0.4700368291429517
2024-10-29,0.45272454394938033
2024-10-30,0.46573380575822765
2024-10-31,0.4592008754234385
2024-11-01,0.4887705277174079
2024-11-02,0.464719019580001
2024-11-03,0.467115893751643
2024-11-04,0.47079403426576355
2024-11-05,0.46510008580807344
2024-11-06,0.48098918087815834
2024-11-07,0.4571766995933322
2024-11-08,0.4647038924128267
2024-11-09,0.4546780298048477
2024-11-10,0.44823791561758464
2024-11-11,0.45464653908911357
2024-11-12,0.459710835190762
2024-11-13,0.45509624036945107
2024-11-14,0.4517644035964777
2024-11-15,0.4439162884837905
2024-11-16,0.45643096620074564
2024-11-17,0.44148929866778663
2024-11-18,0.4634036791876887
2024-11-19,0.45588648820163385
2024-11-20,0.4397381203607852
2024-11-21,0.45046588461319453
2024-11-22,0.4452737706195171
2024-11-23,0.45521768432171655
2024-11-24,0.46465452145870917
2024-11-25,0.4317160732443236
2024-11-26,0.4508297746242975
2024-11-27,0.4472840703045318
2024-11-28,0.45479908730099305
2024-11-29,0.4494125819159136
2024-11-30,0.43895073079383834
2024-12-01,0.44246481269012516
2024-12-02,0.43687538239563967
2024-12-03,0.45477160514594683
2024-12-04,0.4433963911231198
2024-12-05,0.46136301588157685
2024-12-06,0.4409086753733844
2024-12-07,0.4335919781028852
2024-12-08,0.42469650056355057
2024-12-09,0.4209569325237187
2024-12-10,0.422298991216871
2024-12-11,0.4399612263561086
2024-12-12,0.4415246591049284
2024-12-13,0.4197710433357634
2024-12-14,0.44367722063162107
2024-12-15,0.42903871344483874
2024-12-16,0.4344785939881452
2024-12-17,0.4482733179327808
2024-12-18,0.440259315170012
2024-12-19,0.4277450433653761
2024-12-20,0.4206577279014127
2024-12-21,0.40719092397535034
2024-12-22,0.42065735515734926
2024-12-23,0.4248780337434334
2024-12-24,0.416258880766815
2024-12-25,0.423960592838217
2024-12-26,0.425185568473503
2024-12-27,0.4213140313092902
2024-12-28,0.41621001434577165
2024-12-29,0.42354619607274147
2024-12-30,0.42543107720941603
2024-12-31,0.4092623647358928
