Date,Turbidity (Kannauj) (NTU)
2020-01-01,9.594281497644307
2020-01-02,9.49965343645734
2020-01-03,9.469474478846582
2020-01-04,8.96436091664168
2020-01-05,9.569448306946954
2020-01-06,9.426544939200149
2020-01-07,9.464777386040282
2020-01-08,9.216323760013475
2020-01-09,9.261348021423919
2020-01-10,9.235779621860948
2020-01-11,9.502182433402398
2020-01-12,9.202113076174426
2020-01-13,9.674544218601376
2020-01-14,9.324477535283481
2020-01-15,8.963613043038912
2020-01-16,9.17364226091149
2020-01-17,9.049781608683144
2020-01-18,8.722174121443667
2020-01-19,9.462053304136896
2020-01-20,9.264076241636781
2020-01-21,9.211563474810045
2020-01-22,9.119668171857525
2020-01-23,8.792045938085698
2020-01-24,8.953789994076192
2020-01-25,9.201140820076397
2020-01-26,8.805024428677909
2020-01-27,8.491616057718684
2020-01-28,8.935473048489657
2020-01-29,8.935694970949701
2020-01-30,8.974544291737237
2020-01-31,9.07675828219155
2020-02-01,9.042441332179324
2020-02-02,8.950787199202516
2020-02-03,9.12250474400862
2020-02-04,8.564226531203365
2020-02-05,8.953820220800527
2020-02-06,8.963360730059279
2020-02-07,8.575560029223208
2020-02-08,8.50859234384851
2020-02-09,8.645950808716702
2020-02-10,8.649086659788141
2020-02-11,8.918621573852093
2020-02-12,8.631863663533512
2020-02-13,8.570630363442577
2020-02-14,8.607000688353693
2020-02-15,8.940783718425955
2020-02-16,8.707701825602093
2020-02-17,8.657588473237288
2020-02-18,8.660096188072506
2020-02-19,8.929484406802915
2020-02-20,8.5105327562927
2020-02-21,8.9130864032211
2020-02-22,8.682027606497435
2020-02-23,8.598117010186293
2020-02-24,9.120985346681001
2020-02-25,8.40061631442251
2020-02-26,8.532283315512357
2020-02-27,8.348150349425833
2020-02-28,8.77708748030976
2020-02-29,8.916736103861046
2020-03-01,8.905533127042903
2020-03-02,8.809337775613987
2020-03-03,8.51837466065275
2020-03-04,8.478554533267909
2020-03-05,8.211427859796
2020-03-06,8.947252478256278
2020-03-07,8.628647869843366
2020-03-08,8.431595430735642
2020-03-09,8.791094263240531
2020-03-10,8.326788906673022
2020-03-11,8.598889219389747
2020-03-12,8.479627185351408
2020-03-13,8.638842847984241
2020-03-14,8.495714230578509
2020-03-15,8.215932782901884
2020-03-16,8.519291647341294
2020-03-17,8.712376377293332
2020-03-18,8.49555707434791
2020-03-19,8.65559017345862
2020-03-20,8.290998279546768
2020-03-21,8.494759416675793
2020-03-22,8.375387281507422
2020-03-23,8.650333653971337
2020-03-24,8.508254036007944
2020-03-25,8.641358518882129
2020-03-26,8.722643340047599
2020-03-27,8.645551331406837
2020-03-28,8.564345925086315
2020-03-29,8.312941929438527
2020-03-30,8.515255974874137
2020-03-31,8.41278964865672
2020-04-01,8.454554120819644
2020-04-02,8.452782742967878
2020-04-03,8.336389316078026
2020-04-04,8.14595237985882
2020-04-05,8.409196468265877
2020-04-06,8.587263660544457
2020-04-07,8.28507105767462
2020-04-08,8.564315801925384
2020-04-09,8.948058200578263
2020-04-10,8.779791238623078
2020-04-11,8.91141176579545
2020-04-12,8.668798470912549
2020-04-13,8.832287854951497
2020-04-14,8.462547068674775
2020-04-15,8.487364680592309
2020-04-16,8.0776333717072
2020-04-17,8.872252411734024
2020-04-18,8.952980408534772
2020-04-19,8.544499919500243
2020-04-20,8.614889215308557
2020-04-21,8.525772629417053
2020-04-22,8.764259345886089
2020-04-23,8.92421350201755
2020-04-24,8.362482322266532
2020-04-25,8.805042014500431
2020-04-26,8.680241821896969
2020-04-27,8.770977518174991
2020-04-28,8.853116729388887
2020-04-29,8.736989698406967
2020-04-30,8.76751409571392
2020-05-01,8.75934270589087
2020-05-02,9.010348130736961
2020-05-03,8.914480713320518
2020-05-04,8.88956165967758
2020-05-05,8.606238877929325
2020-05-06,8.799961142542811
2020-05-07,9.070917873038251
2020-05-08,8.914484791083602
2020-05-09,9.05486302111498
2020-05-10,9.2925154087718
2020-05-11,9.163430837729042
2020-05-12,8.991073231988864
2020-05-13,8.887206078316947
2020-05-14,8.495881722087866
2020-05-15,8.990322673688178
2020-05-16,8.976420305472733
2020-05-17,9.13752909741955
2020-05-18,9.04671249018219
2020-05-19,9.031653478905703
2020-05-20,8.758281534083427
2020-05-21,8.944786996470016
2020-05-22,9.246912908015377
2020-05-23,9.513743687597975
2020-05-24,9.170208246075362
2020-05-25,9.274592724026787
2020-05-26,9.419003628125166
2020-05-27,9.085961226252484
2020-05-28,9.34128355085258
2020-05-29,9.139746300120228
2020-05-30,9.480869734977738
2020-05-31,9.358376985097706
2020-06-01,9.408103285680832
2020-06-02,9.21232874969592
2020-06-03,9.530803430821395
2020-06-04,9.826994887328572
2020-06-05,9.229226042019125
2020-06-06,9.383707240963057
2020-06-07,9.51891960357841
2020-06-08,9.650900617563389
2020-06-09,9.402807355638052
2020-06-10,8.969277511744606
2020-06-11,9.828951873002454
2020-06-12,9.730502758775247
2020-06-13,9.251150437778476
2020-06-14,9.499609119834796
2020-06-15,9.956180487483659
2020-06-16,9.953556250188674
2020-06-17,9.873203420506721
2020-06-18,9.671750498679595
2020-06-19,9.745080788567707
2020-06-20,9.723814838974775
2020-06-21,9.997164651848562
2020-06-22,9.61785853322941
2020-06-23,9.653364653052227
2020-06-24,10.038057950870103
2020-06-25,9.848583707319497
2020-06-26,10.154570592900054
2020-06-27,9.765957614728082
2020-06-28,9.910642793073817
2020-06-29,9.75840342886156
2020-06-30,9.965588966511561
2020-07-01,9.689573999904296
2020-07-02,9.908853940644782
2020-07-03,9.740151118269582
2020-07-04,10.18712560414569
2020-07-05,10.212509486847164
2020-07-06,9.743895150820762
2020-07-07,10.377380190200876
2020-07-08,10.630634556104331
2020-07-09,10.160788354462722
2020-07-10,10.043680772447711
2020-07-11,10.756961270921073
2020-07-12,9.948361978952839
2020-07-13,10.236100551178328
2020-07-14,10.28778444103385
2020-07-15,10.540521527355878
2020-07-16,10.362917285713396
2020-07-17,10.210559898017824
2020-07-18,10.139200964550973
2020-07-19,10.280052936095508
2020-07-20,10.165833965510942
2020-07-21,10.395403743772066
2020-07-22,10.29143027323484
2020-07-23,10.123698905764924
2020-07-24,10.691573299134506
2020-07-25,10.35884269067809
2020-07-26,10.222372980822188
2020-07-27,10.459756531803446
2020-07-28,10.52427040083744
2020-07-29,10.178265090435277
2020-07-30,10.610619909537874
2020-07-31,10.351355437555673
2020-08-01,10.919249034641005
2020-08-02,10.69784662595653
2020-08-03,10.52883596100772
2020-08-04,10.475289354751089
2020-08-05,10.618577236339492
2020-08-06,10.77711319618655
2020-08-07,10.664172452987943
2020-08-08,10.640283348193323
2020-08-09,10.709556318761782
2020-08-10,10.590996747357531
2020-08-11,10.656728628469862
2020-08-12,10.321523583164971
2020-08-13,10.946446606388818
2020-08-14,10.824183379823554
2020-08-15,10.622154522821333
2020-08-16,11.168710279228307
2020-08-17,10.818176303121575
2020-08-18,10.60504265001437
2020-08-19,10.994802432138846
2020-08-20,10.91393008671385
2020-08-21,10.923780628527147
2020-08-22,10.769933266498887
2020-08-23,10.955075827830042
2020-08-24,10.822186929021086
2020-08-25,10.994955556332464
2020-08-26,10.51167109442954
2020-08-27,10.814439417049954
2020-08-28,11.253858124035634
2020-08-29,10.763883044948596
2020-08-30,10.804052412928732
2020-08-31,10.842403216593933
2020-09-01,10.695859418191214
2020-09-02,10.503637377994231
2020-09-03,10.905294950135653
2020-09-04,10.984346806884899
2020-09-05,10.952078888606655
2020-09-06,10.938649856575948
2020-09-07,10.98091860105215
2020-09-08,11.181201382149665
2020-09-09,10.94250303375427
2020-09-10,10.869370287575029
2020-09-11,10.931190521881575
2020-09-12,11.10614711372377
2020-09-13,11.27517775932609
2020-09-14,10.869269997350138
2020-09-15,11.016442973790971
2020-09-16,11.065715764831648
2020-09-17,10.80054691270384
2020-09-18,11.003794060917446
2020-09-19,10.70685365320182
2020-09-20,10.646085762570543
2020-09-21,11.072782132437649
2020-09-22,10.921824696215136
2020-09-23,11.037852532605985
2020-09-24,10.992244631791044
2020-09-25,10.798601629143112
2020-09-26,10.9825202011914
2020-09-27,10.742272318988848
2020-09-28,11.264041459390706
2020-09-29,10.711241118482796
2020-09-30,10.939501135781262
2020-10-01,10.766062796947413
2020-10-02,11.08409742296262
2020-10-03,10.898861471530026
2020-10-04,10.856188884855838
2020-10-05,11.124978494715497
2020-10-06,10.954283389569632
2020-10-07,11.04543013497525
2020-10-08,10.739186787711722
2020-10-09,10.647488040452524
2020-10-10,10.942543275277314
2020-10-11,10.849635642698528
2020-10-12,11.030650337232156
2020-10-13,10.880997842041733
2020-10-14,10.929270855464695
2020-10-15,10.554518246917606
2020-10-16,11.247486501341488
2020-10-17,10.82722325628046
2020-10-18,10.989532649034759
2020-10-19,10.672414564342727
2020-10-20,10.890529640505857
2020-10-21,10.557333759482335
2020-10-22,10.896974889343264
2020-10-23,10.72371203239613
2020-10-24,10.788780849192
2020-10-25,10.910267370333415
2020-10-26,10.511591870657126
2020-10-27,10.608330233605711
2020-10-28,10.823527175065747
2020-10-29,11.138249346618151
2020-10-30,10.677244299055884
2020-10-31,10.809060757999797
2020-11-01,10.655133219589048
2020-11-02,11.050396061559368
2020-11-03,10.2976518087019
2020-11-04,10.650903721567843
2020-11-05,10.29149272689631
2020-11-06,10.099652447738926
2020-11-07,10.644572240890481
2020-11-08,10.59684500574085
2020-11-09,10.495601003997265
2020-11-10,10.51471470023684
2020-11-11,11.13876563676841
2020-11-12,10.450395051424866
2020-11-13,10.586756437615607
2020-11-14,10.337342370957629
2020-11-15,10.50853309302084
2020-11-16,10.38390381316469
2020-11-17,10.33130886365647
2020-11-18,10.758857695209882
2020-11-19,10.611989259444087
2020-11-20,10.385190213365707
2020-11-21,9.878106997403536
2020-11-22,10.247681522235059
2020-11-23,10.841253993319135
2020-11-24,10.235118091634002
2020-11-25,10.482338462930258
2020-11-26,10.530376326211103
2020-11-27,10.265927739676151
2020-11-28,10.03377783703858
2020-11-29,9.69495292448184
2020-11-30,10.298593244502454
2020-12-01,9.978432600605075
2020-12-02,10.156121114469402
2020-12-03,9.850324276081148
2020-12-04,10.026534357815969
2020-12-05,10.06552153658138
2020-12-06,10.091600803997125
2020-12-07,9.793936706829262
2020-12-08,10.23522330199424
2020-12-09,9.85532927521056
2020-12-10,9.618614874082496
2020-12-11,9.910444312157152
2020-12-12,9.91781028362102
2020-12-13,9.92169164553647
2020-12-14,10.140597418008515
2020-12-15,9.799443331694658
2020-12-16,9.801342671833487
2020-12-17,9.583140915009045
2020-12-18,9.946383750861495
2020-12-19,9.797620558926482
2020-12-20,9.655235708430308
2020-12-21,9.336792011022991
2020-12-22,9.985104647755355
2020-12-23,9.429197410401548
2020-12-24,9.53501129908423
2020-12-25,9.703497964943702
2020-12-26,9.371114655374544
2020-12-27,9.290362822533647
2020-12-28,9.142961487310025
2020-12-29,9.690690624407981
2020-12-30,9.416254518897782
2020-12-31,10.089612906252695
2021-01-01,9.555287874631855
2021-01-02,9.548808651014472
2021-01-03,9.599039318154654
2021-01-04,9.739849205426529
2021-01-05,9.576377466332929
2021-01-06,9.772178098801483
2021-01-07,9.433391297910406
2021-01-08,9.332297855137499
2021-01-09,9.228596449337514
2021-01-10,9.123269775574144
2021-01-11,9.444244032692778
2021-01-12,9.4676689810164
2021-01-13,9.38172474868278
2021-01-14,9.736986210917905
2021-01-15,9.714355616959685
2021-01-16,9.38239092207298
2021-01-17,9.071332410476034
2021-01-18,9.297709593796661
2021-01-19,9.272194837330726
2021-01-20,9.242020740737168
2021-01-21,9.215378230450535
2021-01-22,9.205894860652622
2021-01-23,9.241141128644633
2021-01-24,9.173405202224169
2021-01-25,9.324449166844714
2021-01-26,9.337342177815382
2021-01-27,9.065840903532349
2021-01-28,9.485107315247248
2021-01-29,9.018034021387084
2021-01-30,8.873871485691227
2021-01-31,9.257210167761654
2021-02-01,9.001438542850215
2021-02-02,9.213291532305208
2021-02-03,8.65266474617117
2021-02-04,9.39651167566264
2021-02-05,9.237362539513128
2021-02-06,8.78795774755929
2021-02-07,8.777717061669998
2021-02-08,9.393619646404494
2021-02-09,8.897663253312231
2021-02-10,8.864557978544674
2021-02-11,8.56472726232175
2021-02-12,8.93461577915142
2021-02-13,8.946356144131668
2021-02-14,9.122426055046502
2021-02-15,8.687241565958217
2021-02-16,8.651035792278583
2021-02-17,9.033631205263966
2021-02-18,9.13344330205813
2021-02-19,8.606841869714035
2021-02-20,9.126669918873295
2021-02-21,8.907493113330444
2021-02-22,9.108289414528063
2021-02-23,8.86615681427784
2021-02-24,8.366349663596555
2021-02-25,8.83135073591902
2021-02-26,9.065049231160012
2021-02-27,8.66588739344189
2021-02-28,8.759002092421035
2021-03-01,8.793671616420514
2021-03-02,8.241645794788278
2021-03-03,9.148817540072281
2021-03-04,8.627623618232507
2021-03-05,8.902749815260439
2021-03-06,8.778321587065172
2021-03-07,9.041601582491792
2021-03-08,8.866063478699289
2021-03-09,8.733001957405344
2021-03-10,8.596779866939281
2021-03-11,8.93091195030145
2021-03-12,8.392876551754288
2021-03-13,8.893331096264752
2021-03-14,8.541298469697207
2021-03-15,9.00888567080706
2021-03-16,8.788378269656668
2021-03-17,8.883001126377309
2021-03-18,8.769001311683203
2021-03-19,8.400924936490508
2021-03-20,8.578421316461736
2021-03-21,8.884582044203855
2021-03-22,8.783342738801732
2021-03-23,8.986487353586272
2021-03-24,8.831592398557829
2021-03-25,8.558615345415014
2021-03-26,8.594130956070678
2021-03-27,8.775684732920674
2021-03-28,8.294418803182538
2021-03-29,9.094410615352182
2021-03-30,8.850933728416319
2021-03-31,9.011220116417292
2021-04-01,8.453286940898051
2021-04-02,9.02227994423154
2021-04-03,9.223989355323479
2021-04-04,8.518198759959011
2021-04-05,8.94170045666637
2021-04-06,8.793047066868889
2021-04-07,8.489701000509976
2021-04-08,8.903283261130492
2021-04-09,8.977899995598527
2021-04-10,8.697779205182302
2021-04-11,9.058363231623675
2021-04-12,8.499350782613504
2021-04-13,8.541621666236075
2021-04-14,8.876105369471958
2021-04-15,8.862417070362786
2021-04-16,8.722918036311885
2021-04-17,9.037380300129072
2021-04-18,8.991202179768756
2021-04-19,9.066543426757598
2021-04-20,8.880508081499244
2021-04-21,9.036195610183672
2021-04-22,8.837414991549247
2021-04-23,9.34849237360791
2021-04-24,8.786717838932505
2021-04-25,9.382096202934402
2021-04-26,8.980131897789864
2021-04-27,8.71047399832705
2021-04-28,9.271914509879373
2021-04-29,9.03649820673302
2021-04-30,9.194855005837578
2021-05-01,9.283002650103596
2021-05-02,9.119708850230802
2021-05-03,8.947836721416744
2021-05-04,9.275871396828869
2021-05-05,9.095596053621028
2021-05-06,9.247600785869464
2021-05-07,8.694930976427148
2021-05-08,9.230580384372386
2021-05-09,9.029228311429812
2021-05-10,9.503618654632858
2021-05-11,9.313830518284092
2021-05-12,9.253681173057137
2021-05-13,9.31970356311896
2021-05-14,9.039715741780748
2021-05-15,9.581242979404657
2021-05-16,9.67227374186613
2021-05-17,9.370205506745746
2021-05-18,9.627536572255204
2021-05-19,9.21366389584262
2021-05-20,9.186307777548066
2021-05-21,9.372346269930654
2021-05-22,9.469768769973609
2021-05-23,9.322785363606641
2021-05-24,9.528115799445132
2021-05-25,9.50099121923917
2021-05-26,9.25936915425375
2021-05-27,9.58226660022495
2021-05-28,9.67084566199684
2021-05-29,9.55221460571357
2021-05-30,9.768373942038998
2021-05-31,9.314424088580145
2021-06-01,9.67168645993373
2021-06-02,9.364356781605188
2021-06-03,9.396032197533021
2021-06-04,9.51321079215168
2021-06-05,9.471640266367519
2021-06-06,9.57120921735654
2021-06-07,9.658828980350323
2021-06-08,9.89002900601107
2021-06-09,9.679387567423085
2021-06-10,9.447591471342028
2021-06-11,10.013897139072185
2021-06-12,9.639695947446642
2021-06-13,9.816657449437493
2021-06-14,9.939047245263952
2021-06-15,9.911044961871264
2021-06-16,10.111379911082487
2021-06-17,10.009797595175652
2021-06-18,9.763213500031512
2021-06-19,10.3926854202699
2021-06-20,10.017349997472852
2021-06-21,9.9705319546757
2021-06-22,10.214301779805908
2021-06-23,10.092917203714446
2021-06-24,10.144370222616933
2021-06-25,10.584439833223037
2021-06-26,10.0524317127708
2021-06-27,10.065324943005814
2021-06-28,10.173575758526683
2021-06-29,10.38590165225779
2021-06-30,9.891579219792272
2021-07-01,9.821005251931545
2021-07-02,10.117860333180024
2021-07-03,9.929596033023916
2021-07-04,10.192435621750079
2021-07-05,10.398840896733295
2021-07-06,10.14104184618478
2021-07-07,10.054582381561364
2021-07-08,10.37447047344383
2021-07-09,10.553660227743395
2021-07-10,10.062592389412131
2021-07-11,10.585950104153838
2021-07-12,10.60555639346813
2021-07-13,10.652972699044666
2021-07-14,10.725775300778846
2021-07-15,10.942262771439388
2021-07-16,10.450273593541585
2021-07-17,10.56288380670361
2021-07-18,10.476998990525908
2021-07-19,10.579833207579727
2021-07-20,10.904991971271997
2021-07-21,10.348216540913837
2021-07-22,10.463628745382016
2021-07-23,10.929705696507849
2021-07-24,10.876513765803292
2021-07-25,10.617917812096108
2021-07-26,10.879257595588042
2021-07-27,10.794243510315658
2021-07-28,11.043463280501152
2021-07-29,10.775498006409263
2021-07-30,10.9826848583256
2021-07-31,11.322692758211245
2021-08-01,10.93040678230322
2021-08-02,10.836908905961817
2021-08-03,10.987543920585379
2021-08-04,10.785759787388807
2021-08-05,11.351916449919505
2021-08-06,10.925584985391414
2021-08-07,10.84996838382479
2021-08-08,10.752133477700976
2021-08-09,11.153159147941981
2021-08-10,11.12131974316375
2021-08-11,10.862297659322103
2021-08-12,11.090660082862954
2021-08-13,10.6869708773034
2021-08-14,11.038695475232975
2021-08-15,11.104975094174542
2021-08-16,11.368311653539863
2021-08-17,10.884799522411523
2021-08-18,10.795102481282633
2021-08-19,10.883185772224401
2021-08-20,10.80614124778177
2021-08-21,11.351651914963794
2021-08-22,11.40459249043511
2021-08-23,11.16912770301897
2021-08-24,11.359235672211465
2021-08-25,11.151330263181352
2021-08-26,11.114744936463142
2021-08-27,11.076052461420915
2021-08-28,11.08913591137028
2021-08-29,10.849866793212188
2021-08-30,11.220147488750124
2021-08-31,11.16675329038456
2021-09-01,11.331067629099502
2021-09-02,11.207525344656665
2021-09-03,11.162752792926064
2021-09-04,11.02717362383885
2021-09-05,11.221605569432919
2021-09-06,11.360227348477617
2021-09-07,10.988957770748753
2021-09-08,11.23980517761822
2021-09-09,11.273241678145409
2021-09-10,11.086979314216462
2021-09-11,11.116615542010882
2021-09-12,11.283537788612435
2021-09-13,11.01359355811389
2021-09-14,11.312757126667318
2021-09-15,11.065827870452134
2021-09-16,11.459226954991838
2021-09-17,11.715609825522115
2021-09-18,11.076911153709242
2021-09-19,11.356552199949798
2021-09-20,11.104640043693834
2021-09-21,11.45808665807798
2021-09-22,10.996381169042154
2021-09-23,11.344716996166834
2021-09-24,11.07279865770387
2021-09-25,11.20442670937304
2021-09-26,11.03767658384641
2021-09-27,11.406041155763418
2021-09-28,11.0714965091039
2021-09-29,11.346239839656791
2021-09-30,11.163615581802322
2021-10-01,11.205763715615205
2021-10-02,11.254068296036888
2021-10-03,11.06764825395869
2021-10-04,11.257221168494505
2021-10-05,11.515989141650962
2021-10-06,11.048719228538644
2021-10-07,11.43275929988889
2021-10-08,11.491720772485614
2021-10-09,11.022220977209605
2021-10-10,10.887440508219916
2021-10-11,11.23149386290364
2021-10-12,11.053923409244101
2021-10-13,11.529084046573967
2021-10-14,11.153941040674209
2021-10-15,10.977815906010733
2021-10-16,10.899762850703512
2021-10-17,11.337780105236803
2021-10-18,10.995834858470028
2021-10-19,11.108781014859005
2021-10-20,11.280793447409149
2021-10-21,10.982075989676224
2021-10-22,11.058716946439251
2021-10-23,11.053247639726825
2021-10-24,11.181571751576515
2021-10-25,11.151091615506951
2021-10-26,10.97664981805643
2021-10-27,11.020829745200485
2021-10-28,10.920872777423572
2021-10-29,10.686539837464505
2021-10-30,11.020125223188426
2021-10-31,11.333299118154793
2021-11-01,10.764089706276797
2021-11-02,10.771921571640204
2021-11-03,10.737801388279362
2021-11-04,11.042014497839576
2021-11-05,10.97167660347326
2021-11-06,10.834893995125432
2021-11-07,10.667362949518477
2021-11-08,10.853555188594902
2021-11-09,10.506021021044196
2021-11-10,10.831253704917204
2021-11-11,10.960258395462379
2021-11-12,10.518865922627423
2021-11-13,10.44552642366522
2021-11-14,11.050619143704564
2021-11-15,10.594863406979488
2021-11-16,10.926676147201485
2021-11-17,10.650751015136247
2021-11-18,10.631021596814152
2021-11-19,10.732760528669147
2021-11-20,10.449752495457933
2021-11-21,10.63434031258499
2021-11-22,10.512651501627511
2021-11-23,10.305784678204567
2021-11-24,10.618144895383399
2021-11-25,10.47858886358636
2021-11-26,10.480289982830584
2021-11-27,10.249955657137752
2021-11-28,10.790415030057517
2021-11-29,10.627485000689433
2021-11-30,10.624846567672813
2021-12-01,10.350671662292328
2021-12-02,10.0455472232691
2021-12-03,10.761474500589765
2021-12-04,10.338068842397847
2021-12-05,10.179821906706
2021-12-06,10.392138040497793
2021-12-07,10.521306245388924
2021-12-08,10.26229103308265
2021-12-09,10.501556145829845
2021-12-10,10.441308219860327
2021-12-11,9.988232528692734
2021-12-12,10.047490975017949
2021-12-13,10.35244265447168
2021-12-14,9.597051246140031
2021-12-15,10.088279798638501
2021-12-16,9.810566858716895
2021-12-17,9.979955836420537
2021-12-18,9.994013773449822
2021-12-19,9.960624174702414
2021-12-20,9.900306495688339
2021-12-21,9.769812523963378
2021-12-22,10.426109203079822
2021-12-23,10.319714609576607
2021-12-24,9.692320239241502
2021-12-25,10.219690251218884
2021-12-26,9.80193596463393
2021-12-27,9.886263735764224
2021-12-28,9.826409986204892
2021-12-29,9.685801275599363
2021-12-30,9.993261702548084
2021-12-31,9.800469073958379
2022-01-01,9.908848603114182
2022-01-02,9.722180966940162
2022-01-03,9.78339890946791
2022-01-04,9.61294625127841
2022-01-05,9.922862843773025
2022-01-06,9.660378537544101
2022-01-07,9.825996873404428
2022-01-08,10.13263656955229
2022-01-09,10.078099311803653
2022-01-10,9.811529230341058
2022-01-11,9.78044089135916
2022-01-12,10.153839953379245
2022-01-13,9.862163378251159
2022-01-14,9.672743759505169
2022-01-15,9.433545951613967
2022-01-16,9.77812616319483
2022-01-17,9.845981387631
2022-01-18,9.534720310504943
2022-01-19,9.700399667141745
2022-01-20,9.550733074209774
2022-01-21,9.568115531390383
2022-01-22,9.089023028285117
2022-01-23,9.52409317108096
2022-01-24,9.74438728246889
2022-01-25,9.406504154006283
2022-01-26,9.525773708277473
2022-01-27,9.346779779630463
2022-01-28,9.552982585304395
2022-01-29,9.420741842247974
2022-01-30,9.259583300317894
2022-01-31,9.697564847021669
2022-02-01,9.600706572439526
2022-02-02,9.278051885368095
2022-02-03,9.482956128274832
2022-02-04,9.475502887930103
2022-02-05,9.481364104907284
2022-02-06,8.999201878192876
2022-02-07,9.524793794645781
2022-02-08,9.195226672999842
2022-02-09,9.223573647323569
2022-02-10,9.80897129874324
2022-02-11,9.32831235729581
2022-02-12,9.177506925182294
2022-02-13,8.800841192547637
2022-02-14,9.507280262481876
2022-02-15,8.948015317433393
2022-02-16,9.004405370026802
2022-02-17,9.1271682184911
2022-02-18,9.465379646152774
2022-02-19,9.325720337270763
2022-02-20,9.128799599645296
2022-02-21,9.211643157760845
2022-02-22,9.019851208138913
2022-02-23,9.158131624494434
2022-02-24,9.135472596049773
2022-02-25,9.305498191518499
2022-02-26,9.296456091913548
2022-02-27,9.193432073699762
2022-02-28,9.014125574693304
2022-03-01,9.227262776008736
2022-03-02,9.053154877521365
2022-03-03,8.84816515124216
2022-03-04,8.977241195829755
2022-03-05,9.068508125522744
2022-03-06,9.227704971027762
2022-03-07,9.003372136788489
2022-03-08,8.793012511965753
2022-03-09,9.041335148368903
2022-03-10,9.048174093454449
2022-03-11,9.058509335805573
2022-03-12,9.201539115736098
2022-03-13,9.217937660227554
2022-03-14,8.89226524553185
2022-03-15,8.885200246805944
2022-03-16,8.798078618933035
2022-03-17,9.143939506863381
2022-03-18,9.292367570585801
2022-03-19,8.938383969936924
2022-03-20,8.952281036195805
2022-03-21,9.293460688061373
2022-03-22,9.101123145972764
2022-03-23,9.087536513485347
2022-03-24,8.76275418475565
2022-03-25,9.137701337411428
2022-03-26,8.817516515512855
2022-03-27,8.778297217629035
2022-03-28,8.937873301029217
2022-03-29,8.892563693537847
2022-03-30,8.9682644422638
2022-03-31,8.727616870102533
2022-04-01,9.21117099035342
2022-04-02,9.248904171063774
2022-04-03,8.638221078289765
2022-04-04,9.228065992167785
2022-04-05,8.875314371721291
2022-04-06,9.214220185327989
2022-04-07,9.034898471626342
2022-04-08,9.060461579576318
2022-04-09,9.024159824746814
2022-04-10,9.310430356562769
2022-04-11,8.827262325067625
2022-04-12,9.204271531718346
2022-04-13,9.310838928503914
2022-04-14,9.24205390646229
2022-04-15,9.572279797633016
2022-04-16,9.010443381451765
2022-04-17,9.316922377453402
2022-04-18,9.113805189857281
2022-04-19,9.39159682784133
2022-04-20,9.153597569425424
2022-04-21,9.08810440021551
2022-04-22,9.437759492929573
2022-04-23,9.089416247786804
2022-04-24,8.916681841176791
2022-04-25,9.107667340407975
2022-04-26,9.346960897689687
2022-04-27,9.513983926558216
2022-04-28,9.270524514840956
2022-04-29,9.524957342500834
2022-04-30,9.002995201866012
2022-05-01,9.199578773431496
2022-05-02,9.244402715970978
2022-05-03,9.293373004884803
2022-05-04,9.347547598945058
2022-05-05,9.483627143608548
2022-05-06,9.271467854513682
2022-05-07,9.403482828576067
2022-05-08,9.382159462905605
2022-05-09,9.221767495680588
2022-05-10,9.400223389380864
2022-05-11,9.41048114272685
2022-05-12,9.422693510886669
2022-05-13,9.478793455765206
2022-05-14,9.504538620478769
2022-05-15,9.42013260547758
2022-05-16,9.778542604977002
2022-05-17,9.307726678795499
2022-05-18,9.415261836846497
2022-05-19,10.133486260421837
2022-05-20,9.388132219795217
2022-05-21,9.343410385242919
2022-05-22,9.779675911300272
2022-05-23,9.23615872910049
2022-05-24,9.623507379376948
2022-05-25,10.118878307839784
2022-05-26,9.400043324881281
2022-05-27,9.332115099586861
2022-05-28,9.448303773100994
2022-05-29,9.947592655864888
2022-05-30,10.012799665383822
2022-05-31,9.705387087883834
2022-06-01,9.964738856307573
2022-06-02,10.126463988386941
2022-06-03,10.226317752065604
2022-06-04,9.84012990266327
2022-06-05,9.449757959548371
2022-06-06,9.766632596622829
2022-06-07,9.86629820350551
2022-06-08,9.920810349429114
2022-06-09,9.956047494962482
2022-06-10,10.23849553228208
2022-06-11,10.29076925511067
2022-06-12,10.022779243384692
2022-06-13,10.298098510068781
2022-06-14,10.171272217202027
2022-06-15,10.134024072763221
2022-06-16,10.323852833000185
2022-06-17,10.178447376144684
2022-06-18,10.597037651390485
2022-06-19,9.919290752112657
2022-06-20,10.125449124986803
2022-06-21,10.22469622060921
2022-06-22,10.359407233286392
2022-06-23,10.54661911194905
2022-06-24,10.309644870581836
2022-06-25,10.051557103601658
2022-06-26,10.52595877771281
2022-06-27,10.529868875037685
2022-06-28,10.011888324248309
2022-06-29,10.420837638407422
2022-06-30,10.12485765969429
2022-07-01,10.331186210726434
2022-07-02,10.304721601911494
2022-07-03,10.668233564484172
2022-07-04,10.550767926089643
2022-07-05,10.291222757356232
2022-07-06,10.745204811486703
2022-07-07,10.30318653213195
2022-07-08,10.67662579919495
2022-07-09,10.46834939696205
2022-07-10,10.578451660609351
2022-07-11,10.772757774100318
2022-07-12,10.79638503253237
2022-07-13,10.979549493324534
2022-07-14,10.715628517870218
2022-07-15,10.813150159100134
2022-07-16,10.68394453878453
2022-07-17,10.827367467212598
2022-07-18,10.898183886777217
2022-07-19,10.80977586913769
2022-07-20,10.487667203326236
2022-07-21,10.93351361696615
2022-07-22,10.958750975286222
2022-07-23,10.768234813937347
2022-07-24,10.66562905720837
2022-07-25,11.235719971560318
2022-07-26,11.056666297542778
2022-07-27,10.930184135632908
2022-07-28,10.766001782071456
2022-07-29,10.846233121959639
2022-07-30,11.28807651490833
2022-07-31,11.071822764286331
2022-08-01,10.950669537893585
2022-08-02,11.17898111904778
2022-08-03,10.930174886051917
2022-08-04,11.40898456508566
2022-08-05,11.394883015793903
2022-08-06,11.046255963611662
2022-08-07,11.028820998463718
2022-08-08,10.645644638966527
2022-08-09,10.88739895531042
2022-08-10,10.929988305606651
2022-08-11,11.238806601802398
2022-08-12,11.160123072950197
2022-08-13,10.969614973462923
2022-08-14,11.195468551725433
2022-08-15,11.365491253288672
2022-08-16,11.382413561611136
2022-08-17,10.909029226785483
2022-08-18,11.275120310946331
2022-08-19,11.035603209015088
2022-08-20,11.50380068727281
2022-08-21,11.491149726682696
2022-08-22,11.165259186165411
2022-08-23,11.201875346949125
2022-08-24,11.272723272974773
2022-08-25,10.923979908119037
2022-08-26,11.45096090069141
2022-08-27,11.338091075963641
2022-08-28,11.595249126159365
2022-08-29,11.189745260881484
2022-08-30,11.29347194637867
2022-08-31,11.123515020819546
2022-09-01,11.231137371585076
2022-09-02,11.202424246155298
2022-09-03,11.644488269009171
2022-09-04,11.311759860090097
2022-09-05,11.48201005901749
2022-09-06,11.386427221542023
2022-09-07,11.213732515762963
2022-09-08,11.438650342247742
2022-09-09,11.59645375421223
2022-09-10,11.239040392431445
2022-09-11,11.64600936113876
2022-09-12,11.317471434563652
2022-09-13,11.393680976557846
2022-09-14,11.598909008219449
2022-09-15,11.362211513740077
2022-09-16,11.504171188252368
2022-09-17,11.435106110686837
2022-09-18,11.52493611539037
2022-09-19,11.023562806370164
2022-09-20,11.134052061628623
2022-09-21,11.62308922452779
2022-09-22,11.706869131989007
2022-09-23,11.316502303774987
2022-09-24,11.448590780647514
2022-09-25,11.554767477773174
2022-09-26,11.632525159207612
2022-09-27,11.086035607250098
2022-09-28,11.311684530596143
2022-09-29,11.419331111820451
2022-09-30,11.623063226901998
2022-10-01,11.978344286719276
2022-10-02,11.428915969194918
2022-10-03,11.188617695869663
2022-10-04,11.545601361226586
2022-10-05,11.724121386688221
2022-10-06,11.475941009901087
2022-10-07,11.267067562203263
2022-10-08,11.633700034084061
2022-10-09,11.568161098714901
2022-10-10,11.223235260398901
2022-10-11,11.497386806376158
2022-10-12,11.61285802732925
2022-10-13,11.641741411253145
2022-10-14,11.383689737512352
2022-10-15,11.316639898381906
2022-10-16,11.624649517322107
2022-10-17,11.12776701282246
2022-10-18,11.447787511471066
2022-10-19,11.076009929494033
2022-10-20,11.552708152838573
2022-10-21,11.277318556940157
2022-10-22,11.571619359316777
2022-10-23,11.404843872962434
2022-10-24,11.05026280326091
2022-10-25,11.567868294820336
2022-10-26,11.58092161759294
2022-10-27,11.434557231421024
2022-10-28,11.092911006721026
2022-10-29,11.170859527976912
2022-10-30,11.247690495189953
2022-10-31,11.064118686121892
2022-11-01,11.529302848907651
2022-11-02,11.205392807905952
2022-11-03,10.621277333186638
2022-11-04,11.214967304646196
2022-11-05,11.06234803327051
2022-11-06,11.101616222385033
2022-11-07,11.027242888689129
2022-11-08,11.246489113588254
2022-11-09,11.292883002222034
2022-11-10,11.109179023997436
2022-11-11,10.968091280817161
2022-11-12,11.010838308992325
2022-11-13,11.005950002346678
2022-11-14,10.824245557392626
2022-11-15,11.083001064594653
2022-11-16,11.041495042784813
2022-11-17,11.239638796131148
2022-11-18,11.164482516260112
2022-11-19,10.757943005251791
2022-11-20,11.040611941709013
2022-11-21,10.667650207266968
2022-11-22,10.978135804780498
2022-11-23,10.716560527133552
2022-11-24,10.595997835763
2022-11-25,10.837259493501424
2022-11-26,10.226781522888698
2022-11-27,10.391792730939537
2022-11-28,10.686636579750099
2022-11-29,10.718630516739179
2022-11-30,10.60815163680678
2022-12-01,10.345873343037145
2022-12-02,10.477805432742082
2022-12-03,10.699132889539342
2022-12-04,10.716644698124693
2022-12-05,10.57633724239082
2022-12-06,10.790144481808568
2022-12-07,10.617361492480113
2022-12-08,10.367410013508103
2022-12-09,10.439740701559648
2022-12-10,10.194135000715383
2022-12-11,10.431880968094863
2022-12-12,10.654669119994113
2022-12-13,10.54799323875792
2022-12-14,10.669975624085943
2022-12-15,10.3075938885117
2022-12-16,10.615953057944681
2022-12-17,10.286605751417648
2022-12-18,10.598094807769643
2022-12-19,10.277901700795491
2022-12-20,10.402205020871717
2022-12-21,10.534263726751112
2022-12-22,10.179041423999843
2022-12-23,10.239900006253173
2022-12-24,10.43250608833402
2022-12-25,10.126666268172158
2022-12-26,9.867650606227269
2022-12-27,10.539027652014864
2022-12-28,9.995111885316847
2022-12-29,10.099502214037665
2022-12-30,10.27769256771708
2022-12-31,9.903592987096808
2023-01-01,10.052585305113602
2023-01-02,10.283846315055222
2023-01-03,9.853502632629256
2023-01-04,10.133641059025246
2023-01-05,10.219425866953072
2023-01-06,10.095721276635947
2023-01-07,9.820418787270988
2023-01-08,10.427451790071018
2023-01-09,10.10894702800917
2023-01-10,10.354215032713931
2023-01-11,9.9958505865517
2023-01-12,9.851862647156892
2023-01-13,10.06184833823045
2023-01-14,9.94514762621483
2023-01-15,9.733197283439786
2023-01-16,10.243308371319381
2023-01-17,9.805662588535627
2023-01-18,9.542997338448558
2023-01-19,10.157792326905605
2023-01-20,9.772588130030256
2023-01-21,9.733357232707059
2023-01-22,9.483509922391589
2023-01-23,10.166637749143584
2023-01-24,9.542617304545342
2023-01-25,9.794474561260724
2023-01-26,9.947792499142498
2023-01-27,9.832313307569466
2023-01-28,9.718963387647403
2023-01-29,9.373713310097724
2023-01-30,9.535486641300839
2023-01-31,9.718614621097148
2023-02-01,9.507485355735684
2023-02-02,9.689705130153484
2023-02-03,9.769747148154305
2023-02-04,9.810521064526048
2023-02-05,9.357667986342511
2023-02-06,10.027382268387681
2023-02-07,9.726968355350081
2023-02-08,9.558823634851176
2023-02-09,9.76304655062715
2023-02-10,10.004476502691194
2023-02-11,9.230193660940232
2023-02-12,9.45971889177346
2023-02-13,9.016213735124152
2023-02-14,9.51785774222221
2023-02-15,9.540136099980142
2023-02-16,9.447260727638152
2023-02-17,9.312531964109008
2023-02-18,9.022194384575052
2023-02-19,9.495779076619964
2023-02-20,9.701453998396413
2023-02-21,9.281781053886395
2023-02-22,9.477940332517763
2023-02-23,9.066572023897352
2023-02-24,9.462247859832647
2023-02-25,9.283067752833297
2023-02-26,9.200536877305174
2023-02-27,9.192563869015407
2023-02-28,9.257872769795924
2023-03-01,9.405384980269217
2023-03-02,9.059115930522871
2023-03-03,9.235124958671216
2023-03-04,9.299604398612113
2023-03-05,9.081794883859507
2023-03-06,9.654994854629818
2023-03-07,9.11937867520765
2023-03-08,9.150964871486975
2023-03-09,9.08432522174504
2023-03-10,9.635178902870761
2023-03-11,9.38192285574492
2023-03-12,9.080246411296484
2023-03-13,9.485399323981568
2023-03-14,9.301247158865957
2023-03-15,9.309879622638034
2023-03-16,9.187222919373639
2023-03-17,9.104293175415892
2023-03-18,9.320156768729179
2023-03-19,9.14238290951959
2023-03-20,9.613918275055823
2023-03-21,8.996245955632958
2023-03-22,9.557242929900752
2023-03-23,9.228025602765577
2023-03-24,9.310754632754616
2023-03-25,9.418587276881432
2023-03-26,9.12729392461392
2023-03-27,9.427950931755753
2023-03-28,8.715718845306323
2023-03-29,9.115724331583197
2023-03-30,9.077771819672595
2023-03-31,9.015111994533164
2023-04-01,9.226416761444096
2023-04-02,9.350516905796828
2023-04-03,9.41822157281779
2023-04-04,9.330549782474556
2023-04-05,9.154281404706907
2023-04-06,9.366628365496464
2023-04-07,9.323444909129794
2023-04-08,9.49191770034732
2023-04-09,9.466566695217361
2023-04-10,9.324099798500196
2023-04-11,9.14572932634038
2023-04-12,9.202113432804927
2023-04-13,9.230615023598396
2023-04-14,9.285732623570956
2023-04-15,9.410950100286284
2023-04-16,9.509267612022317
2023-04-17,9.36523767433162
2023-04-18,9.38824827450566
2023-04-19,9.423576873570795
2023-04-20,9.301954305943228
2023-04-21,9.230601105059412
2023-04-22,9.075457472693104
2023-04-23,9.298698763975215
2023-04-24,9.543856083610459
2023-04-25,9.320454429434827
2023-04-26,9.425592900886793
2023-04-27,9.57886243372326
2023-04-28,9.602436539066188
2023-04-29,9.29541135862082
2023-04-30,9.724042057452259
2023-05-01,9.763701484266173
2023-05-02,9.326147767958085
2023-05-03,9.401517516451076
2023-05-04,9.818946857924256
2023-05-05,9.56607424787905
2023-05-06,9.16647363265741
2023-05-07,9.345740790238903
2023-05-08,9.591310115935919
2023-05-09,9.424336946401898
2023-05-10,9.590271973069862
2023-05-11,9.69569229144299
2023-05-12,9.998160544694224
2023-05-13,9.664350781203359
2023-05-14,9.953912272270644
2023-05-15,10.0423436737064
2023-05-16,10.060861592053165
2023-05-17,9.848573723313216
2023-05-18,9.41679802897268
2023-05-19,9.9196585086579
2023-05-20,10.05541046835577
2023-05-21,9.847947899097786
2023-05-22,10.23169733631508
2023-05-23,10.073549412148756
2023-05-24,10.034216836801992
2023-05-25,10.156989465065655
2023-05-26,10.025704479564137
2023-05-27,9.479945896855535
2023-05-28,9.898312223198461
2023-05-29,10.257354347645062
2023-05-30,9.876326053367
2023-05-31,10.013210346232148
2023-06-01,9.869129112726744
2023-06-02,10.455197441924897
2023-06-03,10.455146960663242
2023-06-04,9.962623179871093
2023-06-05,10.189511903160184
2023-06-06,10.044709571551957
2023-06-07,10.324647970298837
2023-06-08,10.324534724193258
2023-06-09,10.405960489486878
2023-06-10,10.331100302237523
2023-06-11,10.872964811050847
2023-06-12,10.101529221167501
2023-06-13,9.986280863971116
2023-06-14,10.271121903735517
2023-06-15,10.057525225078654
2023-06-16,10.094051547576994
2023-06-17,10.213734035657506
2023-06-18,10.251037634884607
2023-06-19,10.266049365081555
2023-06-20,10.582127094894288
2023-06-21,10.398762187782932
2023-06-22,10.485613780220298
2023-06-23,10.721873569428618
2023-06-24,10.411260079072783
2023-06-25,10.533093853761956
2023-06-26,10.680607995640392
2023-06-27,10.240563561685248
2023-06-28,10.173278954334075
2023-06-29,10.740821930901125
2023-06-30,10.79128888194373
2023-07-01,11.12696045719733
2023-07-02,10.766902362477417
2023-07-03,10.920328568287394
2023-07-04,10.738307362538011
2023-07-05,10.857786401824455
2023-07-06,11.152642987245141
2023-07-07,10.415149133292504
2023-07-08,10.943326292615097
2023-07-09,11.308268876835834
2023-07-10,10.957993920957323
2023-07-11,11.252018217139211
2023-07-12,10.816252722814575
2023-07-13,10.955746179780599
2023-07-14,10.988784198282227
2023-07-15,10.558341770635712
2023-07-16,10.787856437695355
2023-07-17,10.82159447481124
2023-07-18,11.224699892782018
2023-07-19,11.253868459765375
2023-07-20,11.163224588686042
2023-07-21,11.282040017071113
2023-07-22,11.103008797270775
2023-07-23,11.394655843114846
2023-07-24,11.174264152949288
2023-07-25,11.202116950944875
2023-07-26,11.155258668711415
2023-07-27,11.362890437344536
2023-07-28,11.159168595378372
2023-07-29,11.455882363083521
2023-07-30,11.051128607407882
2023-07-31,11.074507125167083
2023-08-01,11.448272302319028
2023-08-02,11.309334429886245
2023-08-03,11.252276240310557
2023-08-04,11.536827505524677
2023-08-05,11.252870625997343
2023-08-06,11.349530526992144
2023-08-07,11.684400637884123
2023-08-08,11.727099747867113
2023-08-09,11.74819475167476
2023-08-10,11.39145710521142
2023-08-11,11.707909114601815
2023-08-12,11.285579248284733
2023-08-13,11.307301496001559
2023-08-14,11.031610189693472
2023-08-15,11.848997464138908
2023-08-16,11.354049721812803
2023-08-17,11.513656767007848
2023-08-18,11.368708138657441
2023-08-19,11.701304414075437
2023-08-20,11.498328215701285
2023-08-21,11.323357065325407
2023-08-22,11.683197144267515
2023-08-23,11.318338382467159
2023-08-24,11.447495538011337
2023-08-25,11.203160764140089
2023-08-26,11.348975643563774
2023-08-27,11.678365819175763
2023-08-28,11.258306902025208
2023-08-29,11.363197959549652
2023-08-30,11.666822752802094
2023-08-31,11.566098693208758
2023-09-01,12.0
2023-09-02,12.0
2023-09-03,11.521709040689652
2023-09-04,11.812839753521072
2023-09-05,11.857031433444458
2023-09-06,11.593084130709505
2023-09-07,11.418517261665885
2023-09-08,11.71985073702046
2023-09-09,11.692063952876689
2023-09-10,11.643439371545991
2023-09-11,11.82265017662538
2023-09-12,11.587269697458073
2023-09-13,11.509878252256586
2023-09-14,11.764588977687405
2023-09-15,11.82209276369775
2023-09-16,11.511327227605184
2023-09-17,11.93366239864267
2023-09-18,11.39496628649439
2023-09-19,11.634087935731735
2023-09-20,11.698386717430717
2023-09-21,11.622651080788035
2023-09-22,11.636420756148958
2023-09-23,12.0
2023-09-24,11.57721963327396
2023-09-25,12.0
2023-09-26,11.831306994822082
2023-09-27,11.759982089046666
2023-09-28,11.834140650669351
2023-09-29,12.0
2023-09-30,11.533716586668499
2023-10-01,11.504574606187699
2023-10-02,11.573543875242478
2023-10-03,11.726441817683373
2023-10-04,11.369993520823812
2023-10-05,11.714390076643802
2023-10-06,12.0
2023-10-07,11.728678749359077
2023-10-08,11.633564153993003
2023-10-09,11.561819885278489
2023-10-10,11.858153770148338
2023-10-11,11.50593512822168
2023-10-12,12.0
2023-10-13,12.0
2023-10-14,11.6983296923066
2023-10-15,11.63595277000244
2023-10-16,11.835326714554167
2023-10-17,11.838758813864102
2023-10-18,11.448873307074983
2023-10-19,11.494704228339579
2023-10-20,11.325163411449992
2023-10-21,11.6607406477292
2023-10-22,11.701228288878662
2023-10-23,11.286576194119075
2023-10-24,11.453867068310064
2023-10-25,11.263491964888617
2023-10-26,11.340912602258626
2023-10-27,11.618303344946442
2023-10-28,11.348532166392614
2023-10-29,11.421897127641934
2023-10-30,11.143142706119338
2023-10-31,11.492258807933112
2023-11-01,11.43197887044608
2023-11-02,11.280735663554111
2023-11-03,11.374144083071615
2023-11-04,11.433155118195641
2023-11-05,11.219005882852104
2023-11-06,11.071349024808367
2023-11-07,11.712081648383633
2023-11-08,11.208425289324863
2023-11-09,11.29959342587398
2023-11-10,11.504736338549767
2023-11-11,11.99176455575889
2023-11-12,11.020208459976386
2023-11-13,11.341995521776454
2023-11-14,11.093221108306771
2023-11-15,11.109457273965063
2023-11-16,11.055444173811363
2023-11-17,10.956419554615696
2023-11-18,11.155154287845484
2023-11-19,10.85017745136017
2023-11-20,11.315913780109595
2023-11-21,11.118841471092537
2023-11-22,11.173436379172617
2023-11-23,10.97664564449633
2023-11-24,10.97720769359577
2023-11-25,11.08876320599541
2023-11-26,10.77888482203836
2023-11-27,10.920389758937915
2023-11-28,10.800212253729265
2023-11-29,10.774028401294007
2023-11-30,10.510047742713288
2023-12-01,11.179625920676663
2023-12-02,10.75407605053903
2023-12-03,11.103566235124573
2023-12-04,11.06404680827788
2023-12-05,10.572381924606711
2023-12-06,10.5910954784666
2023-12-07,11.299982679659403
2023-12-08,11.117086332685172
2023-12-09,10.73953740957635
2023-12-10,10.776182853440423
2023-12-11,10.577339485583709
2023-12-12,10.768719538989913
2023-12-13,10.517498841671232
2023-12-14,10.233103006042441
2023-12-15,10.353859779969289
2023-12-16,10.600951648611947
2023-12-17,10.349053149606723
2023-12-18,10.540322298272956
2023-12-19,10.317340842397343
2023-12-20,10.354287961610462
2023-12-21,10.659874315171779
2023-12-22,10.517223059244106
2023-12-23,10.444289324481668
2023-12-24,10.60052619790689
2023-12-25,10.49938861962764
2023-12-26,10.671141720978774
2023-12-27,10.268454388634854
2023-12-28,10.253137782478774
2023-12-29,10.057529150571888
2023-12-30,10.21069509035237
2023-12-31,10.468245746703536
2024-01-01,10.764156362210455
2024-01-02,10.67515988931759
2024-01-03,10.103279538901848
2024-01-04,10.657851316930977
2024-01-05,10.052714409435577
2024-01-06,10.57933512082545
2024-01-07,10.305552070593926
2024-01-08,10.499122861616987
2024-01-09,10.071749727640423
2024-01-10,10.552218135702812
2024-01-11,10.004862887366812
2024-01-12,10.144174061324408
2024-01-13,10.05839322862561
2024-01-14,9.887448080915973
2024-01-15,10.237655088555751
2024-01-16,10.560569343129274
2024-01-17,10.71349767757843
2024-01-18,10.18048177282492
2024-01-19,10.365495371127643
2024-01-20,10.169866660778487
2024-01-21,10.204698650183825
2024-01-22,10.018157709572135
2024-01-23,10.107464836908706
2024-01-24,10.158009162908565
2024-01-25,9.917092719344328
2024-01-26,9.999769574655812
2024-01-27,9.986283897169349
2024-01-28,10.146174913511945
2024-01-29,9.750840047429671
2024-01-30,9.937123166732764
2024-01-31,10.313455647299183
2024-02-01,10.147732200250271
2024-02-02,10.168869047931471
2024-02-03,9.888284834426884
2024-02-04,9.932220000103232
2024-02-05,10.053351091245633
2024-02-06,10.150104163298076
2024-02-07,9.433151903862678
2024-02-08,9.54607820417502
2024-02-09,10.057028054292351
2024-02-10,9.726017077137438
2024-02-11,9.633593523299991
2024-02-12,9.50393922287261
2024-02-13,9.630896726789997
2024-02-14,9.44885357900784
2024-02-15,10.135276106141609
2024-02-16,9.70060594033059
2024-02-17,9.681848569956127
2024-02-18,9.799712622846283
2024-02-19,9.863541373790925
2024-02-20,9.849544732924276
2024-02-21,9.864709133814594
2024-02-22,9.513759236554963
2024-02-23,9.570627525589991
2024-02-24,9.7746115781826
2024-02-25,9.506266400054304
2024-02-26,9.601999141020313
2024-02-27,9.674389350143596
2024-02-28,9.7436321026646
2024-02-29,9.223362124656669
2024-03-01,9.714497700739763
2024-03-02,9.51780321341444
2024-03-03,9.699390296384818
2024-03-04,9.706989067236844
2024-03-05,9.867244826518645
2024-03-06,9.81076850074416
2024-03-07,9.804166586735732
2024-03-08,9.818720875542787
2024-03-09,9.583758682406327
2024-03-10,9.52777882743239
2024-03-11,9.692128229180879
2024-03-12,9.660569202496179
2024-03-13,9.44929417266053
2024-03-14,9.589393620177386
2024-03-15,9.49909906776721
2024-03-16,9.333389791115275
2024-03-17,9.76069569719353
2024-03-18,9.512440204024726
2024-03-19,9.910308800680573
2024-03-20,9.175005722641611
2024-03-21,9.38865582076109
2024-03-22,9.50681713986331
2024-03-23,9.728413705476179
2024-03-24,9.581849598075982
2024-03-25,9.565438334450956
2024-03-26,9.279648496305196
2024-03-27,9.275839336936665
2024-03-28,9.574223170285567
2024-03-29,9.239763182377137
2024-03-30,9.409437646949652
2024-03-31,9.619591194877056
2024-04-01,9.326902057705134
2024-04-02,9.84876076559029
2024-04-03,9.777161699882052
2024-04-04,9.223136098017957
2024-04-05,9.356350829295033
2024-04-06,9.091432321260635
2024-04-07,9.39818819425049
2024-04-08,9.714457049945537
2024-04-09,9.4852255272611
2024-04-10,9.667339376295825
2024-04-11,9.278236600314994
2024-04-12,9.750167946442385
2024-04-13,9.487764044768538
2024-04-14,9.609773951224915
2024-04-15,9.597657833718095
2024-04-16,9.371151708756239
2024-04-17,9.404406450577609
2024-04-18,9.83847450637148
2024-04-19,9.734933800070037
2024-04-20,9.875689364898689
2024-04-21,9.74147669925575
2024-04-22,9.716326762552432
2024-04-23,9.354024869223549
2024-04-24,9.656963377690506
2024-04-25,9.717677444291233
2024-04-26,10.126197615895313
2024-04-27,9.885689966201388
2024-04-28,10.068530165395934
2024-04-29,9.894137727340476
2024-04-30,9.64597082100518
2024-05-01,9.825542582631767
2024-05-02,9.863529619632152
2024-05-03,9.642897607340883
2024-05-04,9.768567476811524
2024-05-05,9.819275823412347
2024-05-06,10.196801057698465
2024-05-07,9.475035935892219
2024-05-08,10.148109160602026
2024-05-09,9.735597680205275
2024-05-10,9.66479721125235
2024-05-11,10.19169804989497
2024-05-12,10.118821178295793
2024-05-13,10.24030765283233
2024-05-14,10.166732030808161
2024-05-15,10.43596865853023
2024-05-16,10.153367572025
2024-05-17,10.028160383315845
2024-05-18,10.146078811041395
2024-05-19,10.344424316462256
2024-05-20,9.958286255132846
2024-05-21,10.002402845793753
2024-05-22,10.089790696935683
2024-05-23,9.749645601618369
2024-05-24,10.217329004507995
2024-05-25,9.831804768521756
2024-05-26,10.239119859321129
2024-05-27,10.421197964719584
2024-05-28,10.172545450066725
2024-05-29,10.623267495424033
2024-05-30,10.01580466739584
2024-05-31,10.566348511833725
2024-06-01,10.483440334165929
2024-06-02,10.025641819517501
2024-06-03,10.931555818707345
2024-06-04,10.397303245981576
2024-06-05,10.25531157667364
2024-06-06,10.170241603535759
2024-06-07,10.428594503212858
2024-06-08,10.468138000686233
2024-06-09,10.535245718403878
2024-06-10,10.47632433852836
2024-06-11,10.683759036192669
2024-06-12,10.50087556832577
2024-06-13,10.212747120427714
2024-06-14,10.591250579060778
2024-06-15,10.169048470903537
2024-06-16,10.734751092675378
2024-06-17,10.489615369914405
2024-06-18,10.739645056454728
2024-06-19,10.991298301110126
2024-06-20,10.5602502609464
2024-06-21,10.983767946897219
2024-06-22,10.7063491011912
2024-06-23,11.165163544442185
2024-06-24,10.762972510863257
2024-06-25,10.689357401320471
2024-06-26,11.01632481188835
2024-06-27,10.813102110199464
2024-06-28,10.75330856231578
2024-06-29,10.847318055689593
2024-06-30,10.955195123790247
2024-07-01,11.253719413553025
2024-07-02,10.619563075743859
2024-07-03,11.032018023045291
2024-07-04,11.173321676438247
2024-07-05,11.107881333893593
2024-07-06,11.351920730804338
2024-07-07,11.095733975149056
2024-07-08,11.094241242383172
2024-07-09,11.270052986518124
2024-07-10,11.191766387482911
2024-07-11,11.11401340506437
2024-07-12,11.315384486530617
2024-07-13,11.10157359916118
2024-07-14,11.1296245561036
2024-07-15,11.165893198912272
2024-07-16,11.56158332272132
2024-07-17,10.666083405978371
2024-07-18,11.408557605581153
2024-07-19,11.35527166298478
2024-07-20,11.031045345852347
2024-07-21,11.44778403564233
2024-07-22,11.499419907573243
2024-07-23,11.540434310694353
2024-07-24,10.910178528850535
2024-07-25,11.731655077734786
2024-07-26,11.328453000880282
2024-07-27,11.630721908051589
2024-07-28,11.658810843780365
2024-07-29,11.352219018427226
2024-07-30,11.67638236658303
2024-07-31,11.483688303111254
2024-08-01,11.162767836935217
2024-08-02,11.826602908646738
2024-08-03,11.453806966426336
2024-08-04,11.453424216266948
2024-08-05,11.558957604244872
2024-08-06,11.70900239293537
2024-08-07,11.657817196540563
2024-08-08,11.793328494562129
2024-08-09,11.429984387292471
2024-08-10,11.563291259518774
2024-08-11,11.702170399374163
2024-08-12,12.0
2024-08-13,11.728938852535594
2024-08-14,11.981468276491528
2024-08-15,11.784556725384881
2024-08-16,11.692231555469746
2024-08-17,11.75142812222021
2024-08-18,11.778587422003634
2024-08-19,11.944184095636901
2024-08-20,12.0
2024-08-21,11.916800800967566
2024-08-22,12.0
2024-08-23,11.672018735548498
2024-08-24,11.791612485302498
2024-08-25,11.738906759161761
2024-08-26,11.955548903406637
2024-08-27,11.82942243260991
2024-08-28,12.0
2024-08-29,11.731096193702168
2024-08-30,11.933426267091626
2024-08-31,12.0
2024-09-01,11.52576009036082
2024-09-02,12.0
2024-09-03,11.8947818528644
2024-09-04,11.552166939333333
2024-09-05,11.994198682029742
2024-09-06,11.974314262560155
2024-09-07,11.955931550967573
2024-09-08,12.0
2024-09-09,12.0
2024-09-10,12.0
2024-09-11,12.0
2024-09-12,11.969406071884798
2024-09-13,12.0
2024-09-14,11.69905954151242
2024-09-15,12.0
2024-09-16,12.0
2024-09-17,12.0
2024-09-18,11.830939851989884
2024-09-19,11.65125390419093
2024-09-20,12.0
2024-09-21,12.0
2024-09-22,12.0
2024-09-23,11.743324041816724
2024-09-24,12.0
2024-09-25,12.0
2024-09-26,11.916018084079772
2024-09-27,11.730704136093173
2024-09-28,11.904452114515752
2024-09-29,11.985236180929064
2024-09-30,12.0
2024-10-01,11.856238168589252
2024-10-02,12.0
2024-10-03,11.742241282784715
2024-10-04,11.61208119834552
2024-10-05,12.0
2024-10-06,11.493473064992882
2024-10-07,11.901275292013514
2024-10-08,12.0
2024-10-09,11.92604271864604
2024-10-10,11.69694815273004
2024-10-11,11.901925421040117
2024-10-12,11.895203245017461
2024-10-13,11.929109520644866
2024-10-14,12.0
2024-10-15,11.671372519232307
2024-10-16,12.0
2024-10-17,11.90909451016139
2024-10-18,11.99537406424728
2024-10-19,11.714003018435523
2024-10-20,12.0
2024-10-21,11.76649223042467
2024-10-22,11.862071824390036
2024-10-23,11.608285633835875
2024-10-24,11.583556423124461
2024-10-25,11.908313625597971
2024-10-26,11.669378566859704
2024-10-27,11.574463962227394
2024-10-28,11.603425650442988
2024-10-29,11.858395666052285
2024-10-30,11.579053193747457
2024-10-31,11.667302548094577
2024-11-01,11.679533063618164
2024-11-02,11.27847716540605
2024-11-03,11.352870861020248
2024-11-04,11.699235090483484
2024-11-05,11.469195661378183
2024-11-06,11.812311744102352
2024-11-07,11.778441251117027
2024-11-08,11.712779179782444
2024-11-09,11.916522749008225
2024-11-10,11.519335652696155
2024-11-11,11.648882135134926
2024-11-12,11.385149883711946
2024-11-13,11.975205547939337
2024-11-14,11.86394206536761
2024-11-15,11.451862664916279
2024-11-16,11.508867794156853
2024-11-17,11.685272080075379
2024-11-18,11.365650087806996
2024-11-19,11.24522745264728
2024-11-20,11.532638834087239
2024-11-21,11.354637233809063
2024-11-22,11.356482256814626
2024-11-23,11.133794211824526
2024-11-24,10.937715995289263
2024-11-25,11.308923430495346
2024-11-26,11.422980254119423
2024-11-27,11.176973606689748
2024-11-28,11.489428067323983
2024-11-29,11.04123212575531
2024-11-30,10.95081971178748
2024-12-01,11.127937739730557
2024-12-02,11.104372509021605
2024-12-03,11.254282090266065
2024-12-04,10.924589301097212
2024-12-05,11.332396572964148
2024-12-06,11.431265480289916
2024-12-07,11.009072338906076
2024-12-08,11.245783196278834
2024-12-09,10.7634088180319
2024-12-10,11.168553074409528
2024-12-11,11.141704277861738
2024-12-12,11.083622677853702
2024-12-13,10.88646114112806
2024-12-14,10.277321149023093
2024-12-15,10.718387670311403
2024-12-16,10.70008339317032
2024-12-17,10.608126803643568
2024-12-18,10.806721651193328
2024-12-19,10.676966057006615
2024-12-20,10.574318851936136
2024-12-21,10.50596692006652
2024-12-22,10.553119611647292
2024-12-23,10.899033245662745
2024-12-24,10.521061890032671
2024-12-25,10.528841321441847
2024-12-26,10.519086718093233
2024-12-27,10.656863480946159
2024-12-28,10.659000901555864
2024-12-29,9.937559925978222
2024-12-30,10.729618810608569
2024-12-31,10.79143249460678
