Date,BOD (mg/L)
2020-01-01,1.0902669940808671
2020-01-02,1.0758826224325966
2020-01-03,1.0899232037389526
2020-01-04,1.105758379080067
2020-01-05,1.0689503832327325
2020-01-06,1.0672941933410947
2020-01-07,1.1019129743827987
2020-01-08,1.0840379904894755
2020-01-09,1.0576696640588479
2020-01-10,1.0762899696046457
2020-01-11,1.054560273070774
2020-01-12,1.0529146084081984
2020-01-13,1.065480217765674
2020-01-14,1.0207987992252818
2020-01-15,1.023001609352784
2020-01-16,1.044702370980131
2020-01-17,1.0341527082424657
2020-01-18,1.0591689958845192
2020-01-19,1.033212247778707
2020-01-20,1.0216297446287166
2020-01-21,1.0777067362768458
2020-01-22,1.042411469174076
2020-01-23,1.0468265202396934
2020-01-24,1.0155461100347132
2020-01-25,1.031735118719064
2020-01-26,1.0434399265649499
2020-01-27,1.0168177221290617
2020-01-28,1.0459855003705807
2020-01-29,1.0251109447420403
2020-01-30,1.0299606536804782
2020-01-31,1.0224502320345035
2020-02-01,1.0702391772688253
2020-02-02,1.0316527145575396
2020-02-03,1.0095176587321841
2020-02-04,1.045892537231346
2020-02-05,1.0038154356329834
2020-02-06,1.0312215164914464
2020-02-07,0.9866843964375449
2020-02-08,0.9981695962688305
2020-02-09,1.0275483634383282
2020-02-10,1.0372809274632042
2020-02-11,1.0248623801159278
2020-02-12,1.0180687479739736
2020-02-13,1.0133299314561197
2020-02-14,0.9887757550480599
2020-02-15,1.002967695959715
2020-02-16,1.0071946766389406
2020-02-17,1.0366175387890721
2020-02-18,1.0214401488163865
2020-02-19,0.9784249840877542
2020-02-20,1.0193110475169638
2020-02-21,1.00429713399432
2020-02-22,0.9976558277309315
2020-02-23,1.0226495967033264
2020-02-24,1.0302844102174504
2020-02-25,1.0275651393729024
2020-02-26,0.9914572869296078
2020-02-27,1.0013866802636662
2020-02-28,1.0135528755242733
2020-02-29,1.025822767912904
2020-03-01,0.996140400904052
2020-03-02,1.0014506624655066
2020-03-03,0.9825052008568349
2020-03-04,0.9802040858196569
2020-03-05,1.019903461591469
2020-03-06,1.03033102226901
2020-03-07,1.0013479779054872
2020-03-08,1.0224696028946036
2020-03-09,1.0092713513364036
2020-03-10,0.9888049497098993
2020-03-11,1.0086330971137853
2020-03-12,1.0318929723060855
2020-03-13,1.0001720728184555
2020-03-14,1.0319671881895387
2020-03-15,0.9480945668081353
2020-03-16,1.0167721599120876
2020-03-17,1.001949225278224
2020-03-18,0.9941318814321792
2020-03-19,1.0018805874619743
2020-03-20,0.9602569558425085
2020-03-21,0.9956074882696306
2020-03-22,1.0071654012322457
2020-03-23,1.0296328797708618
2020-03-24,0.9897910535189706
2020-03-25,0.9840976306313207
2020-03-26,0.9903729595135913
2020-03-27,1.0188862516646462
2020-03-28,1.0073528012514006
2020-03-29,0.990411546415924
2020-03-30,1.0115304044228683
2020-03-31,1.0034941693117516
2020-04-01,1.0212422527834968
2020-04-02,0.9881741039718872
2020-04-03,0.9960367115508025
2020-04-04,0.9951514447522062
2020-04-05,0.9741557072718723
2020-04-06,1.0098094271540614
2020-04-07,1.0095976227844072
2020-04-08,1.0049966175033338
2020-04-09,1.000748618589783
2020-04-10,0.9777069793648021
2020-04-11,0.9982033706624002
2020-04-12,1.000391541311545
2020-04-13,0.9918573258439041
2020-04-14,1.0053614869481466
2020-04-15,1.0173796358560272
2020-04-16,1.0477606310589864
2020-04-17,1.014293421610682
2020-04-18,1.0167442568201188
2020-04-19,1.0109219111702525
2020-04-20,0.9748789402210594
2020-04-21,1.0135933266634354
2020-04-22,1.0162228950460677
2020-04-23,1.065203001686258
2020-04-24,1.0130357180677967
2020-04-25,1.0238832915164306
2020-04-26,1.018151858705159
2020-04-27,0.9964903304301418
2020-04-28,1.0437618906146227
2020-04-29,1.0370090755466579
2020-04-30,1.038879156252467
2020-05-01,1.005981670056249
2020-05-02,1.0533586774490664
2020-05-03,0.9984212764477558
2020-05-04,1.0393727380464142
2020-05-05,1.0726434502880222
2020-05-06,1.0102434407922216
2020-05-07,1.0199687686855778
2020-05-08,1.0345486654184581
2020-05-09,1.023767025093448
2020-05-10,1.0041237752751793
2020-05-11,1.037828029407103
2020-05-12,1.0165492508813911
2020-05-13,1.048624161601191
2020-05-14,1.0221388466192476
2020-05-15,1.0729186607549708
2020-05-16,1.0276647585241634
2020-05-17,1.0383152383591245
2020-05-18,1.0624698271935635
2020-05-19,1.0230411529347658
2020-05-20,1.053682104306872
2020-05-21,1.0767653000696509
2020-05-22,1.0199769512971966
2020-05-23,1.0573376500803608
2020-05-24,1.0603747217109274
2020-05-25,1.0723588981805032
2020-05-26,1.0335416255212067
2020-05-27,1.0334420688177173
2020-05-28,1.0718724906879773
2020-05-29,1.0689672391755964
2020-05-30,1.0696422447892804
2020-05-31,1.0731766742305282
2020-06-01,1.0542725393991939
2020-06-02,1.0741529514775912
2020-06-03,1.0770132061779127
2020-06-04,1.058517155886062
2020-06-05,1.1117801607112765
2020-06-06,1.0856093818176407
2020-06-07,1.0539817787555306
2020-06-08,1.0926206221858146
2020-06-09,1.0616836956111293
2020-06-10,1.0986123776567012
2020-06-11,1.10774102951372
2020-06-12,1.0698584764216394
2020-06-13,1.1072467180949512
2020-06-14,1.0979454487939864
2020-06-15,1.107844723326145
2020-06-16,1.131055616972847
2020-06-17,1.089930270957617
2020-06-18,1.0814831155505757
2020-06-19,1.080488375791906
2020-06-20,1.0836837943006914
2020-06-21,1.1001793014273014
2020-06-22,1.1102652006586076
2020-06-23,1.1106957827089257
2020-06-24,1.1234239076609525
2020-06-25,1.1088565177113028
2020-06-26,1.1393808512878898
2020-06-27,1.1067276678251763
2020-06-28,1.1681312605431187
2020-06-29,1.127944229021728
2020-06-30,1.099986163289822
2020-07-01,1.097404821023102
2020-07-02,1.1301598982917256
2020-07-03,1.1177228955938994
2020-07-04,1.138147286482437
2020-07-05,1.1350000820030894
2020-07-06,1.125739237500273
2020-07-07,1.1119123689266928
2020-07-08,1.1001951779719117
2020-07-09,1.123196667127896
2020-07-10,1.1508802658458808
2020-07-11,1.1396494871002412
2020-07-12,1.1120576787148275
2020-07-13,1.1420299591413843
2020-07-14,1.147855146515174
2020-07-15,1.124042211537209
2020-07-16,1.1463520613739535
2020-07-17,1.145987108542961
2020-07-18,1.1234956211336726
2020-07-19,1.1550291312185446
2020-07-20,1.1605932455433623
2020-07-21,1.172528119248716
2020-07-22,1.173417601777253
2020-07-23,1.126247129794688
2020-07-24,1.1364870305184596
2020-07-25,1.166970880973285
2020-07-26,1.1683557463636243
2020-07-27,1.1697736224221973
2020-07-28,1.2
2020-07-29,1.1736224850579502
2020-07-30,1.1862545428926299
2020-07-31,1.1839429913733623
2020-08-01,1.1791912868503438
2020-08-02,1.1611389769904876
2020-08-03,1.183884661132232
2020-08-04,1.154489328414413
2020-08-05,1.1664292900933773
2020-08-06,1.1626571328730093
2020-08-07,1.1751791850841249
2020-08-08,1.2
2020-08-09,1.1384852769960212
2020-08-10,1.190666686495884
2020-08-11,1.1457752676832844
2020-08-12,1.169655928359889
2020-08-13,1.2
2020-08-14,1.1824395062826454
2020-08-15,1.1605927597716554
2020-08-16,1.1688109884513813
2020-08-17,1.1976537955421414
2020-08-18,1.17037437651841
2020-08-19,1.19020556761922
2020-08-20,1.187657072271036
2020-08-21,1.174557163562308
2020-08-22,1.2
2020-08-23,1.2
2020-08-24,1.1494602352320724
2020-08-25,1.194430467575652
2020-08-26,1.1781770695231657
2020-08-27,1.2
2020-08-28,1.1769037535892657
2020-08-29,1.1910889940529545
2020-08-30,1.2
2020-08-31,1.2
2020-09-01,1.1710997234883997
2020-09-02,1.1889334579423716
2020-09-03,1.186614072164011
2020-09-04,1.1835074091140114
2020-09-05,1.2
2020-09-06,1.2
2020-09-07,1.1725671550638648
2020-09-08,1.2
2020-09-09,1.2
2020-09-10,1.2
2020-09-11,1.168605850189655
2020-09-12,1.1895375394844683
2020-09-13,1.2
2020-09-14,1.1854385103023424
2020-09-15,1.2
2020-09-16,1.2
2020-09-17,1.1813863916924068
2020-09-18,1.1987863430767531
2020-09-19,1.1351737271722375
2020-09-20,1.1795039130387879
2020-09-21,1.1949032650408724
2020-09-22,1.1749323079192064
2020-09-23,1.2
2020-09-24,1.1710630626162042
2020-09-25,1.19070964137613
2020-09-26,1.2
2020-09-27,1.2
2020-09-28,1.1701505159996453
2020-09-29,1.2
2020-09-30,1.1984973164183899
2020-10-01,1.17833119614359
2020-10-02,1.2
2020-10-03,1.2
2020-10-04,1.1847894407592305
2020-10-05,1.1977430965562152
2020-10-06,1.1881655097614945
2020-10-07,1.1976384465680696
2020-10-08,1.2
2020-10-09,1.2
2020-10-10,1.1689318246530063
2020-10-11,1.2
2020-10-12,1.1533873162288593
2020-10-13,1.1887226607052277
2020-10-14,1.2
2020-10-15,1.1959554175871692
2020-10-16,1.177129938677079
2020-10-17,1.1846432872558037
2020-10-18,1.1781412017041768
2020-10-19,1.1753833367320479
2020-10-20,1.2
2020-10-21,1.1925725266942837
2020-10-22,1.1706667138300935
2020-10-23,1.2
2020-10-24,1.1887814102899232
2020-10-25,1.197911047521371
2020-10-26,1.1932405714705667
2020-10-27,1.1630383861598201
2020-10-28,1.167361364703932
2020-10-29,1.1924342762391693
2020-10-30,1.1885962665877237
2020-10-31,1.1748486508739178
2020-11-01,1.1764687487510352
2020-11-02,1.1985090533244172
2020-11-03,1.1599362635908796
2020-11-04,1.1815003086341185
2020-11-05,1.1652842696400199
2020-11-06,1.1637237168831573
2020-11-07,1.1887819234610972
2020-11-08,1.182023962700669
2020-11-09,1.1804756640436693
2020-11-10,1.18898585760267
2020-11-11,1.161948536828988
2020-11-12,1.1738014657483915
2020-11-13,1.1525731900973781
2020-11-14,1.1638605538402014
2020-11-15,1.153356065153664
2020-11-16,1.1564639631539195
2020-11-17,1.1649761453249314
2020-11-18,1.1352418254369159
2020-11-19,1.1919719268582867
2020-11-20,1.1285069230808749
2020-11-21,1.1228321785116318
2020-11-22,1.1687528868208474
2020-11-23,1.1598851323143082
2020-11-24,1.1549824303379985
2020-11-25,1.1535025060668478
2020-11-26,1.1391140922087084
2020-11-27,1.1198257090906798
2020-11-28,1.1376874642368513
2020-11-29,1.1210179970368312
2020-11-30,1.152443242890808
2020-12-01,1.1283695564635399
2020-12-02,1.1131613379914989
2020-12-03,1.121595350686862
2020-12-04,1.1346251783583132
2020-12-05,1.1134277269920139
2020-12-06,1.1065861591117325
2020-12-07,1.126225835773818
2020-12-08,1.124566620401532
2020-12-09,1.1078377950651335
2020-12-10,1.1068599351814852
2020-12-11,1.1192209184391402
2020-12-12,1.0839131309153116
2020-12-13,1.0830166252246383
2020-12-14,1.0950847905566712
2020-12-15,1.1034697048891096
2020-12-16,1.1122394790485395
2020-12-17,1.1338093476394442
2020-12-18,1.1197350364867538
2020-12-19,1.0976619290896001
2020-12-20,1.0987589761530774
2020-12-21,1.0773675686845308
2020-12-22,1.0953275139796992
2020-12-23,1.088205499485018
2020-12-24,1.0987157232834155
2020-12-25,1.0740017061472336
2020-12-26,1.0992210295726539
2020-12-27,1.1177799605147933
2020-12-28,1.0832448773388754
2020-12-29,1.0917535331481272
2020-12-30,1.095826221261666
2020-12-31,1.0723083015829258
2021-01-01,1.0956627062634192
2021-01-02,1.0896887540363729
2021-01-03,1.0897121844973945
2021-01-04,1.070435962137545
2021-01-05,1.0848648907545018
2021-01-06,1.092756267288037
2021-01-07,1.1103451061308374
2021-01-08,1.098753459552403
2021-01-09,1.1212240289370559
2021-01-10,1.0605927356499172
2021-01-11,1.0920877900580512
2021-01-12,1.0765550040303142
2021-01-13,1.115481401308694
2021-01-14,1.0533274227954483
2021-01-15,1.0511125844510234
2021-01-16,1.0543998713426308
2021-01-17,1.0220507303245876
2021-01-18,1.0527926382869883
2021-01-19,1.0465519768186378
2021-01-20,1.063412531328796
2021-01-21,1.0657811692180974
2021-01-22,1.0952949160878056
2021-01-23,1.0751292772387524
2021-01-24,1.0428280306521915
2021-01-25,1.0349010245804264
2021-01-26,1.0615704567828916
2021-01-27,1.023567258832466
2021-01-28,1.0858517224739619
2021-01-29,1.0713196461643908
2021-01-30,1.0366751257905922
2021-01-31,1.0102238904342467
2021-02-01,1.0708737716725742
2021-02-02,1.0399281807687184
2021-02-03,1.0659824855862792
2021-02-04,1.0075286166715287
2021-02-05,1.0264072562550617
2021-02-06,1.0374206097715721
2021-02-07,1.0370855848983396
2021-02-08,1.0258893278953864
2021-02-09,1.0464288187415747
2021-02-10,1.0111707791484004
2021-02-11,1.0287732990396197
2021-02-12,1.0330155025185361
2021-02-13,1.0399371898695713
2021-02-14,1.042904277341358
2021-02-15,1.00482045567376
2021-02-16,0.9955824203298581
2021-02-17,1.0514389170096905
2021-02-18,1.0314262038972553
2021-02-19,1.0087032170285166
2021-02-20,1.0542909317159135
2021-02-21,1.0244553950113886
2021-02-22,1.0451280135325103
2021-02-23,1.0218841049602585
2021-02-24,1.061388172047823
2021-02-25,1.054486817377837
2021-02-26,1.013294977968724
2021-02-27,1.0372723702677755
2021-02-28,1.030033477146784
2021-03-01,1.0440213414863149
2021-03-02,0.9962896706138493
2021-03-03,1.0290737199107391
2021-03-04,1.0360583939746866
2021-03-05,0.978642962858536
2021-03-06,0.9897876526391723
2021-03-07,0.9720457939238155
2021-03-08,1.0073740440846848
2021-03-09,1.0269172879532094
2021-03-10,1.0424066295961452
2021-03-11,1.0132211328145013
2021-03-12,1.0443172708741932
2021-03-13,0.9832655139305928
2021-03-14,0.976489154261687
2021-03-15,1.0095589947062795
2021-03-16,1.0182524856474036
2021-03-17,1.0096770170113283
2021-03-18,0.9684480363317898
2021-03-19,1.0083129239277533
2021-03-20,0.983695541740379
2021-03-21,1.0235358029622383
2021-03-22,1.017406219857801
2021-03-23,0.9910378096162183
2021-03-24,0.9996956371345908
2021-03-25,0.9887619093211312
2021-03-26,1.0090040599511583
2021-03-27,1.0297060562632598
2021-03-28,0.9906723252677329
2021-03-29,1.0209672964622494
2021-03-30,1.0003056141050541
2021-03-31,0.995261675106508
2021-04-01,1.0094061312369567
2021-04-02,0.9909761515896962
2021-04-03,1.0010536015399156
2021-04-04,0.9884187205972907
2021-04-05,1.052710991577909
2021-04-06,1.0141725900466887
2021-04-07,0.9997914365674474
2021-04-08,1.0187426767110488
2021-04-09,1.0126742652504346
2021-04-10,1.0110311789592874
2021-04-11,1.0284807054887457
2021-04-12,1.03198409563184
2021-04-13,1.0066021667767684
2021-04-14,1.0063503714795972
2021-04-15,1.0131170289108182
2021-04-16,0.9728927973792749
2021-04-17,0.9895304227087127
2021-04-18,1.048520744209965
2021-04-19,1.0549375293084462
2021-04-20,1.0175044097813926
2021-04-21,1.035033358826037
2021-04-22,1.0305520933359236
2021-04-23,1.0873618660865154
2021-04-24,1.048712954241896
2021-04-25,1.024467831389142
2021-04-26,1.0087289512163276
2021-04-27,0.9965843393710536
2021-04-28,1.0341724955388756
2021-04-29,1.0158362036128226
2021-04-30,1.0034605941079786
2021-05-01,1.0202283302230233
2021-05-02,1.0125638436706543
2021-05-03,1.0696360801711138
2021-05-04,1.0545320037710162
2021-05-05,1.037750904777517
2021-05-06,1.0690175527551191
2021-05-07,1.0419175487822656
2021-05-08,1.0242097296435788
2021-05-09,1.0736483008587194
2021-05-10,1.05506088643996
2021-05-11,1.0245360420180727
2021-05-12,1.0429764963128032
2021-05-13,1.0304857896891004
2021-05-14,1.0216112815528928
2021-05-15,1.0696413910771019
2021-05-16,1.090909388518663
2021-05-17,1.0255120576234504
2021-05-18,1.06657601195122
2021-05-19,1.043518497778371
2021-05-20,1.0482950909040325
2021-05-21,1.0476578774013123
2021-05-22,1.04367605588631
2021-05-23,1.063628019032791
2021-05-24,1.047396230287309
2021-05-25,1.0711920643649713
2021-05-26,1.0662748553415338
2021-05-27,1.0640366955894547
2021-05-28,1.0521169271169566
2021-05-29,1.0603972150919152
2021-05-30,1.0889167239297222
2021-05-31,1.0853972388501991
2021-06-01,1.0571635711960639
2021-06-02,1.0805582767387416
2021-06-03,1.0953809762018252
2021-06-04,1.0481412876004068
2021-06-05,1.0945081019751302
2021-06-06,1.071824317262559
2021-06-07,1.0984201437389807
2021-06-08,1.0731680922244204
2021-06-09,1.0538258270798462
2021-06-10,1.0591127450605924
2021-06-11,1.0946707083602307
2021-06-12,1.1006612036476815
2021-06-13,1.0788676481894512
2021-06-14,1.1117585551324685
2021-06-15,1.067024023299976
2021-06-16,1.1009827433948423
2021-06-17,1.0795884276577639
2021-06-18,1.0926193242328477
2021-06-19,1.1084808703866944
2021-06-20,1.0918811010495248
2021-06-21,1.1032319780065576
2021-06-22,1.1330656637178709
2021-06-23,1.10282336700953
2021-06-24,1.1330945670532646
2021-06-25,1.0951289666429505
2021-06-26,1.1303844890663708
2021-06-27,1.1505329575794805
2021-06-28,1.0732137936322634
2021-06-29,1.1087678718229361
2021-06-30,1.1382420478561392
2021-07-01,1.124199090764261
2021-07-02,1.137508044336268
2021-07-03,1.119515053715071
2021-07-04,1.1351631865203733
2021-07-05,1.131961269211681
2021-07-06,1.160379880452263
2021-07-07,1.1436070749456293
2021-07-08,1.1469562994948606
2021-07-09,1.1334771289746115
2021-07-10,1.1335985901046643
2021-07-11,1.136352137465049
2021-07-12,1.154689221615855
2021-07-13,1.1398382923193886
2021-07-14,1.1558054561399118
2021-07-15,1.1934733830424413
2021-07-16,1.170733272873164
2021-07-17,1.1481246594978032
2021-07-18,1.1805356847434931
2021-07-19,1.1495754548261525
2021-07-20,1.118182002241102
2021-07-21,1.1405079870856263
2021-07-22,1.1245857685243401
2021-07-23,1.156764403966286
2021-07-24,1.1657105735849973
2021-07-25,1.2006600003378902
2021-07-26,1.174840810335439
2021-07-27,1.165234996936895
2021-07-28,1.1878213881229436
2021-07-29,1.1277912306396685
2021-07-30,1.1785861356663208
2021-07-31,1.1907501393064248
2021-08-01,1.1466441434997803
2021-08-02,1.20092892811525
2021-08-03,1.1859564329335148
2021-08-04,1.1720035136287943
2021-08-05,1.194427484727563
2021-08-06,1.212
2021-08-07,1.1877617462200687
2021-08-08,1.1902911751626295
2021-08-09,1.177165090686639
2021-08-10,1.170422030393146
2021-08-11,1.2054836810094716
2021-08-12,1.172516987674789
2021-08-13,1.192331149324266
2021-08-14,1.182288789480987
2021-08-15,1.2026408374398208
2021-08-16,1.2007091064103401
2021-08-17,1.212
2021-08-18,1.1856001277122163
2021-08-19,1.1913800525513543
2021-08-20,1.1779641327270536
2021-08-21,1.1896383679741518
2021-08-22,1.2070865321790747
2021-08-23,1.212
2021-08-24,1.1824623764440263
2021-08-25,1.212
2021-08-26,1.212
2021-08-27,1.2116783118518375
2021-08-28,1.212
2021-08-29,1.1890511682196068
2021-08-30,1.1801755351042247
2021-08-31,1.169995312824265
2021-09-01,1.212
2021-09-02,1.212
2021-09-03,1.2064569071333913
2021-09-04,1.212
2021-09-05,1.1858048549477131
2021-09-06,1.212
2021-09-07,1.211994413848314
2021-09-08,1.2119724573430901
2021-09-09,1.212
2021-09-10,1.212
2021-09-11,1.212
2021-09-12,1.1950155980038273
2021-09-13,1.212
2021-09-14,1.212
2021-09-15,1.212
2021-09-16,1.212
2021-09-17,1.201515420872802
2021-09-18,1.1919342337659846
2021-09-19,1.209435722913956
2021-09-20,1.212
2021-09-21,1.212
2021-09-22,1.1777663888291836
2021-09-23,1.212
2021-09-24,1.208597873696109
2021-09-25,1.2030395514642334
2021-09-26,1.1910611280409151
2021-09-27,1.1778908370043204
2021-09-28,1.212
2021-09-29,1.212
2021-09-30,1.1845235529715776
2021-10-01,1.1841149905542931
2021-10-02,1.2031581319305338
2021-10-03,1.212
2021-10-04,1.2039401925619904
2021-10-05,1.1783982284324448
2021-10-06,1.2033465155104428
2021-10-07,1.202321483406814
2021-10-08,1.1528446704722553
2021-10-09,1.2056877632775695
2021-10-10,1.2015539979722172
2021-10-11,1.212
2021-10-12,1.212
2021-10-13,1.212
2021-10-14,1.198244394682791
2021-10-15,1.1806192442829342
2021-10-16,1.212
2021-10-17,1.2026759807313183
2021-10-18,1.2009751612822204
2021-10-19,1.199393905841705
2021-10-20,1.2030436503571522
2021-10-21,1.1952612746121776
2021-10-22,1.1856985666057518
2021-10-23,1.1853236041796036
2021-10-24,1.1947668573629193
2021-10-25,1.1834845936942129
2021-10-26,1.179070858385959
2021-10-27,1.1946043651777918
2021-10-28,1.186263929450143
2021-10-29,1.212
2021-10-30,1.1357136980485323
2021-10-31,1.2102011883006787
2021-11-01,1.212
2021-11-02,1.1439809404010637
2021-11-03,1.1777630235623122
2021-11-04,1.1759822627881573
2021-11-05,1.153832208387525
2021-11-06,1.1653095068262491
2021-11-07,1.157324482278769
2021-11-08,1.212
2021-11-09,1.1960714956196963
2021-11-10,1.2015329389557752
2021-11-11,1.1890828199678525
2021-11-12,1.150336898817708
2021-11-13,1.1611687210068657
2021-11-14,1.1802516766183437
2021-11-15,1.1442640173187195
2021-11-16,1.1819210837929102
2021-11-17,1.1612147112498115
2021-11-18,1.1570323545518533
2021-11-19,1.1774836928503118
2021-11-20,1.1705995420500412
2021-11-21,1.1528220268684322
2021-11-22,1.1820055723030183
2021-11-23,1.1352090968268365
2021-11-24,1.1679342964796742
2021-11-25,1.1659056797478864
2021-11-26,1.1460921137662352
2021-11-27,1.157340504991594
2021-11-28,1.1238760102426175
2021-11-29,1.1661984325916859
2021-11-30,1.1421718204235958
2021-12-01,1.1337112516901928
2021-12-02,1.1638137974964238
2021-12-03,1.1267402521976588
2021-12-04,1.110852380008577
2021-12-05,1.106186305460346
2021-12-06,1.1481906412457563
2021-12-07,1.1083961997728669
2021-12-08,1.1680124549355035
2021-12-09,1.0888089878299
2021-12-10,1.1634248437977404
2021-12-11,1.131706061144283
2021-12-12,1.1237721140291252
2021-12-13,1.11299620036917
2021-12-14,1.1303401092292031
2021-12-15,1.1197879907425552
2021-12-16,1.1411027324193135
2021-12-17,1.1193889395169183
2021-12-18,1.1183813411149877
2021-12-19,1.1062626957762205
2021-12-20,1.1107190050865918
2021-12-21,1.116348289045862
2021-12-22,1.0738469360053957
2021-12-23,1.0794214089400072
2021-12-24,1.1199323936853138
2021-12-25,1.1066354474476048
2021-12-26,1.0977353248741388
2021-12-27,1.10009480572863
2021-12-28,1.105017584525595
2021-12-29,1.0853711355688436
2021-12-30,1.0788347362400832
2021-12-31,1.0967996489946914
2022-01-01,1.0820866371032554
2022-01-02,1.1086579041380729
2022-01-03,1.0638804078861148
2022-01-04,1.1179081006818576
2022-01-05,1.1048554169230067
2022-01-06,1.0987471874623997
2022-01-07,1.1118911867603674
2022-01-08,1.1241489603700618
2022-01-09,1.1092022187947757
2022-01-10,1.0492965719168301
2022-01-11,1.0591056530529144
2022-01-12,1.0708324618473963
2022-01-13,1.082492165484675
2022-01-14,1.0909128779768293
2022-01-15,1.0639490900437487
2022-01-16,1.0809830943372671
2022-01-17,1.0601916356093297
2022-01-18,1.0615708324055475
2022-01-19,1.043806621449945
2022-01-20,1.052142517923242
2022-01-21,1.0418894061686883
2022-01-22,1.0480604616797577
2022-01-23,1.0879864227988612
2022-01-24,1.0456566632115885
2022-01-25,1.1172853498378925
2022-01-26,1.0722146982274166
2022-01-27,1.0645093559060486
2022-01-28,1.0418326025264837
2022-01-29,1.072257627442781
2022-01-30,1.0448698357718351
2022-01-31,1.057766744239496
2022-02-01,1.1061916499613373
2022-02-02,1.050704490425067
2022-02-03,1.0748358564481395
2022-02-04,1.0357872105075485
2022-02-05,1.0481859428527962
2022-02-06,1.083815708475873
2022-02-07,1.0337065607603488
2022-02-08,1.082308032403713
2022-02-09,1.0586252775963993
2022-02-10,1.0315886317783534
2022-02-11,1.054868240975631
2022-02-12,1.0607334419468197
2022-02-13,1.0525271475249558
2022-02-14,1.0067792286367971
2022-02-15,1.022978555526995
2022-02-16,1.031787366641983
2022-02-17,1.034367552838915
2022-02-18,1.047623547598049
2022-02-19,1.0376863273386687
2022-02-20,1.0059435428220587
2022-02-21,1.0400967516288833
2022-02-22,1.0439764428938458
2022-02-23,1.042146278670821
2022-02-24,1.0520087629676242
2022-02-25,1.046232901481196
2022-02-26,1.0378754862820998
2022-02-27,1.0263915825839032
2022-02-28,0.9932799268292225
2022-03-01,1.035303804771146
2022-03-02,1.030176179956245
2022-03-03,1.0309083866594184
2022-03-04,0.9987767770898424
2022-03-05,1.0022554799517165
2022-03-06,1.0453127938546691
2022-03-07,1.0225636625047319
2022-03-08,1.036848199989666
2022-03-09,1.0231249152398059
2022-03-10,1.0227866920732356
2022-03-11,1.0409845286420443
2022-03-12,1.0110050846770988
2022-03-13,1.023216055111549
2022-03-14,1.0115751138918674
2022-03-15,1.011923276774157
2022-03-16,1.0142915775516106
2022-03-17,1.0249727986409283
2022-03-18,1.0105450410409431
2022-03-19,1.0458342166871217
2022-03-20,1.0018945057272004
2022-03-21,1.0162959463664503
2022-03-22,1.0111295515886014
2022-03-23,1.049644857909616
2022-03-24,1.024186616903829
2022-03-25,1.0413112949821601
2022-03-26,0.9900644767625368
2022-03-27,1.025964662727291
2022-03-28,1.0388400788100574
2022-03-29,1.022572170366474
2022-03-30,1.0428649167882225
2022-03-31,1.0108367644224416
2022-04-01,1.0504373324277851
2022-04-02,1.0689090464856732
2022-04-03,1.014957058372918
2022-04-04,1.0136528701262428
2022-04-05,1.0528057294340831
2022-04-06,1.0558212998770264
2022-04-07,1.0133977604732058
2022-04-08,1.01599183389697
2022-04-09,1.0193437551827593
2022-04-10,0.9982202331924358
2022-04-11,1.0074929465171765
2022-04-12,1.0063627843644978
2022-04-13,1.0118268669348316
2022-04-14,1.027454077867561
2022-04-15,1.0336382528984243
2022-04-16,1.061218832010396
2022-04-17,1.009970235847622
2022-04-18,1.051201128421381
2022-04-19,1.0275604729107886
2022-04-20,1.031751128553907
2022-04-21,1.0473884445332167
2022-04-22,1.0116017139323714
2022-04-23,1.0432220821349238
2022-04-24,1.0397544743931897
2022-04-25,1.0473692750927182
2022-04-26,1.0442107954706281
2022-04-27,1.0894179340451213
2022-04-28,1.027351984236606
2022-04-29,1.030592233678294
2022-04-30,1.0297987072121524
2022-05-01,1.0322891493244621
2022-05-02,1.0317512523057941
2022-05-03,1.0701696926017308
2022-05-04,1.0760712371549328
2022-05-05,1.036646705768357
2022-05-06,1.0325321895585637
2022-05-07,1.060376076238857
2022-05-08,1.0407572926660933
2022-05-09,1.066223081388699
2022-05-10,1.0587566880645134
2022-05-11,1.025019087044648
2022-05-12,1.088861752103729
2022-05-13,1.095294507478042
2022-05-14,1.0475371596162935
2022-05-15,1.0535320434373185
2022-05-16,1.0686947898065473
2022-05-17,1.0711243412700584
2022-05-18,1.0791916939548423
2022-05-19,1.1082402854512892
2022-05-20,1.0651062965573066
2022-05-21,1.0539336166345734
2022-05-22,1.0435990852382282
2022-05-23,1.0583619262948931
2022-05-24,1.0741473803646289
2022-05-25,1.1129986943805505
2022-05-26,1.0674022560809946
2022-05-27,1.0841178023868543
2022-05-28,1.0808191502954225
2022-05-29,1.1070140754939775
2022-05-30,1.1359488747323958
2022-05-31,1.075200714071668
2022-06-01,1.0776937455061477
2022-06-02,1.1106402520247252
2022-06-03,1.104916936044168
2022-06-04,1.1303584298815155
2022-06-05,1.1062808511869662
2022-06-06,1.0887311331289604
2022-06-07,1.1098135309955173
2022-06-08,1.1220915569094976
2022-06-09,1.1179267674291908
2022-06-10,1.1132583981115418
2022-06-11,1.1263986833790454
2022-06-12,1.1302249258403094
2022-06-13,1.1363050001918735
2022-06-14,1.1230825564664209
2022-06-15,1.1081830527687626
2022-06-16,1.1163339835114057
2022-06-17,1.1397066603765988
2022-06-18,1.1001771561870741
2022-06-19,1.1261203242459887
2022-06-20,1.1123291670894404
2022-06-21,1.1226964518775162
2022-06-22,1.149948909362371
2022-06-23,1.1295201517873785
2022-06-24,1.128323120708926
2022-06-25,1.1013847505698324
2022-06-26,1.1461043343732944
2022-06-27,1.145796572420253
2022-06-28,1.178507145525061
2022-06-29,1.1298345159937628
2022-06-30,1.142322147780963
2022-07-01,1.1446715395530194
2022-07-02,1.1734942084848436
2022-07-03,1.1410884905798393
2022-07-04,1.1504408107103214
2022-07-05,1.158859313451504
2022-07-06,1.1519657889654382
2022-07-07,1.1407443130459944
2022-07-08,1.1554979170132622
2022-07-09,1.1751192490878273
2022-07-10,1.1339397530506536
2022-07-11,1.15925355827954
2022-07-12,1.1439046363568226
2022-07-13,1.1842069419436023
2022-07-14,1.1303754648395117
2022-07-15,1.1516626662508664
2022-07-16,1.1723637960775488
2022-07-17,1.1981972594405086
2022-07-18,1.1664924383245283
2022-07-19,1.1580695823912053
2022-07-20,1.2093250055609386
2022-07-21,1.1429376642755271
2022-07-22,1.12913948385539
2022-07-23,1.1844808009173478
2022-07-24,1.16674899726338
2022-07-25,1.157628734361128
2022-07-26,1.1943711343970582
2022-07-27,1.1863314580573825
2022-07-28,1.1712697371125766
2022-07-29,1.1580599551787603
2022-07-30,1.2033648632200244
2022-07-31,1.2001958534465198
2022-08-01,1.1862533155483515
2022-08-02,1.2241199999999999
2022-08-03,1.1690781241545627
2022-08-04,1.1610724882472798
2022-08-05,1.1793454355008213
2022-08-06,1.193776046133279
2022-08-07,1.2008935397916476
2022-08-08,1.1922081924601713
2022-08-09,1.2054912568656102
2022-08-10,1.1739308681905647
2022-08-11,1.2241199999999999
2022-08-12,1.2000319314261647
2022-08-13,1.2241199999999999
2022-08-14,1.2108491271214965
2022-08-15,1.2142137785865164
2022-08-16,1.2175332152536766
2022-08-17,1.2160318656370492
2022-08-18,1.2209743133055906
2022-08-19,1.2241199999999999
2022-08-20,1.213721936287964
2022-08-21,1.2241199999999999
2022-08-22,1.2096289252069163
2022-08-23,1.2241199999999999
2022-08-24,1.1993012614057252
2022-08-25,1.2241199999999999
2022-08-26,1.213815176534951
2022-08-27,1.1861695224413735
2022-08-28,1.218671867332984
2022-08-29,1.2028337112261114
2022-08-30,1.2241199999999999
2022-08-31,1.2046698820449253
2022-09-01,1.209467253076995
2022-09-02,1.1805768652345179
2022-09-03,1.2104275611353206
2022-09-04,1.1707028632309295
2022-09-05,1.188310345635416
2022-09-06,1.2241199999999999
2022-09-07,1.2241199999999999
2022-09-08,1.2241199999999999
2022-09-09,1.2024848257602845
2022-09-10,1.2215627669588724
2022-09-11,1.2227560176160848
2022-09-12,1.1994600574349543
2022-09-13,1.2241199999999999
2022-09-14,1.2241199999999999
2022-09-15,1.219195585722501
2022-09-16,1.2241199999999999
2022-09-17,1.2241199999999999
2022-09-18,1.1823880188609677
2022-09-19,1.2190534719287835
2022-09-20,1.2102052127328375
2022-09-21,1.2036764469074936
2022-09-22,1.2183387079174581
2022-09-23,1.2241199999999999
2022-09-24,1.2241199999999999
2022-09-25,1.2121259808183942
2022-09-26,1.2241199999999999
2022-09-27,1.2241199999999999
2022-09-28,1.2241199999999999
2022-09-29,1.2241199999999999
2022-09-30,1.209487766639061
2022-10-01,1.2241199999999999
2022-10-02,1.2241199999999999
2022-10-03,1.2241199999999999
2022-10-04,1.2241199999999999
2022-10-05,1.2241199999999999
2022-10-06,1.20947376187277
2022-10-07,1.2241199999999999
2022-10-08,1.2234264256012062
2022-10-09,1.2241199999999999
2022-10-10,1.2042202543725935
2022-10-11,1.2241199999999999
2022-10-12,1.2210909240093892
2022-10-13,1.2031066664611756
2022-10-14,1.2058404669079426
2022-10-15,1.2084650525341305
2022-10-16,1.222915159033633
2022-10-17,1.2241199999999999
2022-10-18,1.2009961000010796
2022-10-19,1.2113831625360318
2022-10-20,1.2241199999999999
2022-10-21,1.2241199999999999
2022-10-22,1.2181612800448696
2022-10-23,1.2091092033021738
2022-10-24,1.2098316372832012
2022-10-25,1.218923385491472
2022-10-26,1.18453803271282
2022-10-27,1.1991280232076884
2022-10-28,1.169286161659214
2022-10-29,1.2103990918639724
2022-10-30,1.214360012621667
2022-10-31,1.1901763071869313
2022-11-01,1.2241199999999999
2022-11-02,1.1727139862700915
2022-11-03,1.1666559897863218
2022-11-04,1.1998994879663454
2022-11-05,1.2154494836369265
2022-11-06,1.2241199999999999
2022-11-07,1.1821935387696982
2022-11-08,1.212266441152088
2022-11-09,1.1881568502041453
2022-11-10,1.1840840591238695
2022-11-11,1.2042785247615242
2022-11-12,1.1981838734076498
2022-11-13,1.1513201179027817
2022-11-14,1.212194349801463
2022-11-15,1.2087971328562366
2022-11-16,1.1664309704222648
2022-11-17,1.185805160824722
2022-11-18,1.1863289760735392
2022-11-19,1.1800717906778666
2022-11-20,1.1620143516408492
2022-11-21,1.1580122188994852
2022-11-22,1.1696516272214437
2022-11-23,1.1925430592557276
2022-11-24,1.1781378515456298
2022-11-25,1.1579030110770734
2022-11-26,1.1796125984534291
2022-11-27,1.1041441775756313
2022-11-28,1.184077107349448
2022-11-29,1.123514777157113
2022-11-30,1.1499713919290349
2022-12-01,1.1328694540815618
2022-12-02,1.1276359577782058
2022-12-03,1.1760608628101854
2022-12-04,1.141154291267907
2022-12-05,1.1560758891082543
2022-12-06,1.146351458980567
2022-12-07,1.1553360683772307
2022-12-08,1.145458588805425
2022-12-09,1.1159969941299477
2022-12-10,1.160773825060225
2022-12-11,1.128644321580201
2022-12-12,1.1052255921813403
2022-12-13,1.1265091960679112
2022-12-14,1.1641188365650053
2022-12-15,1.1490999178314518
2022-12-16,1.1228909939004166
2022-12-17,1.1211268007405801
2022-12-18,1.1199366996738551
2022-12-19,1.1671135514481783
2022-12-20,1.130780246849043
2022-12-21,1.1300057099333771
2022-12-22,1.140496103941588
2022-12-23,1.1225930784336668
2022-12-24,1.1106826657168818
2022-12-25,1.1102098756323628
2022-12-26,1.1110054972565817
2022-12-27,1.1099602566142421
2022-12-28,1.1238214963673439
2022-12-29,1.1082968238844442
2022-12-30,1.1204493794654942
2022-12-31,1.10212523092276
2023-01-01,1.1146882308016361
2023-01-02,1.070157055460664
2023-01-03,1.128484550157046
2023-01-04,1.1150201285069548
2023-01-05,1.1267306342016543
2023-01-06,1.0447786092629905
2023-01-07,1.1457938394931761
2023-01-08,1.0981952635921197
2023-01-09,1.122227348420908
2023-01-10,1.076294306531836
2023-01-11,1.1086905294947365
2023-01-12,1.0727091084111715
2023-01-13,1.0799260587575796
2023-01-14,1.1305956829860369
2023-01-15,1.0856140671091257
2023-01-16,1.092424831729889
2023-01-17,1.1042876208370813
2023-01-18,1.0950015197056127
2023-01-19,1.086329909327088
2023-01-20,1.0892084995525395
2023-01-21,1.1296859698651294
2023-01-22,1.0774626359808213
2023-01-23,1.0812987740717026
2023-01-24,1.097326367832174
2023-01-25,1.0969957753456419
2023-01-26,1.0972314968947645
2023-01-27,1.0845074003332678
2023-01-28,1.046385484045496
2023-01-29,1.1022081271591369
2023-01-30,1.0435585225943147
2023-01-31,1.0720663874505372
2023-02-01,1.0489577900126774
2023-02-02,1.06186931149158
2023-02-03,1.068676750667674
2023-02-04,1.0672566433010091
2023-02-05,1.0680828833164617
2023-02-06,1.0914168789311618
2023-02-07,1.0663084589877514
2023-02-08,1.0507526649827628
2023-02-09,1.0744935793068224
2023-02-10,1.0780049724137408
2023-02-11,1.0270894056753854
2023-02-12,1.0636103377135184
2023-02-13,1.0646877700340718
2023-02-14,1.0430715034042164
2023-02-15,1.0765395863792913
2023-02-16,1.0441135658354461
2023-02-17,1.048832636007772
2023-02-18,1.0417438799458287
2023-02-19,1.0447225023988498
2023-02-20,1.0209292444466826
2023-02-21,1.0129896373356306
2023-02-22,1.0746908684666663
2023-02-23,1.023580185808979
2023-02-24,1.019829610770164
2023-02-25,0.9951386141522097
2023-02-26,1.0256259086966133
2023-02-27,1.0108377197186227
2023-02-28,1.0712739175428372
2023-03-01,1.0576124323423832
2023-03-02,1.0220182853446316
2023-03-03,1.0820350488288293
2023-03-04,1.0553035308093242
2023-03-05,1.0278608254588109
2023-03-06,0.982561828885582
2023-03-07,1.0808115818909088
2023-03-08,1.0045401069479083
2023-03-09,0.9988675158795235
2023-03-10,1.0534725101617954
2023-03-11,1.0823336659369225
2023-03-12,1.060273116898096
2023-03-13,1.0430874716165845
2023-03-14,1.0434720387347898
2023-03-15,1.048581245566832
2023-03-16,1.046443797986482
2023-03-17,1.0364394697925192
2023-03-18,1.0326627651563771
2023-03-19,1.0291266277699425
2023-03-20,1.0148115373486752
2023-03-21,1.0245259904197184
2023-03-22,0.99541685211346
2023-03-23,1.0282984629476366
2023-03-24,1.0100073432912005
2023-03-25,1.0077216151724657
2023-03-26,1.0342835107647212
2023-03-27,1.0594050931875192
2023-03-28,1.0498195799805414
2023-03-29,0.9987405796931785
2023-03-30,1.0109459588631695
2023-03-31,1.0509899381303125
2023-04-01,1.011655509331652
2023-04-02,1.0275982010557676
2023-04-03,1.04391767214338
2023-04-04,1.013015707489731
2023-04-05,1.0355566869124009
2023-04-06,1.0063418616206323
2023-04-07,1.0219140085560472
2023-04-08,1.0413995631233333
2023-04-09,1.0025183912874307
2023-04-10,1.0449826409036496
2023-04-11,1.0360929794872016
2023-04-12,1.04850237598117
2023-04-13,1.0423803667114862
2023-04-14,1.0665528411122762
2023-04-15,1.0417287805705193
2023-04-16,1.0310330369970255
2023-04-17,1.043162106330076
2023-04-18,1.0526253827284227
2023-04-19,1.0432523476301172
2023-04-20,1.0439243232305995
2023-04-21,1.0294917302677944
2023-04-22,1.0311928139373752
2023-04-23,1.0168722477953998
2023-04-24,1.0827739149672844
2023-04-25,1.0220644365427307
2023-04-26,1.0344162702017106
2023-04-27,1.0349146351141016
2023-04-28,1.0692076165590592
2023-04-29,1.0457621509199047
2023-04-30,1.0786481385389495
2023-05-01,1.0401802521716839
2023-05-02,1.0609517360085399
2023-05-03,1.0391573130210037
2023-05-04,1.1017639964121995
2023-05-05,1.0343023055954779
2023-05-06,1.0663932187919989
2023-05-07,1.074325457702061
2023-05-08,1.0710707371657364
2023-05-09,1.0600250653026926
2023-05-10,1.0624877311839154
2023-05-11,1.067405511531441
2023-05-12,1.0648333203104583
2023-05-13,1.089103273661721
2023-05-14,1.1161897484056031
2023-05-15,1.0605686630980569
2023-05-16,1.0452650021527616
2023-05-17,1.0731246197251838
2023-05-18,1.1295711766467007
2023-05-19,1.0613398391548166
2023-05-20,1.1131792113068832
2023-05-21,1.115493418316699
2023-05-22,1.0710501053090629
2023-05-23,1.0957315812888395
2023-05-24,1.1191262426179713
2023-05-25,1.0793376722842085
2023-05-26,1.0845472064500936
2023-05-27,1.0783614728570488
2023-05-28,1.0710556548355181
2023-05-29,1.0802171346091995
2023-05-30,1.0700178057578114
2023-05-31,1.0975941383931753
2023-06-01,1.0826899981038698
2023-06-02,1.1050480518029482
2023-06-03,1.0698542189279554
2023-06-04,1.1104268507746835
2023-06-05,1.122486938286938
2023-06-06,1.0659390679433096
2023-06-07,1.1164484382105408
2023-06-08,1.1357638761353144
2023-06-09,1.0872732758441148
2023-06-10,1.1484031433168052
2023-06-11,1.1243170643130451
2023-06-12,1.1029051583760823
2023-06-13,1.118038075651697
2023-06-14,1.1324509486391763
2023-06-15,1.1242746904173733
2023-06-16,1.135575754945071
2023-06-17,1.107270960613849
2023-06-18,1.1315025730513255
2023-06-19,1.1006536087148335
2023-06-20,1.1292656797492562
2023-06-21,1.114705161061824
2023-06-22,1.119948249098468
2023-06-23,1.1623485227779027
2023-06-24,1.1611370376471466
2023-06-25,1.1529717332158618
2023-06-26,1.1196798431353008
2023-06-27,1.137433759355599
2023-06-28,1.17071326235451
2023-06-29,1.150395167175509
2023-06-30,1.1970217041113766
2023-07-01,1.1590841650392494
2023-07-02,1.1566814846731965
2023-07-03,1.148093377088228
2023-07-04,1.1589474422317323
2023-07-05,1.1547797824510155
2023-07-06,1.174231477085169
2023-07-07,1.1810648032404705
2023-07-08,1.1468573593649165
2023-07-09,1.1373157514027894
2023-07-10,1.1285946607288566
2023-07-11,1.178573797539658
2023-07-12,1.1470343918812929
2023-07-13,1.1270613500102897
2023-07-14,1.1810730978081567
2023-07-15,1.2260672455929011
2023-07-16,1.1761895012718981
2023-07-17,1.1951979702461961
2023-07-18,1.1811983913012671
2023-07-19,1.1790530085946982
2023-07-20,1.2015936038104895
2023-07-21,1.1782234412474955
2023-07-22,1.1912494095837887
2023-07-23,1.1938875737968646
2023-07-24,1.1749951413745305
2023-07-25,1.210690610054588
2023-07-26,1.188113214375189
2023-07-27,1.17759811038256
2023-07-28,1.205661182597045
2023-07-29,1.1775086835735027
2023-07-30,1.1980013401889091
2023-07-31,1.1986118472767149
2023-08-01,1.2225354542838271
2023-08-02,1.211281022161653
2023-08-03,1.2023033874802789
2023-08-04,1.2209691240289784
2023-08-05,1.2340430059411656
2023-08-06,1.218147403288246
2023-08-07,1.208101543921577
2023-08-08,1.1820694657771498
2023-08-09,1.1883439554489807
2023-08-10,1.2051699569157008
2023-08-11,1.2000443659273967
2023-08-12,1.209872325156663
2023-08-13,1.2159896395956449
2023-08-14,1.2268102725408756
2023-08-15,1.2154913511727732
2023-08-16,1.2279927740371188
2023-08-17,1.2202952538325977
2023-08-18,1.1792335948187418
2023-08-19,1.2015318760100535
2023-08-20,1.2188405654426013
2023-08-21,1.1977782209085475
2023-08-22,1.2359364533790584
2023-08-23,1.2363612000000002
2023-08-24,1.2363612000000002
2023-08-25,1.2216219503961128
2023-08-26,1.2363612000000002
2023-08-27,1.2305772426319899
2023-08-28,1.2212728636079961
2023-08-29,1.2162560248603553
2023-08-30,1.223311746660181
2023-08-31,1.2221657843489624
2023-09-01,1.234267590442851
2023-09-02,1.2346273386445346
2023-09-03,1.2319148361594485
2023-09-04,1.2363612000000002
2023-09-05,1.2363612000000002
2023-09-06,1.2363612000000002
2023-09-07,1.203094930070622
2023-09-08,1.1814527624259497
2023-09-09,1.2363612000000002
2023-09-10,1.2065956059902279
2023-09-11,1.2304262914180881
2023-09-12,1.2112125715448598
2023-09-13,1.198428208522168
2023-09-14,1.2363612000000002
2023-09-15,1.2363612000000002
2023-09-16,1.2242060068642482
2023-09-17,1.1828089319924162
2023-09-18,1.2250280045574462
2023-09-19,1.2363612000000002
2023-09-20,1.2058857645497028
2023-09-21,1.2363612000000002
2023-09-22,1.235998978195591
2023-09-23,1.2363612000000002
2023-09-24,1.2363612000000002
2023-09-25,1.2159658882564381
2023-09-26,1.2363612000000002
2023-09-27,1.2323997889533218
2023-09-28,1.2348830432374198
2023-09-29,1.2159637127593756
2023-09-30,1.2257791535518912
2023-10-01,1.2163698585218603
2023-10-02,1.230697066641901
2023-10-03,1.2363612000000002
2023-10-04,1.2052191126212457
2023-10-05,1.1998087481428719
2023-10-06,1.2363612000000002
2023-10-07,1.227794564678118
2023-10-08,1.2178020222166537
2023-10-09,1.2363612000000002
2023-10-10,1.217984548955501
2023-10-11,1.2363612000000002
2023-10-12,1.2363612000000002
2023-10-13,1.2185069533021484
2023-10-14,1.2363612000000002
2023-10-15,1.214669412281365
2023-10-16,1.2363612000000002
2023-10-17,1.2317967406060548
2023-10-18,1.2363612000000002
2023-10-19,1.2363612000000002
2023-10-20,1.2238025673229855
2023-10-21,1.2067357760624846
2023-10-22,1.230830193758388
2023-10-23,1.2064521784405728
2023-10-24,1.2363612000000002
2023-10-25,1.2212839054929419
2023-10-26,1.20993127390151
2023-10-27,1.2202283355937
2023-10-28,1.1876029888092348
2023-10-29,1.1942555848239145
2023-10-30,1.2363612000000002
2023-10-31,1.1984986435143008
2023-11-01,1.189305769859942
2023-11-02,1.2207575552515644
2023-11-03,1.2329301312783552
2023-11-04,1.2220881904823566
2023-11-05,1.2265520284423719
2023-11-06,1.189165399403324
2023-11-07,1.1741733934206624
2023-11-08,1.2330982979951748
2023-11-09,1.19418277778611
2023-11-10,1.1943133911565018
2023-11-11,1.225481390714915
2023-11-12,1.208185620560992
2023-11-13,1.2047105199457393
2023-11-14,1.2363612000000002
2023-11-15,1.1791865646138318
2023-11-16,1.2101047299010914
2023-11-17,1.1906820904987792
2023-11-18,1.1935468878052307
2023-11-19,1.2179967107166279
2023-11-20,1.1954385679143187
2023-11-21,1.1945239654114974
2023-11-22,1.2039748188343418
2023-11-23,1.1727829889788308
2023-11-24,1.1614250232141292
2023-11-25,1.155589568378916
2023-11-26,1.1349883021645557
2023-11-27,1.2162529908066364
2023-11-28,1.1495136557775327
2023-11-29,1.1660393452557802
2023-11-30,1.16323555074192
2023-12-01,1.17360451742763
2023-12-02,1.1823996470546512
2023-12-03,1.1816323853516406
2023-12-04,1.1501883891281426
2023-12-05,1.157052868705599
2023-12-06,1.1646046680685298
2023-12-07,1.1519349819144664
2023-12-08,1.1884511763562333
2023-12-09,1.1637113671756785
2023-12-10,1.1669953756608615
2023-12-11,1.1637644675035428
2023-12-12,1.1725334316153944
2023-12-13,1.1503261714568371
2023-12-14,1.1181127936134319
2023-12-15,1.151307208714915
2023-12-16,1.1278823635134596
2023-12-17,1.1286421940718563
2023-12-18,1.149846313666428
2023-12-19,1.1615072622140685
2023-12-20,1.1346562022857962
2023-12-21,1.1388081394841334
2023-12-22,1.1657468987150075
2023-12-23,1.1338594798629253
2023-12-24,1.1807376542961385
2023-12-25,1.137010866374005
2023-12-26,1.0873086565822392
2023-12-27,1.1373502338416637
2023-12-28,1.127920319704305
2023-12-29,1.1448860652071098
2023-12-30,1.1304286655641393
2023-12-31,1.1119567039209475
2024-01-01,1.098718358139879
2024-01-02,1.1180951301231457
2024-01-03,1.1029976106984845
2024-01-04,1.106877283247943
2024-01-05,1.1294768150536507
2024-01-06,1.1502576810371714
2024-01-07,1.1220022915758925
2024-01-08,1.0871935525673966
2024-01-09,1.1196391386350455
2024-01-10,1.1336042456228606
2024-01-11,1.0943334844237704
2024-01-12,1.1025707926590078
2024-01-13,1.1040129408681243
2024-01-14,1.0857312991331947
2024-01-15,1.1139307695788812
2024-01-16,1.0963066670835884
2024-01-17,1.1059539205240208
2024-01-18,1.0771648053152054
2024-01-19,1.0849582608724277
2024-01-20,1.107539245648962
2024-01-21,1.0832033181873189
2024-01-22,1.1253781395398905
2024-01-23,1.0796092119782106
2024-01-24,1.0911094844903662
2024-01-25,1.1043665939059242
2024-01-26,1.0539801005578249
2024-01-27,1.0454130755177546
2024-01-28,1.0488855672222224
2024-01-29,1.1055121019990404
2024-01-30,1.0663666240853265
2024-01-31,1.1297300264520338
2024-02-01,1.063402251120415
2024-02-02,1.0776637535428355
2024-02-03,1.1046158045344299
2024-02-04,1.1129920636702368
2024-02-05,1.1128868413439807
2024-02-06,1.093894974271257
2024-02-07,1.0888454227380715
2024-02-08,1.0786733174950578
2024-02-09,1.0813731687754207
2024-02-10,1.0525583455935215
2024-02-11,1.0458809512535816
2024-02-12,1.0617430734471842
2024-02-13,1.0571998883745886
2024-02-14,1.0502625154232907
2024-02-15,1.0731669331194986
2024-02-16,1.0775595590218265
2024-02-17,1.0585473863547066
2024-02-18,1.0865137779774776
2024-02-19,1.0310845696283195
2024-02-20,1.0499238457228561
2024-02-21,1.0381714245440843
2024-02-22,1.0134063001254274
2024-02-23,1.0497222581098207
2024-02-24,1.0481270250557935
2024-02-25,1.081404565474964
2024-02-26,1.0623087942912766
2024-02-27,1.0271668894802843
2024-02-28,1.0864004287046625
2024-02-29,1.0725844136132536
2024-03-01,1.058674972460399
2024-03-02,1.0412639194616524
2024-03-03,1.0254560577228404
2024-03-04,1.037153453243883
2024-03-05,1.0670644029556475
2024-03-06,1.0831625784983978
2024-03-07,1.0756235097179148
2024-03-08,1.0329263883490254
2024-03-09,1.0194238496073509
2024-03-10,1.0453128157172087
2024-03-11,1.0052613492446245
2024-03-12,1.0485080168863734
2024-03-13,1.0384567672003262
2024-03-14,1.031606515916227
2024-03-15,1.007924265158489
2024-03-16,1.0516407726318988
2024-03-17,1.0297341384779148
2024-03-18,1.0163721842333227
2024-03-19,0.9808734726753678
2024-03-20,1.0400400401231988
2024-03-21,1.0774892159912342
2024-03-22,1.0752023597829625
2024-03-23,1.0311689301799507
2024-03-24,1.0282335350042915
2024-03-25,1.05063854178418
2024-03-26,1.0202502030665082
2024-03-27,1.047486614149988
2024-03-28,1.0573570942002448
2024-03-29,1.0671866712538043
2024-03-30,1.0398360174252976
2024-03-31,1.037980796431459
2024-04-01,1.0242766221898607
2024-04-02,1.0257000202216544
2024-04-03,1.0385856301586136
2024-04-04,1.0513648106870714
2024-04-05,1.0631827223365744
2024-04-06,1.027933035540694
2024-04-07,1.0762241857054897
2024-04-08,1.0400544424116527
2024-04-09,1.0458205738965434
2024-04-10,1.031311583335486
2024-04-11,0.9970354517790883
2024-04-12,1.0665428751520407
2024-04-13,1.0641630237718889
2024-04-14,1.0436848743028966
2024-04-15,1.0516744061067582
2024-04-16,1.0617862303291918
2024-04-17,1.019324644713199
2024-04-18,1.0416573046532662
2024-04-19,1.0700490691424331
2024-04-20,1.0282921828078297
2024-04-21,1.061410640365071
2024-04-22,1.0279988143633088
2024-04-23,1.0668967008237866
2024-04-24,1.0574306889329306
2024-04-25,1.0255669785650559
2024-04-26,1.08445597994959
2024-04-27,1.0459860760081814
2024-04-28,1.0454952500872927
2024-04-29,1.0676407740573588
2024-04-30,1.0885043282161377
2024-05-01,1.0446134393236033
2024-05-02,1.0682178820002493
2024-05-03,1.0770611840841047
2024-05-04,1.0837866916790981
2024-05-05,1.0742812533100954
2024-05-06,1.0642398841815817
2024-05-07,1.0559455504896686
2024-05-08,1.076274370975053
2024-05-09,1.0535010042072335
2024-05-10,1.0163683782234474
2024-05-11,1.0876267886172413
2024-05-12,1.0987467413247576
2024-05-13,1.0321685245409171
2024-05-14,1.0617623170626358
2024-05-15,1.0971119897796997
2024-05-16,1.1285139597197187
2024-05-17,1.0876105310970128
2024-05-18,1.0735281215109542
2024-05-19,1.0863911176073138
2024-05-20,1.1203459469061023
2024-05-21,1.0798380709440902
2024-05-22,1.0782143274876772
2024-05-23,1.0863802870265078
2024-05-24,1.0781807345064922
2024-05-25,1.1021826337508327
2024-05-26,1.1350640157944085
2024-05-27,1.1096093615895914
2024-05-28,1.0992801209702612
2024-05-29,1.1001175272753208
2024-05-30,1.0753274794237042
2024-05-31,1.1279209942289448
2024-06-01,1.1096130071883847
2024-06-02,1.1091780236527184
2024-06-03,1.1811000241422025
2024-06-04,1.1225820055606697
2024-06-05,1.1024459090853151
2024-06-06,1.1109546387755327
2024-06-07,1.1454727135714087
2024-06-08,1.125678547365166
2024-06-09,1.0951439074601665
2024-06-10,1.1459706440364643
2024-06-11,1.1147015049504447
2024-06-12,1.1693663504822274
2024-06-13,1.1546335606078555
2024-06-14,1.1246259078521734
2024-06-15,1.1623794948294404
2024-06-16,1.1389170172042857
2024-06-17,1.157040841848354
2024-06-18,1.1511707825605755
2024-06-19,1.125258739674394
2024-06-20,1.1312708002771126
2024-06-21,1.1678912668824888
2024-06-22,1.1412789666477463
2024-06-23,1.141635210081139
2024-06-24,1.1319459314005729
2024-06-25,1.1624259201542793
2024-06-26,1.1983186490139477
2024-06-27,1.134955727728053
2024-06-28,1.1594537523495678
2024-06-29,1.1901130962155566
2024-06-30,1.16083174125023
2024-07-01,1.173666156008966
2024-07-02,1.1438970481914792
2024-07-03,1.176671614291055
2024-07-04,1.1656059332861137
2024-07-05,1.1917516690120966
2024-07-06,1.1976764596617473
2024-07-07,1.2285782148477071
2024-07-08,1.1884580079986462
2024-07-09,1.1848763598944145
2024-07-10,1.1838327209524946
2024-07-11,1.1741179648878852
2024-07-12,1.190182648089274
2024-07-13,1.1786487818657292
2024-07-14,1.189949435502151
2024-07-15,1.2154996901648676
2024-07-16,1.1687509681104968
2024-07-17,1.2150305800739516
2024-07-18,1.2203135424879152
2024-07-19,1.1920243947218847
2024-07-20,1.151886678422713
2024-07-21,1.1849468734515656
2024-07-22,1.2261244035141103
2024-07-23,1.2001735129437663
2024-07-24,1.1813534930122225
2024-07-25,1.1931302068635077
2024-07-26,1.2225977717658512
2024-07-27,1.2179305713999777
2024-07-28,1.2030100840931308
2024-07-29,1.2017604660054977
2024-07-30,1.202634449022081
2024-07-31,1.1929637884846747
2024-08-01,1.2471337030921419
2024-08-02,1.2081391249723197
2024-08-03,1.2414909982169882
2024-08-04,1.248724812
2024-08-05,1.2394966109657364
2024-08-06,1.210984183242095
2024-08-07,1.2295946643310973
2024-08-08,1.2218910650808152
2024-08-09,1.2047661019085036
2024-08-10,1.2314806178056923
2024-08-11,1.2013240394684521
2024-08-12,1.248724812
2024-08-13,1.2183847147275717
2024-08-14,1.2333000417984987
2024-08-15,1.2360434004510528
2024-08-16,1.225768008602139
2024-08-17,1.2443498178274508
2024-08-18,1.223212985332107
2024-08-19,1.248724812
2024-08-20,1.2069196300702947
2024-08-21,1.2384402750150458
2024-08-22,1.248724812
2024-08-23,1.216665371842837
2024-08-24,1.2241750773662814
2024-08-25,1.248724812
2024-08-26,1.243526406464075
2024-08-27,1.2477983942558948
2024-08-28,1.248724812
2024-08-29,1.248724812
2024-08-30,1.248724812
2024-08-31,1.248724812
2024-09-01,1.2386106598025517
2024-09-02,1.248724812
2024-09-03,1.248724812
2024-09-04,1.2423993120071388
2024-09-05,1.2253276696574449
2024-09-06,1.248724812
2024-09-07,1.243914319095492
2024-09-08,1.2015617829606164
2024-09-09,1.248724812
2024-09-10,1.2362670967632512
2024-09-11,1.245792997469637
2024-09-12,1.248724812
2024-09-13,1.248724812
2024-09-14,1.248724812
2024-09-15,1.2393830703586424
2024-09-16,1.248724812
2024-09-17,1.243245061599336
2024-09-18,1.248724812
2024-09-19,1.248724812
2024-09-20,1.229247714177056
2024-09-21,1.248724812
2024-09-22,1.2374537205505627
2024-09-23,1.248724812
2024-09-24,1.248724812
2024-09-25,1.248724812
2024-09-26,1.243372325083669
2024-09-27,1.2405301287598798
2024-09-28,1.2471424351041032
2024-09-29,1.2409527688950788
2024-09-30,1.248724812
2024-10-01,1.212964618566827
2024-10-02,1.2242991372664311
2024-10-03,1.2236002203189165
2024-10-04,1.248724812
2024-10-05,1.248724812
2024-10-06,1.2422551659685135
2024-10-07,1.240391306692911
2024-10-08,1.244809228545955
2024-10-09,1.248724812
2024-10-10,1.2228565117824268
2024-10-11,1.2464768708699772
2024-10-12,1.248724812
2024-10-13,1.248724812
2024-10-14,1.2433678817691596
2024-10-15,1.248724812
2024-10-16,1.1816259195443002
2024-10-17,1.248724812
2024-10-18,1.2226261582562623
2024-10-19,1.1972752414129908
2024-10-20,1.2451225164646298
2024-10-21,1.248724812
2024-10-22,1.2297607773432295
2024-10-23,1.248724812
2024-10-24,1.248724812
2024-10-25,1.248724812
2024-10-26,1.248724812
2024-10-27,1.2429607359373605
2024-10-28,1.2279893809076807
2024-10-29,1.191958914118293
2024-10-30,1.2190338941291456
2024-10-31,1.205437507122281
2024-11-01,1.248724812
2024-11-02,1.216921912996435
2024-11-03,1.2219103067453874
2024-11-04,1.229565282282062
2024-11-05,1.2177149910864504
2024-11-06,1.248724812
2024-11-07,1.2012247761507737
2024-11-08,1.2168904302147918
2024-11-09,1.1960245245476482
2024-11-10,1.1826213072514005
2024-11-11,1.1959589858175064
2024-11-12,1.206498839479912
2024-11-13,1.1968949077287494
2024-11-14,1.1899606623155063
2024-11-15,1.1736271022010984
2024-11-16,1.1996727498333408
2024-11-17,1.168576031531573
2024-11-18,1.2141844160229247
2024-11-19,1.1985395778548757
2024-11-20,1.1649314651945915
2024-11-21,1.1872581741933752
2024-11-22,1.1764523049089795
2024-11-23,1.1971476578561848
2024-11-24,1.2167876789891274
2024-11-25,1.1482359163989937
2024-11-26,1.1880155050028804
2024-11-27,1.1806361567360355
2024-11-28,1.196276470379507
2024-11-29,1.1850660321723063
2024-11-30,1.1632927437129972
2024-12-01,1.1706062791384864
2024-12-02,1.1589735119823723
2024-12-03,1.1962192742980178
2024-12-04,1.1725450876444938
2024-12-05,1.209937371184125
2024-12-06,1.1673676336746641
2024-12-07,1.152140064635389
2024-12-08,1.133626725438796
2024-12-09,1.125843906442962
2024-12-10,1.1286370097584613
2024-12-11,1.1653957951813685
2024-12-12,1.168649623956943
2024-12-13,1.1233758243541585
2024-12-14,1.1731295522698393
2024-12-15,1.1426637737118803
2024-12-16,1.1539852967264514
2024-12-17,1.1826949868337133
2024-12-18,1.1660161800115365
2024-12-19,1.1399713771672686
2024-12-20,1.125221199383398
2024-12-21,1.0971939790487095
2024-12-22,1.125220423625464
2024-12-23,1.1340045337486644
2024-12-24,1.1160662834481192
2024-12-25,1.1320951483788517
2024-12-26,1.1346445774953136
2024-12-27,1.1265871032994257
2024-12-28,1.1159645822607351
2024-12-29,1.131232702507082
2024-12-30,1.1351555322454758
2024-12-31,1.101505078172505
