Date,Turbidity (Rudraprayag) (NTU)
2020-01-01,4.384681808604071
2020-01-02,4.0701416869633
2020-01-03,4.081040671916011
2020-01-04,4.20637624929061
2020-01-05,4.0988941067066955
2020-01-06,4.230454320383237
2020-01-07,4.0848902185852465
2020-01-08,3.892682244370042
2020-01-09,4.075244343372822
2020-01-10,3.7620455240328177
2020-01-11,4.000426643107979
2020-01-12,3.960073027968134
2020-01-13,3.913183921053142
2020-01-14,3.9172755286004977
2020-01-15,3.5548799359233065
2020-01-16,3.809865930188937
2020-01-17,3.9266389600968785
2020-01-18,3.928601647644082
2020-01-19,3.6797604414832907
2020-01-20,4.127210208088608
2020-01-21,3.68971823709521
2020-01-22,4.045843903983897
2020-01-23,3.9265085434688487
2020-01-24,3.701062591223607
2020-01-25,4.174732977593659
2020-01-26,3.570433694429349
2020-01-27,3.9826127873033084
2020-01-28,3.9886530136360996
2020-01-29,3.6443038472377953
2020-01-30,4.046952025085443
2020-01-31,3.7086234291733957
2020-02-01,3.8066908276958213
2020-02-02,3.791484310646482
2020-02-03,3.7031773315406573
2020-02-04,3.882973947051573
2020-02-05,3.8704400588534713
2020-02-06,3.3531254397874983
2020-02-07,3.9549515404391835
2020-02-08,3.3530014817438585
2020-02-09,3.8835927812754245
2020-02-10,3.894177996340236
2020-02-11,3.442569322647924
2020-02-12,3.5706999945721214
2020-02-13,3.4239991065621043
2020-02-14,3.594612255357816
2020-02-15,3.5686274941199194
2020-02-16,3.77898799688989
2020-02-17,3.878124956209124
2020-02-18,3.888395134845621
2020-02-19,3.490209798646906
2020-02-20,3.5543758862191033
2020-02-21,3.2533032085756584
2020-02-22,3.4227829947286423
2020-02-23,3.77109085856831
2020-02-24,3.895599712966133
2020-02-25,3.3201767530533535
2020-02-26,3.443319428624876
2020-02-27,3.5515008069633947
2020-02-28,3.607989283485437
2020-02-29,3.385418286294097
2020-03-01,3.6277413513500023
2020-03-02,3.443960945576688
2020-03-03,3.53184879835151
2020-03-04,3.6402184868602676
2020-03-05,3.528681542539076
2020-03-06,3.436769484626638
2020-03-07,3.498989391743038
2020-03-08,3.500319495184657
2020-03-09,3.4412875252894572
2020-03-10,3.461045873481593
2020-03-11,3.8302683216280706
2020-03-12,3.6206756969139926
2020-03-13,3.447568388399077
2020-03-14,3.6444482439515866
2020-03-15,3.4369071187232745
2020-03-16,3.737130751201701
2020-03-17,3.575490567790575
2020-03-18,3.479379784510379
2020-03-19,3.5898836746465377
2020-03-20,3.1858872755952468
2020-03-21,3.274653451415896
2020-03-22,3.261388622235271
2020-03-23,3.529151110522979
2020-03-24,3.847676434030345
2020-03-25,3.94826629940741
2020-03-26,3.630670973177767
2020-03-27,3.6045054648184274
2020-03-28,3.1456217961060027
2020-03-29,3.399015868737681
2020-03-30,3.3519311678228623
2020-03-31,3.3874751177857076
2020-04-01,3.480391383579335
2020-04-02,3.422195628331332
2020-04-03,3.123564696545527
2020-04-04,3.6720341098348763
2020-04-05,3.3111464416108976
2020-04-06,3.5770020349180043
2020-04-07,3.9476404140060657
2020-04-08,3.35283069446135
2020-04-09,3.034745204880377
2020-04-10,3.487907112167556
2020-04-11,3.7698140053825204
2020-04-12,3.9460132281597216
2020-04-13,3.3133616153220404
2020-04-14,3.663743853508304
2020-04-15,3.4766775490420123
2020-04-16,3.5540871768999907
2020-04-17,4.109882659558745
2020-04-18,3.2863553018634466
2020-04-19,3.6438291534407328
2020-04-20,3.692946368305889
2020-04-21,3.823084296281017
2020-04-22,3.632233812048533
2020-04-23,3.681146303674962
2020-04-24,3.5482923167412856
2020-04-25,3.687717973272211
2020-04-26,3.572707250644997
2020-04-27,3.773293561840203
2020-04-28,3.5828686902236906
2020-04-29,3.7401981904773556
2020-04-30,3.667086317100051
2020-05-01,3.906480693795512
2020-05-02,3.679492189509886
2020-05-03,3.3438307391356346
2020-05-04,3.959651271420864
2020-05-05,3.5351110731161453
2020-05-06,3.594652986981501
2020-05-07,3.6155781657735515
2020-05-08,4.019054904509455
2020-05-09,3.3266391935225523
2020-05-10,4.391077535955763
2020-05-11,3.9846371361455772
2020-05-12,3.8281127214951813
2020-05-13,3.782663547290398
2020-05-14,3.8610657997509588
2020-05-15,3.918624280585517
2020-05-16,3.954016799971673
2020-05-17,3.946794408324975
2020-05-18,3.864412257597325
2020-05-19,3.817970610414372
2020-05-20,3.838242135380219
2020-05-21,3.8406866813094807
2020-05-22,4.117703639286572
2020-05-23,4.021048641279034
2020-05-24,3.325750266761836
2020-05-25,4.056598460893129
2020-05-26,3.9760520369845174
2020-05-27,3.945142256806341
2020-05-28,3.8830487546995176
2020-05-29,4.197529136829198
2020-05-30,4.1742482007922925
2020-05-31,3.8422822917396933
2020-06-01,4.090458211155633
2020-06-02,3.826977734599526
2020-06-03,3.7577145423817573
2020-06-04,3.9206879369314276
2020-06-05,4.2309637231394115
2020-06-06,4.261620434570755
2020-06-07,4.186175949266334
2020-06-08,4.241190782468135
2020-06-09,4.212065625040558
2020-06-10,3.9932338228193016
2020-06-11,4.2206528934365775
2020-06-12,4.307122825960588
2020-06-13,4.3107022322882
2020-06-14,4.410456401209352
2020-06-15,4.327187170387128
2020-06-16,4.268687821406576
2020-06-17,4.425315297245845
2020-06-18,4.218879539433129
2020-06-19,4.060715052637581
2020-06-20,4.217386607211247
2020-06-21,4.113929488155587
2020-06-22,4.140780553722183
2020-06-23,4.2598110162743374
2020-06-24,4.143117835901748
2020-06-25,4.252881293125277
2020-06-26,3.9486033396948192
2020-06-27,4.382814775149102
2020-06-28,4.353200174157394
2020-06-29,4.202313889284572
2020-06-30,4.510318991822589
2020-07-01,4.578684059907745
2020-07-02,4.082316402027669
2020-07-03,4.2638961790398815
2020-07-04,4.275176104547003
2020-07-05,4.253534351115367
2020-07-06,4.619863586536929
2020-07-07,4.427596596905896
2020-07-08,4.425787950230094
2020-07-09,4.090179773387923
2020-07-10,4.63022578073743
2020-07-11,4.267405412661584
2020-07-12,4.53927993322127
2020-07-13,4.594722942274344
2020-07-14,4.82324771107221
2020-07-15,4.301131122135415
2020-07-16,3.9706792632486585
2020-07-17,4.622941915256047
2020-07-18,4.9577649394793095
2020-07-19,4.856839650674729
2020-07-20,4.662263545674908
2020-07-21,4.533175970762669
2020-07-22,4.8039862248516245
2020-07-23,4.458794638712831
2020-07-24,4.759598038746958
2020-07-25,4.776120349051663
2020-07-26,4.897642186590127
2020-07-27,5.247977023002789
2020-07-28,4.784840846022098
2020-07-29,4.614742336189152
2020-07-30,4.7214593632292345
2020-07-31,4.382656989798412
2020-08-01,4.607283337463897
2020-08-02,4.673976226502089
2020-08-03,4.660471895830831
2020-08-04,4.80506471969548
2020-08-05,4.619258480234891
2020-08-06,5.016939162186828
2020-08-07,4.8016041802066285
2020-08-08,4.808369001544694
2020-08-09,4.753150413056338
2020-08-10,4.85809925693475
2020-08-11,5.000241541236608
2020-08-12,4.669783199425403
2020-08-13,4.719397518315956
2020-08-14,4.797909088500188
2020-08-15,4.5969332302821675
2020-08-16,4.709526397830057
2020-08-17,4.785219629516926
2020-08-18,5.062240654788192
2020-08-19,4.946585234507237
2020-08-20,4.939310248320707
2020-08-21,5.077098371291777
2020-08-22,4.885576274777644
2020-08-23,4.997078979830439
2020-08-24,4.904078801652683
2020-08-25,4.983332829481903
2020-08-26,4.819044259616684
2020-08-27,4.45296503413219
2020-08-28,4.918800430247137
2020-08-29,5.234927548837182
2020-08-30,5.14013512390474
2020-08-31,5.152276787488591
2020-09-01,5.210518531582609
2020-09-02,4.9849076381362165
2020-09-03,5.010310479385344
2020-09-04,4.850774574154271
2020-09-05,4.914333370183221
2020-09-06,5.103729571333544
2020-09-07,5.224163143563006
2020-09-08,4.958090597567507
2020-09-09,4.898317509593786
2020-09-10,4.99061767356681
2020-09-11,5.1126907211013375
2020-09-12,4.70539569383674
2020-09-13,4.536427239543016
2020-09-14,4.886831877212068
2020-09-15,4.753851244648285
2020-09-16,4.8971985263372115
2020-09-17,4.969881444666268
2020-09-18,4.9091766946803155
2020-09-19,5.290486561696292
2020-09-20,5.065286446911517
2020-09-21,5.059754582437684
2020-09-22,5.123601215497455
2020-09-23,4.77067124709289
2020-09-24,5.205316533799682
2020-09-25,4.981176126018432
2020-09-26,5.129038760398803
2020-09-27,4.77896410138706
2020-09-28,4.6807564394710415
2020-09-29,5.153039044077878
2020-09-30,5.062476819204489
2020-10-01,4.804299957862615
2020-10-02,4.808075296719337
2020-10-03,5.2041756043547505
2020-10-04,4.738070958694583
2020-10-05,5.301137502074305
2020-10-06,4.788914215810899
2020-10-07,5.092939132594511
2020-10-08,4.895547489859331
2020-10-09,5.077708343759284
2020-10-10,4.8438382092987355
2020-10-11,4.915484367064026
2020-10-12,4.951401876723964
2020-10-13,4.7377502283882515
2020-10-14,5.081118341654688
2020-10-15,4.824874138449196
2020-10-16,4.876159484983178
2020-10-17,4.717173117050417
2020-10-18,4.39754242122109
2020-10-19,4.8655741865119575
2020-10-20,5.379879680360016
2020-10-21,5.047662484891975
2020-10-22,4.880084717067918
2020-10-23,4.824365943722324
2020-10-24,4.874258827605342
2020-10-25,4.9718273616194795
2020-10-26,4.6186973966789395
2020-10-27,5.070001486770737
2020-10-28,4.982313654397284
2020-10-29,4.974800176166867
2020-10-30,4.910611607354853
2020-10-31,4.818423452187804
2020-11-01,4.9404887553298105
2020-11-02,4.915530992313141
2020-11-03,4.717449543068766
2020-11-04,4.664467353001004
2020-11-05,4.79033217921763
2020-11-06,5.0703840874068
2020-11-07,4.50322648302937
2020-11-08,4.447862214756325
2020-11-09,4.764493203174726
2020-11-10,4.731749651318079
2020-11-11,4.746131782846578
2020-11-12,4.750008687000392
2020-11-13,4.646198488292394
2020-11-14,4.97830188864866
2020-11-15,4.349511151112329
2020-11-16,4.493230923949439
2020-11-17,4.62739658409164
2020-11-18,4.308409031031056
2020-11-19,4.590760479197917
2020-11-20,4.946998563477121
2020-11-21,4.607546928414591
2020-11-22,4.638070201275081
2020-11-23,4.328356135228355
2020-11-24,4.445477973369271
2020-11-25,4.481977693046929
2020-11-26,4.481649688141103
2020-11-27,4.7896097329037275
2020-11-28,4.632823510192351
2020-11-29,4.286917643115643
2020-11-30,4.546357317354799
2020-12-01,4.584474630401227
2020-12-02,4.700564422159371
2020-12-03,4.776281143713087
2020-12-04,4.2447302811804315
2020-12-05,4.273095133118634
2020-12-06,4.171213680890036
2020-12-07,4.363336714758451
2020-12-08,4.490776342234449
2020-12-09,4.582291842611991
2020-12-10,4.356915054975383
2020-12-11,4.295379893038937
2020-12-12,4.376912731539184
2020-12-13,4.166715675015267
2020-12-14,4.738810306701854
2020-12-15,3.9865076540014854
2020-12-16,4.33210807380349
2020-12-17,4.686987918599326
2020-12-18,4.270723799082349
2020-12-19,4.218447440666218
2020-12-20,4.172055667771399
2020-12-21,4.194557833477169
2020-12-22,4.492303020181908
2020-12-23,3.7624676597097544
2020-12-24,4.498646880834168
2020-12-25,3.894306007147071
2020-12-26,4.112925278811846
2020-12-27,4.067589982850832
2020-12-28,4.258361256264238
2020-12-29,3.8082698699193633
2020-12-30,4.207609593922217
2020-12-31,4.507357257312188
2021-01-01,3.979860531736255
2021-01-02,4.277800546942232
2021-01-03,4.094874311767719
2021-01-04,4.299910805877905
2021-01-05,4.206080435937145
2021-01-06,4.061529611791727
2021-01-07,4.275039842519097
2021-01-08,4.526039341255478
2021-01-09,4.114762879986142
2021-01-10,4.284742353926585
2021-01-11,3.8700601103784416
2021-01-12,3.925431750733425
2021-01-13,4.199288548083726
2021-01-14,4.3898062365954775
2021-01-15,4.1523724147799665
2021-01-16,4.0069993056324975
2021-01-17,4.057928260953327
2021-01-18,3.7965488224506587
2021-01-19,4.156198534939556
2021-01-20,4.20053525238035
2021-01-21,3.9225351401714947
2021-01-22,3.9079440343266496
2021-01-23,4.044245317024922
2021-01-24,3.8929641059842486
2021-01-25,3.956444276146592
2021-01-26,4.379105418613948
2021-01-27,3.8993768124321084
2021-01-28,3.8668685196232597
2021-01-29,3.7989195279260923
2021-01-30,4.0672973593725645
2021-01-31,3.8723878974495656
2021-02-01,3.7690774941755647
2021-02-02,4.15368074934684
2021-02-03,4.163959680737494
2021-02-04,3.7507275792718753
2021-02-05,3.488434324470905
2021-02-06,4.054334572402519
2021-02-07,3.707157526711552
2021-02-08,3.993624999183547
2021-02-09,3.433062776864726
2021-02-10,3.9973564366345813
2021-02-11,3.5685282228348076
2021-02-12,3.949015675976343
2021-02-13,3.7979946538265783
2021-02-14,3.5968085775362337
2021-02-15,3.698827088371712
2021-02-16,3.910319581827362
2021-02-17,3.787242097608249
2021-02-18,3.8761409687821264
2021-02-19,4.147931520865663
2021-02-20,3.4333719386257986
2021-02-21,4.063433362013573
2021-02-22,3.7548281955325225
2021-02-23,3.548363722284192
2021-02-24,3.4564204231086886
2021-02-25,3.679222449273931
2021-02-26,3.8961423028403463
2021-02-27,3.681272134279673
2021-02-28,4.004188037770985
2021-03-01,3.4071038522681145
2021-03-02,3.6905113528879734
2021-03-03,3.4382501261082474
2021-03-04,3.7574656290521595
2021-03-05,3.8583391152789877
2021-03-06,3.5932447298406776
2021-03-07,3.153203891406525
2021-03-08,3.7107009818875025
2021-03-09,3.7553397973724256
2021-03-10,3.746148682258222
2021-03-11,3.9099615243794443
2021-03-12,3.446328151597317
2021-03-13,3.7945350284158343
2021-03-14,3.895165954500504
2021-03-15,3.299339846248136
2021-03-16,3.717601381858272
2021-03-17,3.551669857482838
2021-03-18,3.6352575947306267
2021-03-19,3.720375510018892
2021-03-20,3.5528945766617714
2021-03-21,3.514920890176624
2021-03-22,3.656837428695462
2021-03-23,3.4327244357425215
2021-03-24,3.4333974657932003
2021-03-25,3.7870480907246273
2021-03-26,3.4222474631371522
2021-03-27,3.786323253071458
2021-03-28,3.746854828400326
2021-03-29,3.310671997178431
2021-03-30,3.522037698217354
2021-03-31,3.8983097988139845
2021-04-01,3.4654115312079945
2021-04-02,3.571139294834415
2021-04-03,3.7590259225211367
2021-04-04,3.8261027604772035
2021-04-05,3.6221442814024702
2021-04-06,3.5561930078205304
2021-04-07,3.963626634435476
2021-04-08,4.0306038128155866
2021-04-09,3.8824792229349936
2021-04-10,3.707866337942648
2021-04-11,3.533454812215393
2021-04-12,3.533533197071493
2021-04-13,3.808846558368754
2021-04-14,3.7929511783902603
2021-04-15,3.9947237274502854
2021-04-16,3.849829658905251
2021-04-17,3.424660787408854
2021-04-18,3.9414035136999224
2021-04-19,3.537337242079595
2021-04-20,3.6662869667513474
2021-04-21,3.799447775203141
2021-04-22,4.1550605292499405
2021-04-23,4.384620892555426
2021-04-24,3.890880807601378
2021-04-25,3.7399827064815665
2021-04-26,3.8907937147192992
2021-04-27,3.9688767909192464
2021-04-28,3.7348456587575543
2021-04-29,4.165833028614881
2021-04-30,3.860792263535199
2021-05-01,3.9224874976553252
2021-05-02,3.9644554940519705
2021-05-03,3.9240882563504744
2021-05-04,4.016225332870933
2021-05-05,3.733816333968681
2021-05-06,3.7545971824994626
2021-05-07,3.6553754081169254
2021-05-08,3.9726106707062954
2021-05-09,4.049954586577714
2021-05-10,3.9953286095486686
2021-05-11,4.248426315893271
2021-05-12,3.922306570566558
2021-05-13,4.067213269787851
2021-05-14,3.7253021721857924
2021-05-15,3.876535044284547
2021-05-16,4.103507346422805
2021-05-17,4.14479410493029
2021-05-18,3.926880125591449
2021-05-19,3.9821762709746618
2021-05-20,3.7038635451396753
2021-05-21,3.9470909519496
2021-05-22,4.207744970083975
2021-05-23,4.155990623134472
2021-05-24,4.152470441099104
2021-05-25,4.073782731130883
2021-05-26,4.076830937312812
2021-05-27,3.955040570146073
2021-05-28,4.238649692136026
2021-05-29,4.194947034195173
2021-05-30,4.221110362430555
2021-05-31,4.029535939834205
2021-06-01,3.716189241330166
2021-06-02,4.378478296081466
2021-06-03,4.075541590306102
2021-06-04,4.011083022530919
2021-06-05,4.33472716423222
2021-06-06,4.130082500679034
2021-06-07,4.432982702304862
2021-06-08,4.356960055162215
2021-06-09,4.382885489738631
2021-06-10,3.98563882537746
2021-06-11,4.513918938941171
2021-06-12,4.336518490748561
2021-06-13,4.223185493065811
2021-06-14,4.338521659793935
2021-06-15,3.9674266803347598
2021-06-16,4.41725696324305
2021-06-17,4.142523878261846
2021-06-18,4.090751192413853
2021-06-19,4.069711954039363
2021-06-20,4.609627657881109
2021-06-21,4.2741473212614425
2021-06-22,4.719655559100175
2021-06-23,4.318655916106599
2021-06-24,4.097243158898851
2021-06-25,4.228296932112007
2021-06-26,4.711635923054472
2021-06-27,4.446146637498242
2021-06-28,4.380498574376395
2021-06-29,4.5349627242555055
2021-06-30,4.61608816273172
2021-07-01,4.751949621316601
2021-07-02,4.830869878361018
2021-07-03,4.4818746457436465
2021-07-04,4.301231597536716
2021-07-05,4.496311542279807
2021-07-06,4.643571072653717
2021-07-07,4.4112168329084565
2021-07-08,4.424931641681448
2021-07-09,4.6974484948021935
2021-07-10,4.631221775955183
2021-07-11,4.659701573777903
2021-07-12,4.513558024692265
2021-07-13,4.631213264326851
2021-07-14,4.504400925829044
2021-07-15,4.8791556741294375
2021-07-16,4.919945068903988
2021-07-17,4.355344121965204
2021-07-18,4.550269834266826
2021-07-19,4.448356852159122
2021-07-20,4.629045593205461
2021-07-21,4.75364406866191
2021-07-22,4.491574163949372
2021-07-23,4.6081897428991
2021-07-24,4.602712404237425
2021-07-25,4.855779950755503
2021-07-26,4.8388951846255885
2021-07-27,4.6912526944229
2021-07-28,4.881409189648452
2021-07-29,4.747021635668892
2021-07-30,4.81220403926544
2021-07-31,5.21126464372734
2021-08-01,5.154564381134305
2021-08-02,4.636309716296189
2021-08-03,5.071779197700544
2021-08-04,5.077568886316069
2021-08-05,4.694941087538211
2021-08-06,5.097497995462303
2021-08-07,5.250319412404444
2021-08-08,4.727053805974107
2021-08-09,4.776728501569564
2021-08-10,5.172261649727622
2021-08-11,5.031360182328083
2021-08-12,5.095517143350986
2021-08-13,5.061327085847681
2021-08-14,5.0791600003166355
2021-08-15,4.743359868593305
2021-08-16,5.2255709563011
2021-08-17,5.2572959682599105
2021-08-18,4.9845856554122525
2021-08-19,5.028667428682873
2021-08-20,4.737851468195707
2021-08-21,5.153443217250764
2021-08-22,5.171330267201011
2021-08-23,5.050612429057661
2021-08-24,5.293856681818761
2021-08-25,5.007907706043194
2021-08-26,5.193181544780697
2021-08-27,4.8816631234005765
2021-08-28,5.0860180356126286
2021-08-29,5.060785411103829
2021-08-30,5.145439506025381
2021-08-31,5.03098665768975
2021-09-01,5.082902771436023
2021-09-02,5.278501821509667
2021-09-03,5.0298232724962855
2021-09-04,4.7995319177564895
2021-09-05,5.474221734082226
2021-09-06,5.403838757126728
2021-09-07,4.8721228023581915
2021-09-08,5.271327817178281
2021-09-09,5.035384898593438
2021-09-10,5.191052805630281
2021-09-11,5.1993569075981885
2021-09-12,5.09556781125225
2021-09-13,4.98741352394617
2021-09-14,5.0075552197072115
2021-09-15,4.963700864014136
2021-09-16,4.981629288185027
2021-09-17,5.135390907856802
2021-09-18,5.006285510607612
2021-09-19,5.286236789627442
2021-09-20,5.447442285869328
2021-09-21,5.033926845717045
2021-09-22,5.197540610622593
2021-09-23,5.249096808749362
2021-09-24,5.242838324832899
2021-09-25,5.162685229898845
2021-09-26,5.294865466997467
2021-09-27,5.241392427486692
2021-09-28,4.895803063529631
2021-09-29,5.31533940555211
2021-09-30,5.316919279926221
2021-10-01,4.98453769314927
2021-10-02,5.142297835823638
2021-10-03,5.268673711536489
2021-10-04,5.087225883555924
2021-10-05,5.340548946821251
2021-10-06,5.595377410346984
2021-10-07,4.961841156213476
2021-10-08,4.839051826842079
2021-10-09,5.172034904130103
2021-10-10,5.251383358568044
2021-10-11,5.05648773495262
2021-10-12,5.388695080942691
2021-10-13,4.82549688170017
2021-10-14,5.2267714441508675
2021-10-15,4.961781308418883
2021-10-16,5.421392432984972
2021-10-17,5.470382538684806
2021-10-18,4.91271167441545
2021-10-19,4.950097725798436
2021-10-20,5.225697316427952
2021-10-21,4.96993046607953
2021-10-22,5.0316593837259225
2021-10-23,5.039014477123279
2021-10-24,4.643009478324446
2021-10-25,5.016998099824084
2021-10-26,4.8744579837716016
2021-10-27,4.906235395260754
2021-10-28,5.285863548530725
2021-10-29,4.737936012453185
2021-10-30,5.143804068374876
2021-10-31,4.9171238735265455
2021-11-01,4.90854808694984
2021-11-02,5.113990887346789
2021-11-03,5.015178424478643
2021-11-04,5.052380284700877
2021-11-05,5.1228246396869555
2021-11-06,4.853699243528569
2021-11-07,4.788132710206211
2021-11-08,4.68401779284859
2021-11-09,4.726285161911023
2021-11-10,5.471359919989168
2021-11-11,5.120508027094233
2021-11-12,4.591248576730891
2021-11-13,4.586726456069979
2021-11-14,4.9372121515630525
2021-11-15,4.939782160403837
2021-11-16,4.929468713871105
2021-11-17,4.757939170194748
2021-11-18,4.77295668412087
2021-11-19,4.852622698093762
2021-11-20,4.793109961342998
2021-11-21,4.3208444557820105
2021-11-22,4.707409704640359
2021-11-23,4.571648733279281
2021-11-24,4.765431372044574
2021-11-25,5.315802055497848
2021-11-26,4.780513302206576
2021-11-27,4.63248677025787
2021-11-28,4.867641274298424
2021-11-29,4.767822875489168
2021-11-30,4.743228132593419
2021-12-01,4.768426480311532
2021-12-02,5.046138993667778
2021-12-03,4.3963569273899346
2021-12-04,4.704899421761703
2021-12-05,4.4124728935496975
2021-12-06,4.696369164629151
2021-12-07,4.38899195037574
2021-12-08,4.47666732385883
2021-12-09,4.488486684497602
2021-12-10,4.729988283163114
2021-12-11,4.705796148492371
2021-12-12,4.26020592240063
2021-12-13,4.5075479552894056
2021-12-14,4.341828284391437
2021-12-15,4.219201580227832
2021-12-16,4.4146364493402235
2021-12-17,4.383463400333181
2021-12-18,4.917609972022503
2021-12-19,4.505955795242489
2021-12-20,4.130931747515668
2021-12-21,4.280589951499295
2021-12-22,4.58491282891553
2021-12-23,4.785421879820587
2021-12-24,4.037643379528063
2021-12-25,3.9659752635470933
2021-12-26,4.7032904727114575
2021-12-27,4.39417858013291
2021-12-28,4.129780320535291
2021-12-29,4.397576419534581
2021-12-30,3.7507451924927366
2021-12-31,4.26585016202526
2022-01-01,4.468059567223435
2022-01-02,4.574713341327718
2022-01-03,4.174491556868533
2022-01-04,4.38187079691997
2022-01-05,4.167165955242077
2022-01-06,4.390903744735452
2022-01-07,4.148396121072277
2022-01-08,4.233549551466085
2022-01-09,4.103780559373556
2022-01-10,4.421018013861681
2022-01-11,4.450404925284007
2022-01-12,4.219794912105543
2022-01-13,4.262454891499655
2022-01-14,3.953264747961575
2022-01-15,4.171314415421477
2022-01-16,4.20956998832878
2022-01-17,4.73222859807465
2022-01-18,3.9742369640897692
2022-01-19,4.478130917418969
2022-01-20,4.37344039460883
2022-01-21,4.219080487636138
2022-01-22,4.503676560717576
2022-01-23,4.215490765615884
2022-01-24,4.208139892325953
2022-01-25,4.109046668468247
2022-01-26,4.35387483726437
2022-01-27,4.318075799343484
2022-01-28,3.9634010925282617
2022-01-29,3.8145784501333706
2022-01-30,4.027862837593446
2022-01-31,3.898625019213656
2022-02-01,4.036247186916778
2022-02-02,4.286907569829066
2022-02-03,3.9385787488174087
2022-02-04,4.0122476161573015
2022-02-05,4.023346861704707
2022-02-06,4.172518010876191
2022-02-07,3.544705625066632
2022-02-08,3.864159820397934
2022-02-09,4.0193402788629875
2022-02-10,4.208852760260092
2022-02-11,3.8623821191897227
2022-02-12,3.577552310954663
2022-02-13,4.0690823294525185
2022-02-14,3.810523983650437
2022-02-15,3.6923010191389953
2022-02-16,3.7981868124933773
2022-02-17,3.8791581354540323
2022-02-18,3.788309439779987
2022-02-19,3.4615301925427526
2022-02-20,4.075633500345435
2022-02-21,4.144965855275593
2022-02-22,4.014261406295781
2022-02-23,3.6505833978638544
2022-02-24,3.832184841466983
2022-02-25,3.8657422643834463
2022-02-26,3.9815711583678364
2022-02-27,3.990450056098796
2022-02-28,3.705122291965816
2022-03-01,3.8637381015611383
2022-03-02,3.9343852233802323
2022-03-03,4.129893279420225
2022-03-04,3.9756405604921103
2022-03-05,3.9887729747346317
2022-03-06,3.844162414162761
2022-03-07,4.106138491772652
2022-03-08,3.902863911720103
2022-03-09,3.6457745049910097
2022-03-10,4.095963725290921
2022-03-11,3.9523857405228187
2022-03-12,3.7219300833014306
2022-03-13,3.7125932138458957
2022-03-14,3.865979561033061
2022-03-15,3.897694322102956
2022-03-16,3.8431294698007177
2022-03-17,3.8647675583729493
2022-03-18,4.141553604266232
2022-03-19,4.015148843758202
2022-03-20,3.838467407737487
2022-03-21,3.988324622162443
2022-03-22,3.593502164492349
2022-03-23,3.8797590335044436
2022-03-24,4.162423761516859
2022-03-25,3.757564255054852
2022-03-26,3.6324794844450663
2022-03-27,3.6726429751710032
2022-03-28,3.586409962361058
2022-03-29,3.6488809613110096
2022-03-30,3.733449008966479
2022-03-31,3.5283745143687817
2022-04-01,3.814768304225851
2022-04-02,3.994475582053622
2022-04-03,3.635062507841373
2022-04-04,4.123281443349038
2022-04-05,3.924610476316888
2022-04-06,4.0318111638836704
2022-04-07,3.697585751325347
2022-04-08,4.003728925469393
2022-04-09,3.618320832699572
2022-04-10,4.018852209596945
2022-04-11,3.8794758245022845
2022-04-12,3.9602723223797627
2022-04-13,3.619224816190632
2022-04-14,3.6802575657572025
2022-04-15,3.9838496525116764
2022-04-16,3.6800700395531827
2022-04-17,3.967918106180642
2022-04-18,3.6075864288632893
2022-04-19,4.056584210075811
2022-04-20,3.6465765581881158
2022-04-21,4.009867721488707
2022-04-22,4.031053218022348
2022-04-23,3.7732828176684388
2022-04-24,4.035941509191087
2022-04-25,3.978710482892355
2022-04-26,3.8261242137846416
2022-04-27,3.7396347689292373
2022-04-28,3.5564540455344766
2022-04-29,4.026720766892356
2022-04-30,3.6518175574245073
2022-05-01,3.992007719725308
2022-05-02,3.928581000424628
2022-05-03,4.125599489315222
2022-05-04,3.9380281328790376
2022-05-05,3.941377414008647
2022-05-06,4.162631674146328
2022-05-07,4.092417860528088
2022-05-08,4.097941616018805
2022-05-09,4.138020803836995
2022-05-10,3.7466596116768702
2022-05-11,4.21488556522116
2022-05-12,4.195919533135087
2022-05-13,3.8801283129540503
2022-05-14,4.044826252678815
2022-05-15,4.096093527253902
2022-05-16,4.087500438029302
2022-05-17,4.191745676095368
2022-05-18,4.421946871490522
2022-05-19,4.362849466880841
2022-05-20,3.8949944557895564
2022-05-21,4.292910790172131
2022-05-22,4.445455001287098
2022-05-23,4.268311324050999
2022-05-24,4.4205333818600545
2022-05-25,4.616282082834845
2022-05-26,4.430160214808573
2022-05-27,4.286966517169108
2022-05-28,4.457901702912471
2022-05-29,4.289730011936673
2022-05-30,4.277487201488986
2022-05-31,4.214460061224974
2022-06-01,4.609540497070837
2022-06-02,4.145362020542326
2022-06-03,4.627782626443406
2022-06-04,4.433611000087617
2022-06-05,4.066170146889032
2022-06-06,4.432014887261144
2022-06-07,3.9509901239652123
2022-06-08,4.508660468613083
2022-06-09,4.573217921696334
2022-06-10,4.290358776487156
2022-06-11,4.446239681055008
2022-06-12,4.8250998712518465
2022-06-13,4.345891580062664
2022-06-14,4.248062448914165
2022-06-15,4.769006407406944
2022-06-16,4.878043839053074
2022-06-17,4.499137314267829
2022-06-18,4.713577856664231
2022-06-19,4.792478974389117
2022-06-20,4.388593136375447
2022-06-21,4.452938832926426
2022-06-22,4.809084919747822
2022-06-23,4.912819064458761
2022-06-24,4.70129092245231
2022-06-25,4.425638949401329
2022-06-26,5.011885821392973
2022-06-27,4.521132093523183
2022-06-28,4.573128477440225
2022-06-29,4.721426645982873
2022-06-30,4.976563699641165
2022-07-01,4.849265053446553
2022-07-02,4.774143132454816
2022-07-03,4.796486080925085
2022-07-04,4.725144068481817
2022-07-05,4.840632477408164
2022-07-06,4.23560295579828
2022-07-07,4.694647126336619
2022-07-08,4.814626211643813
2022-07-09,4.548488101768315
2022-07-10,4.8682169098315855
2022-07-11,4.762247930498361
2022-07-12,5.1663522312953765
2022-07-13,5.141897352210976
2022-07-14,4.746086440859073
2022-07-15,4.820948449591141
2022-07-16,4.848105688837559
2022-07-17,4.784249799180898
2022-07-18,4.9251770031109325
2022-07-19,4.74600628939962
2022-07-20,4.682927313099335
2022-07-21,5.044873907400037
2022-07-22,5.05740912473344
2022-07-23,4.781698553592165
2022-07-24,5.132574964806245
2022-07-25,4.838010939042648
2022-07-26,5.025659364825935
2022-07-27,5.149669007612842
2022-07-28,4.98932250227983
2022-07-29,5.097305835014572
2022-07-30,4.913249132553136
2022-07-31,4.987280908982013
2022-08-01,4.995300284600168
2022-08-02,4.896910294373661
2022-08-03,5.020477881501552
2022-08-04,4.7555659156450005
2022-08-05,4.976362995860314
2022-08-06,5.0267673680373965
2022-08-07,5.041497078222858
2022-08-08,5.053263278048833
2022-08-09,5.09787622580039
2022-08-10,5.214617659976134
2022-08-11,5.301964534989457
2022-08-12,5.005268842933428
2022-08-13,4.902569071489753
2022-08-14,4.942611933682387
2022-08-15,5.061213710016535
2022-08-16,5.095723151413509
2022-08-17,5.019378756534864
2022-08-18,4.92124047137588
2022-08-19,5.096138653150808
2022-08-20,5.230358292729646
2022-08-21,5.31959815921431
2022-08-22,5.095434168236517
2022-08-23,5.130451068028835
2022-08-24,5.033646348075199
2022-08-25,5.218435318164227
2022-08-26,5.060574632763814
2022-08-27,5.35022155378724
2022-08-28,4.883555167400654
2022-08-29,5.173730328193905
2022-08-30,5.310599389455542
2022-08-31,5.291658946720922
2022-09-01,5.797804023366456
2022-09-02,5.333252392134947
2022-09-03,5.066365200575527
2022-09-04,5.2517544884864105
2022-09-05,4.919055686547851
2022-09-06,5.2614279915292785
2022-09-07,5.113964129979163
2022-09-08,5.466464311241275
2022-09-09,5.1760717977846
2022-09-10,5.26500217940502
2022-09-11,5.163400513514609
2022-09-12,5.640219641686181
2022-09-13,5.229918103839867
2022-09-14,5.662174838866305
2022-09-15,5.459769599534037
2022-09-16,5.394407075298194
2022-09-17,5.372573195330177
2022-09-18,5.378196968073013
2022-09-19,4.914291860615796
2022-09-20,5.244216375971991
2022-09-21,5.468969088227918
2022-09-22,5.289880273820697
2022-09-23,5.01812181732806
2022-09-24,5.287956980533551
2022-09-25,5.638315279566726
2022-09-26,5.545707326432467
2022-09-27,5.282541835077354
2022-09-28,5.483625403406708
2022-09-29,5.218206788600646
2022-09-30,4.9486867951075295
2022-10-01,5.102301716359076
2022-10-02,5.597288022435757
2022-10-03,5.227209296608415
2022-10-04,5.230411851596792
2022-10-05,5.215985698013071
2022-10-06,5.6534302293377126
2022-10-07,5.594230145812885
2022-10-08,5.70901679416246
2022-10-09,5.229462142929118
2022-10-10,5.316195755292235
2022-10-11,4.949332499837415
2022-10-12,5.54342983350214
2022-10-13,5.009662131391233
2022-10-14,5.28154283229707
2022-10-15,5.013492967044093
2022-10-16,5.109743486395773
2022-10-17,5.0544269818412415
2022-10-18,5.094467939836957
2022-10-19,5.102184612350356
2022-10-20,5.094125980046976
2022-10-21,5.364023378393495
2022-10-22,4.969769068699866
2022-10-23,5.22804507841757
2022-10-24,5.42053594002509
2022-10-25,5.067126376140253
2022-10-26,5.0188197604349165
2022-10-27,5.108755034704658
2022-10-28,5.383082189509103
2022-10-29,5.178058917499708
2022-10-30,5.02492017210376
2022-10-31,5.219691789830515
2022-11-01,4.894041690681721
2022-11-02,5.242188410225037
2022-11-03,5.178889627105219
2022-11-04,5.026695991029195
2022-11-05,4.911470547890937
2022-11-06,4.892624735708542
2022-11-07,5.167543524376944
2022-11-08,5.296843998657962
2022-11-09,4.913905718501055
2022-11-10,5.12321837563772
2022-11-11,4.604166707226462
2022-11-12,4.894539903841056
2022-11-13,4.995006260844511
2022-11-14,4.808902255822988
2022-11-15,4.793027925970324
2022-11-16,4.836136035513855
2022-11-17,5.017368874570763
2022-11-18,4.910581732440176
2022-11-19,4.489400546596896
2022-11-20,4.501791329557318
2022-11-21,4.793331494760083
2022-11-22,4.994906947966109
2022-11-23,4.342429051586297
2022-11-24,4.780443053032545
2022-11-25,4.763500683673681
2022-11-26,5.134684524753405
2022-11-27,4.7681883451497775
2022-11-28,4.90987877085116
2022-11-29,4.849536726064818
2022-11-30,4.38309593854161
2022-12-01,4.950697804994745
2022-12-02,4.8279095817931275
2022-12-03,4.8741883423900365
2022-12-04,5.545420547686677
2022-12-05,4.330926531646287
2022-12-06,5.080205965312924
2022-12-07,4.665239748792888
2022-12-08,4.767606467460449
2022-12-09,4.688402218284934
2022-12-10,4.599977672614563
2022-12-11,4.558138674056136
2022-12-12,4.725251144804508
2022-12-13,4.3431263937550995
2022-12-14,4.783860088845624
2022-12-15,4.537663681385848
2022-12-16,4.382025991617025
2022-12-17,4.505157386425182
2022-12-18,4.833696518125913
2022-12-19,4.4622968127671045
2022-12-20,4.628145971308441
2022-12-21,4.397353497190388
2022-12-22,4.682220539814374
2022-12-23,4.654834873004643
2022-12-24,4.874561808634938
2022-12-25,4.4568473514750595
2022-12-26,4.6128283985886815
2022-12-27,4.485869252566518
2022-12-28,4.712613223283167
2022-12-29,4.296884124788348
2022-12-30,4.576895802871569
2022-12-31,4.376235601482492
2023-01-01,4.539657697233118
2023-01-02,4.558209810309827
2023-01-03,4.577718826612377
2023-01-04,4.491487556014907
2023-01-05,4.545193517088101
2023-01-06,4.805450605113025
2023-01-07,4.674555322667926
2023-01-08,4.639000637797509
2023-01-09,4.361835733126828
2023-01-10,4.262942599851285
2023-01-11,4.619774813600226
2023-01-12,4.591928384602985
2023-01-13,4.6993414276578465
2023-01-14,4.272186905694438
2023-01-15,4.335340013950765
2023-01-16,4.041714079232042
2023-01-17,4.279575758656481
2023-01-18,4.5459444713604915
2023-01-19,4.241996393822842
2023-01-20,4.452164598955833
2023-01-21,4.274852585538548
2023-01-22,4.366763869522862
2023-01-23,4.061531393131379
2023-01-24,4.297349943119148
2023-01-25,3.6714436048916124
2023-01-26,4.221781829148248
2023-01-27,3.92268730383828
2023-01-28,4.479735453336867
2023-01-29,4.383909359606027
2023-01-30,4.311793161465793
2023-01-31,4.512833977525061
2023-02-01,4.009168797674882
2023-02-02,4.538892582475349
2023-02-03,4.366477392686844
2023-02-04,4.123501234975828
2023-02-05,4.388866344179617
2023-02-06,3.9315731319528076
2023-02-07,3.979180659558019
2023-02-08,4.013781934703054
2023-02-09,4.02128799879429
2023-02-10,3.9075254404226696
2023-02-11,4.355379222110029
2023-02-12,4.051091972089072
2023-02-13,4.165641033930668
2023-02-14,3.973526188132827
2023-02-15,3.716113690847364
2023-02-16,4.127067362114306
2023-02-17,3.6836122119012478
2023-02-18,4.045531563470536
2023-02-19,3.7789803961960042
2023-02-20,4.443675460814171
2023-02-21,4.222263391454793
2023-02-22,4.055107766282177
2023-02-23,4.280861867479753
2023-02-24,3.8532199527633395
2023-02-25,4.125742403163357
2023-02-26,4.051774367199198
2023-02-27,4.059585974621914
2023-02-28,4.256427751742869
2023-03-01,4.1438374108343865
2023-03-02,4.050673875022189
2023-03-03,3.6577513277452125
2023-03-04,3.7927299934712733
2023-03-05,3.9564198505403834
2023-03-06,3.996071563432219
2023-03-07,3.748005917797167
2023-03-08,4.4532466876438885
2023-03-09,4.2712708980764384
2023-03-10,4.08571339534438
2023-03-11,3.9772124582717625
2023-03-12,3.9180970935468973
2023-03-13,3.7681081153212976
2023-03-14,3.9721605557086814
2023-03-15,4.00660787107799
2023-03-16,3.705318901578152
2023-03-17,4.019341107133352
2023-03-18,3.9205103195860063
2023-03-19,3.5692787017357466
2023-03-20,3.778263287328582
2023-03-21,3.867341399324618
2023-03-22,4.327544476665896
2023-03-23,4.061484248421833
2023-03-24,3.683466177750259
2023-03-25,4.048380692016854
2023-03-26,3.6425454723812107
2023-03-27,4.16959896366703
2023-03-28,3.8601116394659605
2023-03-29,3.937106105188717
2023-03-30,4.222709958192923
2023-03-31,3.7020552044876602
2023-04-01,3.6822210004133327
2023-04-02,3.847300282027092
2023-04-03,4.174289514074621
2023-04-04,3.6655554435253164
2023-04-05,3.406020938989256
2023-04-06,3.885463275077059
2023-04-07,4.089500822077959
2023-04-08,4.222876230003837
2023-04-09,3.8940753403615553
2023-04-10,3.9085173880064428
2023-04-11,4.225888103394728
2023-04-12,3.625673738443722
2023-04-13,3.926639582279001
2023-04-14,4.047356312197536
2023-04-15,4.104247753118007
2023-04-16,3.9177783017598466
2023-04-17,4.032165050101986
2023-04-18,3.533348519472741
2023-04-19,3.9052996850757076
2023-04-20,4.1337829636527115
2023-04-21,3.852948927101866
2023-04-22,4.067723875611067
2023-04-23,4.152011681514894
2023-04-24,4.001026355602588
2023-04-25,4.1107147844249585
2023-04-26,3.891346071966267
2023-04-27,4.05002344980527
2023-04-28,4.221022417786838
2023-04-29,4.138185349626104
2023-04-30,3.9974718577841317
2023-05-01,4.1677821606952055
2023-05-02,4.2741926017684015
2023-05-03,3.729782678512088
2023-05-04,4.380252045768191
2023-05-05,4.0900160235418515
2023-05-06,4.251355519936715
2023-05-07,4.414855639440311
2023-05-08,3.910375685136157
2023-05-09,4.052279085389781
2023-05-10,4.146064297143151
2023-05-11,4.056777124998879
2023-05-12,4.570413089499729
2023-05-13,4.0621105199039915
2023-05-14,4.132532991516282
2023-05-15,4.294832791100023
2023-05-16,4.023969889694431
2023-05-17,4.195837540430409
2023-05-18,4.349164167374321
2023-05-19,4.229924040469773
2023-05-20,4.2887609226958485
2023-05-21,4.212630369621248
2023-05-22,4.026774275543864
2023-05-23,4.405268262181007
2023-05-24,4.70332391115231
2023-05-25,4.36750831985138
2023-05-26,4.420471129036686
2023-05-27,4.5256493490641345
2023-05-28,4.145017908786181
2023-05-29,4.751255376943216
2023-05-30,4.4631723521165565
2023-05-31,4.761114288185543
2023-06-01,4.3002512261996175
2023-06-02,4.822660138242291
2023-06-03,4.62634018031474
2023-06-04,4.594246192510014
2023-06-05,4.54283627272005
2023-06-06,4.45877930504797
2023-06-07,4.761101757190312
2023-06-08,4.561630839216486
2023-06-09,4.152757684381105
2023-06-10,4.335392675276166
2023-06-11,4.534360991425343
2023-06-12,4.6462681811349
2023-06-13,4.585723223135072
2023-06-14,4.853638124284219
2023-06-15,4.232453354106699
2023-06-16,4.664243988247947
2023-06-17,4.284802334820829
2023-06-18,4.813227708679394
2023-06-19,4.65529204839454
2023-06-20,4.771011977287948
2023-06-21,4.527223407882047
2023-06-22,4.968803003448426
2023-06-23,4.93416114152883
2023-06-24,4.855423611019818
2023-06-25,4.725698370729052
2023-06-26,4.880445056112111
2023-06-27,4.635947759488106
2023-06-28,4.961267165478658
2023-06-29,5.132855257949733
2023-06-30,5.029853727494048
2023-07-01,4.682549364174626
2023-07-02,4.913453495837055
2023-07-03,4.595200066149735
2023-07-04,4.98091919698826
2023-07-05,4.96912525707697
2023-07-06,4.5175517034307076
2023-07-07,4.671611849368107
2023-07-08,4.859734045311704
2023-07-09,4.868518969064052
2023-07-10,4.699056859185513
2023-07-11,5.030937920566022
2023-07-12,5.015551813420381
2023-07-13,4.938439580772302
2023-07-14,4.838089254651033
2023-07-15,5.210857417187793
2023-07-16,5.343976624576897
2023-07-17,4.927869397643517
2023-07-18,4.913738622874344
2023-07-19,5.145904236259538
2023-07-20,4.987444504137444
2023-07-21,5.042452222487336
2023-07-22,5.229433838234012
2023-07-23,4.7106904880227045
2023-07-24,5.367164343624259
2023-07-25,5.128862589741583
2023-07-26,5.042727688305903
2023-07-27,5.117753374246061
2023-07-28,5.138530886224676
2023-07-29,4.81011739189736
2023-07-30,5.4655227068212975
2023-07-31,5.184839352121757
2023-08-01,5.275072596865711
2023-08-02,5.386535917796517
2023-08-03,5.001600222612649
2023-08-04,5.309983955224796
2023-08-05,5.1710655271089765
2023-08-06,5.40309662175463
2023-08-07,4.817287544651635
2023-08-08,5.231743907174735
2023-08-09,5.139664934615625
2023-08-10,5.355181946485753
2023-08-11,5.3710699576365935
2023-08-12,5.143696709338676
2023-08-13,5.150774469732374
2023-08-14,5.278887742419542
2023-08-15,5.1293258487924795
2023-08-16,5.484504154067237
2023-08-17,5.249536529684867
2023-08-18,4.749066160361531
2023-08-19,5.262398407321285
2023-08-20,5.136364204538058
2023-08-21,5.024337102955008
2023-08-22,5.109433451213667
2023-08-23,5.384932326824116
2023-08-24,5.634714175494308
2023-08-25,5.437360047012178
2023-08-26,5.25895968195883
2023-08-27,5.476776830173141
2023-08-28,5.298910403743678
2023-08-29,5.256736188851769
2023-08-30,5.169505387970597
2023-08-31,5.054526282106078
2023-09-01,5.331212549258468
2023-09-02,5.444903085205392
2023-09-03,5.397851385940952
2023-09-04,5.337653952314754
2023-09-05,5.235155741101785
2023-09-06,5.549197179725624
2023-09-07,5.1671489573899985
2023-09-08,5.588591838897938
2023-09-09,5.235536448918363
2023-09-10,5.287868315093462
2023-09-11,5.147155043672354
2023-09-12,5.342168941938388
2023-09-13,5.639229148759045
2023-09-14,5.548789047859255
2023-09-15,5.6426236695159915
2023-09-16,5.552422239017904
2023-09-17,5.228092600160599
2023-09-18,5.3832796635642515
2023-09-19,5.293786550661426
2023-09-20,5.716108035609951
2023-09-21,5.210579764705791
2023-09-22,5.6283992483933405
2023-09-23,5.627750560710529
2023-09-24,5.814361910992262
2023-09-25,5.365556857789728
2023-09-26,5.588793415241556
2023-09-27,5.9012730042583295
2023-09-28,5.319807212608352
2023-09-29,5.134500143167784
2023-09-30,5.0634591056913205
2023-10-01,5.579737319757253
2023-10-02,5.058080227122401
2023-10-03,5.357544102386692
2023-10-04,5.516551284879588
2023-10-05,5.462988444634031
2023-10-06,5.507691884259946
2023-10-07,5.463496333900643
2023-10-08,5.671033910135512
2023-10-09,5.22080790886137
2023-10-10,5.27167182985111
2023-10-11,5.248129120667409
2023-10-12,5.564081310651007
2023-10-13,5.573297759323832
2023-10-14,5.4784327834082465
2023-10-15,5.619652205948648
2023-10-16,5.141908678268237
2023-10-17,5.705324290361409
2023-10-18,5.6706907163145726
2023-10-19,5.507133552429301
2023-10-20,5.710139520786203
2023-10-21,5.016031954501879
2023-10-22,5.23585200005984
2023-10-23,5.186876100878407
2023-10-24,5.471239974315447
2023-10-25,5.1097375011225035
2023-10-26,5.4639025684519344
2023-10-27,5.578967188540052
2023-10-28,5.436177727853761
2023-10-29,5.345987596041337
2023-10-30,5.083588362845131
2023-10-31,5.103546266367834
2023-11-01,5.51442390170834
2023-11-02,5.411786308917514
2023-11-03,5.239364261689357
2023-11-04,5.154675776103794
2023-11-05,4.824026132958108
2023-11-06,5.005790436428345
2023-11-07,5.592863874535707
2023-11-08,4.944956783959657
2023-11-09,5.22926323215103
2023-11-10,5.383029829566462
2023-11-11,4.920587577346417
2023-11-12,5.198405544928713
2023-11-13,5.338801154920823
2023-11-14,5.143338803600805
2023-11-15,5.704009812061598
2023-11-16,4.785972095031994
2023-11-17,5.320676034882265
2023-11-18,5.063487188642157
2023-11-19,5.241430824229225
2023-11-20,5.164192790424181
2023-11-21,4.918073290909518
2023-11-22,5.0991689092472665
2023-11-23,4.6703497298516865
2023-11-24,5.15103858837715
2023-11-25,5.07838194817527
2023-11-26,5.134749002840337
2023-11-27,5.20681637250978
2023-11-28,5.056804941944916
2023-11-29,5.00090318200698
2023-11-30,4.782995567170792
2023-12-01,4.804612208938588
2023-12-02,5.172177204737337
2023-12-03,5.2098016955963145
2023-12-04,4.862550919137001
2023-12-05,4.90694966899666
2023-12-06,4.704343760361949
2023-12-07,5.107280621726448
2023-12-08,4.993224051318204
2023-12-09,5.235748154637932
2023-12-10,4.659160323858225
2023-12-11,4.746503679900245
2023-12-12,4.855638582195021
2023-12-13,4.92585904063459
2023-12-14,4.740610727831744
2023-12-15,4.59631034427216
2023-12-16,4.9343213652098115
2023-12-17,4.889387030533461
2023-12-18,4.5490118546406535
2023-12-19,4.990452390391449
2023-12-20,4.940494989505837
2023-12-21,4.720404051783042
2023-12-22,4.696555742304858
2023-12-23,4.778544879469783
2023-12-24,4.482499427924404
2023-12-25,4.647966436407719
2023-12-26,4.198620728715264
2023-12-27,4.791546873759316
2023-12-28,4.291140222422192
2023-12-29,4.891334567995894
2023-12-30,4.511870721502823
2023-12-31,4.522841664319594
2024-01-01,4.5769485514379165
2024-01-02,4.632251538635737
2024-01-03,4.960977016356647
2024-01-04,4.167171633332282
2024-01-05,4.907643957671632
2024-01-06,4.70743168982093
2024-01-07,4.386061055973438
2024-01-08,4.400107240688282
2024-01-09,4.938222243773242
2024-01-10,4.4016893895084035
2024-01-11,4.348044599833481
2024-01-12,4.794181934569972
2024-01-13,4.622517867764833
2024-01-14,4.355397915581004
2024-01-15,4.574574740103758
2024-01-16,4.314460375009073
2024-01-17,4.728234259553177
2024-01-18,4.708904562219228
2024-01-19,4.591696709432871
2024-01-20,4.546400852165071
2024-01-21,4.815190831711584
2024-01-22,4.4518897293561945
2024-01-23,4.204694846010351
2024-01-24,4.520202835758829
2024-01-25,4.836880208979179
2024-01-26,4.206209162143474
2024-01-27,4.326489399242511
2024-01-28,4.471825757647794
2024-01-29,4.3676469192519765
2024-01-30,4.171998248997114
2024-01-31,4.583004303339281
2024-02-01,4.812960246243301
2024-02-02,4.378646234697019
2024-02-03,4.149225421887566
2024-02-04,4.011020187408921
2024-02-05,4.363337510987264
2024-02-06,4.523607303098386
2024-02-07,4.3891170411626295
2024-02-08,4.285019111167223
2024-02-09,4.159229210049231
2024-02-10,4.050404242431101
2024-02-11,4.42771287395594
2024-02-12,4.435617176440155
2024-02-13,3.9359940829211446
2024-02-14,4.555564257051699
2024-02-15,4.345048595135868
2024-02-16,4.50297481946518
2024-02-17,3.9476376572881793
2024-02-18,3.9360935416045417
2024-02-19,4.172849542009106
2024-02-20,4.296777146347047
2024-02-21,4.549263011605241
2024-02-22,4.325172790790907
2024-02-23,4.129584276586412
2024-02-24,3.9672093067233076
2024-02-25,4.4130466419731675
2024-02-26,3.9688711953053115
2024-02-27,4.482475669309644
2024-02-28,4.095080121800214
2024-02-29,4.465455404801996
2024-03-01,4.27871540046904
2024-03-02,4.111329717102379
2024-03-03,4.030859978161939
2024-03-04,4.062780061790311
2024-03-05,4.213060427051936
2024-03-06,4.139477961975495
2024-03-07,4.002149070914463
2024-03-08,4.084865804962197
2024-03-09,4.131005137209712
2024-03-10,3.68705826713205
2024-03-11,4.202172510484866
2024-03-12,3.9125475623823824
2024-03-13,3.8759979713637596
2024-03-14,3.7675884936272968
2024-03-15,3.744892517100898
2024-03-16,3.831416323061914
2024-03-17,3.959757937824857
2024-03-18,4.491492040816539
2024-03-19,3.995164354305441
2024-03-20,4.135612527262553
2024-03-21,4.180103222499123
2024-03-22,4.126386660758251
2024-03-23,4.085073799425039
2024-03-24,3.8621146814134777
2024-03-25,4.392191779824725
2024-03-26,4.464500081617193
2024-03-27,3.7678048310049985
2024-03-28,3.901027624759275
2024-03-29,4.051588560209083
2024-03-30,3.916580359222471
2024-03-31,4.212837748127104
2024-04-01,3.96836570681497
2024-04-02,4.549624957432077
2024-04-03,4.3575343774894035
2024-04-04,4.164966864737812
2024-04-05,4.331092299422805
2024-04-06,4.350332746967236
2024-04-07,4.020034382444422
2024-04-08,3.9734641638702413
2024-04-09,4.156431322023573
2024-04-10,4.317435181443167
2024-04-11,4.177434158113489
2024-04-12,3.8389444408774027
2024-04-13,3.998706645422355
2024-04-14,4.149609436142124
2024-04-15,4.154606519532856
2024-04-16,4.569785283118779
2024-04-17,3.9038164016755386
2024-04-18,4.288067215909652
2024-04-19,4.490903842807475
2024-04-20,4.653697683037361
2024-04-21,4.125047546656355
2024-04-22,4.310923071898394
2024-04-23,4.33348826721387
2024-04-24,4.265718376536302
2024-04-25,4.214123544775328
2024-04-26,4.328540783644488
2024-04-27,3.7425299668250553
2024-04-28,4.3932046554449435
2024-04-29,4.290013692429311
2024-04-30,4.228443900481394
2024-05-01,4.690643082784989
2024-05-02,4.154784130469473
2024-05-03,4.217822034964005
2024-05-04,4.705577631719012
2024-05-05,4.149845272318697
2024-05-06,4.2153831981239565
2024-05-07,4.30530533989608
2024-05-08,4.5123141823012
2024-05-09,4.395334537788954
2024-05-10,4.105002759793312
2024-05-11,4.266992061706929
2024-05-12,4.261994052026907
2024-05-13,4.378198138369046
2024-05-14,4.489123716505393
2024-05-15,4.498040946087243
2024-05-16,4.069771331971981
2024-05-17,4.648461712636456
2024-05-18,4.497009890545599
2024-05-19,4.734344703994618
2024-05-20,4.557336457569055
2024-05-21,4.699932928927169
2024-05-22,4.584258682203184
2024-05-23,4.771582448063411
2024-05-24,4.618278120898248
2024-05-25,4.505835256298595
2024-05-26,4.991591742130138
2024-05-27,4.726691432551498
2024-05-28,4.675501329518177
2024-05-29,4.317445709524328
2024-05-30,4.327081384875013
2024-05-31,4.655400921732785
2024-06-01,4.638151993284374
2024-06-02,4.49848456850612
2024-06-03,4.661834715261955
2024-06-04,4.96375676745814
2024-06-05,4.797565523572919
2024-06-06,4.442793723544989
2024-06-07,4.661257099818287
2024-06-08,4.535178328928023
2024-06-09,4.631289984335854
2024-06-10,4.638807008737963
2024-06-11,4.638739267980988
2024-06-12,4.496013846520372
2024-06-13,4.7343130300218474
2024-06-14,4.660552199544961
2024-06-15,4.199636662946461
2024-06-16,5.208992584798592
2024-06-17,5.029039180425893
2024-06-18,4.748923646297941
2024-06-19,4.840853792831243
2024-06-20,4.615669130536487
2024-06-21,5.202054592679049
2024-06-22,5.255273947671681
2024-06-23,4.920053496066745
2024-06-24,5.106307948938809
2024-06-25,4.94953095483987
2024-06-26,4.65998118531039
2024-06-27,4.857791359881783
2024-06-28,4.97934467243934
2024-06-29,4.874822071749522
2024-06-30,4.934739202649101
2024-07-01,4.97289012088061
2024-07-02,4.987652675328372
2024-07-03,5.026892832852621
2024-07-04,4.816883561225142
2024-07-05,4.898111741511553
2024-07-06,4.797051765010585
2024-07-07,5.261924934597696
2024-07-08,4.657561530124152
2024-07-09,5.321670314932658
2024-07-10,5.380412054148153
2024-07-11,5.054820974235754
2024-07-12,4.606665989602544
2024-07-13,5.066985442289247
2024-07-14,5.138279159646715
2024-07-15,4.960775557973455
2024-07-16,5.071538015651175
2024-07-17,5.492211046077978
2024-07-18,5.330648135637486
2024-07-19,5.024137557211222
2024-07-20,4.900811828700896
2024-07-21,5.166099744367124
2024-07-22,5.199870349654074
2024-07-23,5.352743716126388
2024-07-24,5.157263142362183
2024-07-25,5.377326232290709
2024-07-26,5.6726310131023965
2024-07-27,5.459145219709425
2024-07-28,5.296739951120189
2024-07-29,5.279904967119992
2024-07-30,5.2552395988316585
2024-07-31,5.572600353266664
2024-08-01,5.220763274491448
2024-08-02,5.364877255924705
2024-08-03,5.375529155793966
2024-08-04,5.274236906726428
2024-08-05,5.109249357134511
2024-08-06,5.4573279294454675
2024-08-07,5.389361972851912
2024-08-08,5.51027715965973
2024-08-09,5.312009295071088
2024-08-10,5.671225379925563
2024-08-11,5.259867132060712
2024-08-12,5.785617299371161
2024-08-13,5.101493514165354
2024-08-14,5.545608307166899
2024-08-15,5.561193551482135
2024-08-16,5.31426655618618
2024-08-17,5.565342591798061
2024-08-18,5.743266552597677
2024-08-19,5.050709200836039
2024-08-20,5.6011412275453605
2024-08-21,5.008264614792167
2024-08-22,5.319917671752881
2024-08-23,5.84481928282485
2024-08-24,5.408366745560771
2024-08-25,5.295484366720182
2024-08-26,5.4960084453420635
2024-08-27,5.954309733420186
2024-08-28,5.1793198132431915
2024-08-29,5.3401159392893245
2024-08-30,5.854378380092347
2024-08-31,5.930737759277903
2024-09-01,5.542606142363308
2024-09-02,5.3193655794386
2024-09-03,5.990016038266057
2024-09-04,5.89319343159098
2024-09-05,5.713337338941077
2024-09-06,5.418094871591832
2024-09-07,5.573580387961635
2024-09-08,5.553907836494741
2024-09-09,5.654525623487184
2024-09-10,5.880712369421757
2024-09-11,5.7683327795429955
2024-09-12,5.378691441666497
2024-09-13,5.870962720174371
2024-09-14,5.659565675113016
2024-09-15,5.735406889002899
2024-09-16,5.892134737722394
2024-09-17,5.377121458527052
2024-09-18,5.5926612607436255
2024-09-19,5.493702144530299
2024-09-20,5.286365608917962
2024-09-21,5.669001706036502
2024-09-22,6.0
2024-09-23,5.230422321747893
2024-09-24,5.591038054105733
2024-09-25,5.724437570340478
2024-09-26,5.619558277281796
2024-09-27,5.570709937491943
2024-09-28,5.33166491998509
2024-09-29,5.636018461060905
2024-09-30,5.4358421185818
2024-10-01,5.146725927738406
2024-10-02,5.820926357077022
2024-10-03,5.770765811440205
2024-10-04,5.586285532638264
2024-10-05,5.618417849064252
2024-10-06,5.783901965283585
2024-10-07,5.610128678828451
2024-10-08,5.74207469596139
2024-10-09,5.497574417368045
2024-10-10,5.815057757436363
2024-10-11,5.61220009346502
2024-10-12,5.582028430365995
2024-10-13,5.284175501802139
2024-10-14,5.590344643431004
2024-10-15,5.361125868244623
2024-10-16,5.394222922745483
2024-10-17,5.352967866308895
2024-10-18,5.296762166600306
2024-10-19,5.9287340196353835
2024-10-20,5.763624408435113
2024-10-21,5.874815127741222
2024-10-22,5.239357789103684
2024-10-23,5.491194859546155
2024-10-24,5.211064124002113
2024-10-25,5.323264563145024
2024-10-26,5.271234563057393
2024-10-27,5.695053949125274
2024-10-28,5.359991455688683
2024-10-29,5.6448388977640835
2024-10-30,5.54374063751061
2024-10-31,5.8752278710699635
2024-11-01,5.110027663508501
2024-11-02,5.649014813522225
2024-11-03,5.617545859337116
2024-11-04,5.184511939974977
2024-11-05,5.571387587459864
2024-11-06,5.427809049713008
2024-11-07,5.305552646169469
2024-11-08,5.1765801705124135
2024-11-09,5.187719144637585
2024-11-10,5.731534530104061
2024-11-11,5.311600013763992
2024-11-12,5.457644047724983
2024-11-13,5.132659062885844
2024-11-14,5.124358611683915
2024-11-15,5.486088908657621
2024-11-16,4.989015086595182
2024-11-17,5.165004782540395
2024-11-18,5.2438522754763355
2024-11-19,5.248205880452342
2024-11-20,5.178885873328285
2024-11-21,5.282533586974583
2024-11-22,5.330501171294906
2024-11-23,5.327316597354737
2024-11-24,4.9715894932436
2024-11-25,5.100185949525956
2024-11-26,5.384145279867737
2024-11-27,5.312210411417748
2024-11-28,4.846713407751113
2024-11-29,5.17950521457349
2024-11-30,4.701411311793436
2024-12-01,5.094217261113944
2024-12-02,5.452088017804313
2024-12-03,4.870594462945614
2024-12-04,4.880884510447689
2024-12-05,5.188072591675273
2024-12-06,4.71416894963103
2024-12-07,4.88358968060284
2024-12-08,5.116792894861533
2024-12-09,4.85796776975629
2024-12-10,4.924911262261693
2024-12-11,5.1081865397529125
2024-12-12,5.030870349796747
2024-12-13,4.987107934600351
2024-12-14,4.8530781065088915
2024-12-15,4.982052082478888
2024-12-16,4.870413422004393
2024-12-17,4.973827796738554
2024-12-18,4.769977425146753
2024-12-19,4.819941452790608
2024-12-20,4.645553193823082
2024-12-21,4.823634647828403
2024-12-22,4.6555331525208326
2024-12-23,4.582030751943257
2024-12-24,4.84369237014598
2024-12-25,4.821645392808632
2024-12-26,4.922830491648443
2024-12-27,4.667213752995544
2024-12-28,4.822261171677445
2024-12-29,4.838054254750845
2024-12-30,4.804129822272147
2024-12-31,4.537364596094389
