Date,Conductivity (Âµmho/cm)
2020-01-01,352.5667485202168
2020-01-02,348.9706556081492
2020-01-03,352.48080093473817
2020-01-04,356.43959477001675
2020-01-05,347.23759580818313
2020-01-06,346.8235483352737
2020-01-07,355.47824359569967
2020-01-08,351.0094976223689
2020-01-09,344.417416014712
2020-01-10,349.0724924011615
2020-01-11,343.6400682676935
2020-01-12,343.2286521020496
2020-01-13,346.3700544414185
2020-01-14,335.19969980632044
2020-01-15,335.750402338196
2020-01-16,341.17559274503276
2020-01-17,338.5381770606164
2020-01-18,344.7922489711298
2020-01-19,338.3030619446767
2020-01-20,335.4074361571791
2020-01-21,349.42668406921143
2020-01-22,340.60286729351895
2020-01-23,341.7066300599234
2020-01-24,333.8865275086783
2020-01-25,337.933779679766
2020-01-26,340.8599816412375
2020-01-27,334.20443053226546
2020-01-28,341.49637509264517
2020-01-29,336.2777361855101
2020-01-30,337.49016342011953
2020-01-31,335.6125580086259
2020-02-01,347.55979431720635
2020-02-02,337.9131786393849
2020-02-03,332.3794146830461
2020-02-04,341.4731343078365
2020-02-05,330.9538589082458
2020-02-06,337.8053791228616
2020-02-07,326.6710991093862
2020-02-08,329.5423990672076
2020-02-09,336.88709085958203
2020-02-10,339.320231865801
2020-02-11,336.215595028982
2020-02-12,334.51718699349345
2020-02-13,333.33248286402994
2020-02-14,327.19393876201497
2020-02-15,330.74192398992875
2020-02-16,331.7986691597351
2020-02-17,339.15438469726803
2020-02-18,335.3600372040966
2020-02-19,324.60624602193855
2020-02-20,334.82776187924094
2020-02-21,331.07428349858003
2020-02-22,329.4139569327329
2020-02-23,335.6623991758316
2020-02-24,337.57110255436265
2020-02-25,336.89128484322555
2020-02-26,327.864321732402
2020-02-27,330.3466700659166
2020-02-28,333.3882188810683
2020-02-29,336.455691978226
2020-03-01,329.035100226013
2020-03-02,330.3626656163766
2020-03-03,325.6263002142087
2020-03-04,325.05102145491423
2020-03-05,334.97586539786727
2020-03-06,337.5827555672525
2020-03-07,330.3369944763718
2020-03-08,335.6174007236509
2020-03-09,332.3178378341009
2020-03-10,327.2012374274748
2020-03-11,332.1582742784463
2020-03-12,337.9732430765213
2020-03-13,330.0430182046139
2020-03-14,337.9917970473847
2020-03-15,317.02364170203384
2020-03-16,334.1930399780219
2020-03-17,330.487306319556
2020-03-18,328.53297035804485
2020-03-19,330.4701468654936
2020-03-20,320.0642389606271
2020-03-21,328.9018720674077
2020-03-22,331.79135030806145
2020-03-23,337.4082199427155
2020-03-24,327.4477633797427
2020-03-25,326.0244076578302
2020-03-26,327.5932398783978
2020-03-27,334.72156291616153
2020-03-28,331.8382003128501
2020-03-29,327.602886603981
2020-03-30,332.88260110571713
2020-03-31,330.8735423279379
2020-04-01,335.31056319587424
2020-04-02,327.0435259929718
2020-04-03,329.0091778877007
2020-04-04,328.7878611880516
2020-04-05,323.53892681796805
2020-04-06,332.4523567885154
2020-04-07,332.3994056961018
2020-04-08,331.2491543758335
2020-04-09,330.1871546474457
2020-04-10,324.42674484120056
2020-04-11,329.5508426656001
2020-04-12,330.0978853278862
2020-04-13,327.96433146097604
2020-04-14,331.3403717370366
2020-04-15,334.3449089640068
2020-04-16,341.9401577647466
2020-04-17,333.5733554026705
2020-04-18,334.18606420502977
2020-04-19,332.7304777925631
2020-04-20,323.71973505526483
2020-04-21,333.39833166585885
2020-04-22,334.05572376151696
2020-04-23,346.3007504215645
2020-04-24,333.2589295169492
2020-04-25,335.97082287910774
2020-04-26,334.53796467628973
2020-04-27,329.12258260753543
2020-04-28,340.94047265365566
2020-04-29,339.25226888666447
2020-04-30,339.7197890631168
2020-05-01,331.49541751406224
2020-05-02,343.3396693622666
2020-05-03,329.6053191119389
2020-05-04,339.8431845116035
2020-05-05,348.1608625720055
2020-05-06,332.56086019805537
2020-05-07,334.99219217139444
2020-05-08,338.6371663546146
2020-05-09,335.94175627336205
2020-05-10,331.0309438187948
2020-05-11,339.4570073517757
2020-05-12,334.13731272034784
2020-05-13,342.15604040029774
2020-05-14,335.5347116548119
2020-05-15,348.2296651887427
2020-05-16,336.9161896310409
2020-05-17,339.5788095897811
2020-05-18,345.61745679839083
2020-05-19,335.7602882336915
2020-05-20,343.42052607671803
2020-05-21,349.1913250174127
2020-05-22,334.99423782429915
2020-05-23,344.3344125200902
2020-05-24,345.09368042773184
2020-05-25,348.08972454512576
2020-05-26,338.3854063803017
2020-05-27,338.3605172044293
2020-05-28,347.9681226719943
2020-05-29,347.2418097938991
2020-05-30,347.41056119732013
2020-05-31,348.294168557632
2020-06-01,343.5681348497984
2020-06-02,348.5382378693978
2020-06-03,349.2533015444782
2020-06-04,344.62928897151556
2020-06-05,357.94504017781907
2020-06-06,351.4023454544102
2020-06-07,343.4954446888826
2020-06-08,353.15515554645367
2020-06-09,345.4209239027823
2020-06-10,354.6530944141753
2020-06-11,356.93525737843
2020-06-12,347.46461910540984
2020-06-13,356.8116795237378
2020-06-14,354.48636219849664
2020-06-15,356.9611808315363
2020-06-16,362.76390424321175
2020-06-17,352.4825677394043
2020-06-18,350.37077888764395
2020-06-19,350.1220939479765
2020-06-20,350.9209485751728
2020-06-21,355.04482535682536
2020-06-22,357.56630016465186
2020-06-23,357.6739456772314
2020-06-24,360.8559769152381
2020-06-25,357.2141294278257
2020-06-26,364.84521282197244
2020-06-27,356.681916956294
2020-06-28,372.0328151357797
2020-06-29,361.98605725543206
2020-06-30,354.99654082245553
2020-07-01,354.35120525577554
2020-07-02,362.5399745729314
2020-07-03,359.43072389847487
2020-07-04,364.5368216206092
2020-07-05,363.7500205007724
2020-07-06,361.43480937506826
2020-07-07,357.9780922316732
2020-07-08,355.0487944929779
2020-07-09,360.799166781974
2020-07-10,367.7200664614702
2020-07-11,364.9123717750603
2020-07-12,358.01441967870693
2020-07-13,365.5074897853461
2020-07-14,366.9637866287935
2020-07-15,361.0105528843023
2020-07-16,366.5880153434884
2020-07-17,366.4967771357403
2020-07-18,360.8739052834182
2020-07-19,368.75728280463613
2020-07-20,370.1483113858406
2020-07-21,373.13202981217904
2020-07-22,373.3544004443133
2020-07-23,361.56178244867203
2020-07-24,364.1217576296149
2020-07-25,371.74272024332123
2020-07-26,372.0889365909061
2020-07-27,372.44340560554934
2020-07-28,389.47557920615174
2020-07-29,373.4056212644875
2020-07-30,376.5636357231574
2020-07-31,375.98574784334056
2020-08-01,374.79782171258597
2020-08-02,370.2847442476219
2020-08-03,375.97116528305804
2020-08-04,368.62233210360336
2020-08-05,371.60732252334435
2020-08-06,370.6642832182523
2020-08-07,373.79479627103126
2020-08-08,385.24759502578144
2020-08-09,364.6213192490053
2020-08-10,377.666671623971
2020-08-11,366.4438169208211
2020-08-12,372.4139820899723
2020-08-13,380.47878018920375
2020-08-14,375.60987657066136
2020-08-15,370.1481899429138
2020-08-16,372.2027471128454
2020-08-17,379.41344888553533
2020-08-18,372.5935941296025
2020-08-19,377.551391904805
2020-08-20,376.914268067759
2020-08-21,373.639290890577
2020-08-22,387.8214081952107
2020-08-23,380.46912877307875
2020-08-24,367.3650588080181
2020-08-25,378.607616893913
2020-08-26,374.5442673807914
2020-08-27,382.286448866897
2020-08-28,374.22593839731644
2020-08-29,377.7722485132386
2020-08-30,381.02133784344966
2020-08-31,382.96868565652915
2020-09-01,372.77493087209996
2020-09-02,377.2333644855929
2020-09-03,376.6535180410027
2020-09-04,375.87685227850284
2020-09-05,388.07886924769315
2020-09-06,381.37741993411527
2020-09-07,373.1417887659662
2020-09-08,384.1219714920641
2020-09-09,390.2226264038655
2020-09-10,384.8460623626054
2020-09-11,372.15146254741376
2020-09-12,377.38438487111705
2020-09-13,386.19000341828195
2020-09-14,376.3596275755856
2020-09-15,382.152221468435
2020-09-16,383.8340557960358
2020-09-17,375.3465979231017
2020-09-18,379.6965857691883
2020-09-19,363.79343179305937
2020-09-20,374.875978259697
2020-09-21,378.7258162602181
2020-09-22,373.7330769798016
2020-09-23,388.109985541293
2020-09-24,372.76576565405105
2020-09-25,377.6774103440325
2020-09-26,380.4851241181158
2020-09-27,386.9842180451669
2020-09-28,372.53762899991136
2020-09-29,385.46452250987056
2020-09-30,379.62432910459745
2020-10-01,374.5827990358975
2020-10-02,381.71078113712554
2020-10-03,380.2982533935939
2020-10-04,376.1973601898077
2020-10-05,379.4357741390538
2020-10-06,377.0413774403736
2020-10-07,379.4096116420174
2020-10-08,382.01969287290956
2020-10-09,386.4991126654873
2020-10-10,372.2329561632515
2020-10-11,388.93326514923086
2020-10-12,368.34682905721485
2020-10-13,377.1806651763069
2020-10-14,380.7067017847783
2020-10-15,378.98885439679225
2020-10-16,374.28248466926976
2020-10-17,376.1608218139509
2020-10-18,374.5353004260442
2020-10-19,373.84583418301196
2020-10-20,380.8265636863529
2020-10-21,378.1431316735709
2020-10-22,372.6666784575233
2020-10-23,380.3961363626322
2020-10-24,377.1953525724808
2020-10-25,379.4777618803427
2020-10-26,378.3101428676417
2020-10-27,370.759596539955
2020-10-28,371.840341175983
2020-10-29,378.10856905979233
2020-10-30,377.14906664693086
2020-10-31,373.7121627184795
2020-11-01,374.1171871877588
2020-11-02,379.6272633311043
2020-11-03,369.9840658977199
2020-11-04,375.3750771585296
2020-11-05,371.32106741000496
2020-11-06,370.93092922078927
2020-11-07,377.1954808652743
2020-11-08,375.50599067516725
2020-11-09,375.1189160109173
2020-11-10,377.2464644006675
2020-11-11,370.487134207247
2020-11-12,373.45036643709784
2020-11-13,368.1432975243446
2020-11-14,370.9651384600503
2020-11-15,368.339016288416
2020-11-16,369.11599078847985
2020-11-17,371.2440363312329
2020-11-18,363.81045635922897
2020-11-19,377.9929817145717
2020-11-20,362.1267307702187
2020-11-21,360.70804462790795
2020-11-22,372.18822170521184
2020-11-23,369.9712830785771
2020-11-24,368.7456075844996
2020-11-25,368.375626516712
2020-11-26,364.7785230521771
2020-11-27,359.95642727267
2020-11-28,364.42186605921285
2020-11-29,360.25449925920776
2020-11-30,368.110810722702
2020-12-01,362.092389115885
2020-12-02,358.2903344978747
2020-12-03,360.39883767171546
2020-12-04,363.6562945895783
2020-12-05,358.3569317480035
2020-12-06,356.6465397779331
2020-12-07,361.55645894345446
2020-12-08,361.14165510038305
2020-12-09,356.9594487662834
2020-12-10,356.7149837953713
2020-12-11,359.80522960978504
2020-12-12,350.9782827288279
2020-12-13,350.7541563061596
2020-12-14,353.7711976391678
2020-12-15,355.8674262222773
2020-12-16,358.05986976213484
2020-12-17,363.452336909861
2020-12-18,359.9337591216884
2020-12-19,354.4154822724001
2020-12-20,354.68974403826934
2020-12-21,349.3418921711326
2020-12-22,353.8318784949248
2020-12-23,352.0513748712545
2020-12-24,354.67893082085385
2020-12-25,348.50042653680845
2020-12-26,354.8052573931635
2020-12-27,359.44499012869835
2020-12-28,350.8112193347188
2020-12-29,352.9383832870318
2020-12-30,353.9565553154165
2020-12-31,348.0770753957314
2021-01-01,360.2036401642127
2021-01-02,358.72493911791406
2021-01-03,358.7307387369789
2021-01-04,353.9593965686993
2021-01-05,357.53091355309454
2021-01-06,359.48422457624685
2021-01-07,363.8378975571379
2021-01-08,360.96867810703037
2021-01-09,366.53070023194454
2021-01-10,351.52295436879143
2021-01-11,359.3187599153592
2021-01-12,355.4740108985926
2021-01-13,365.1092577496767
2021-01-14,349.7246096028337
2021-01-15,349.17638228985726
2021-01-16,349.9900671640175
2021-01-17,341.9828540407395
2021-01-18,349.5922371997496
2021-01-19,348.04751901451425
2021-01-20,352.2209235962366
2021-01-21,352.8072201034895
2021-01-22,360.1126029920311
2021-01-23,355.121108227414
2021-01-24,347.12575016143353
2021-01-25,345.1636199456501
2021-01-26,351.76496455022067
2021-01-27,342.3582323842737
2021-01-28,357.7751788301886
2021-01-29,354.1781302387106
2021-01-30,345.60275390856236
2021-01-31,339.0554184243185
2021-02-01,354.06776526548873
2021-02-02,346.4079655368115
2021-02-03,352.8570508876929
2021-02-04,338.3882714533487
2021-02-05,343.0612020433321
2021-02-06,345.7872796464288
2021-02-07,345.7043526976088
2021-02-08,342.93300195430356
2021-02-09,348.01703434197395
2021-02-10,339.28979681891104
2021-02-11,343.6468561979257
2021-02-12,344.6969065639941
2021-02-13,346.41019551227015
2021-02-14,347.14462310429656
2021-02-15,337.7179345727129
2021-02-16,335.43129216085595
2021-02-17,349.257157675666
2021-02-18,344.30351581615224
2021-02-19,338.6790141159695
2021-02-20,349.9631019098796
2021-02-21,342.5780680721259
2021-02-22,347.69505285458183
2021-02-23,341.9416101386778
2021-02-24,351.71984456629286
2021-02-25,350.0115884598606
2021-02-26,339.81558860611983
2021-02-27,345.75058669994445
2021-02-28,343.95878147197624
2021-03-01,347.421124130276
2021-03-02,335.6063541123389
2021-03-03,343.7212177996879
2021-03-04,345.45009751848676
2021-03-05,331.23835714320205
2021-03-06,333.99694372256744
2021-03-07,329.6053945355979
2021-03-08,338.35001091205066
2021-03-09,343.18744751317064
2021-03-10,347.0214429693429
2021-03-11,339.7973101025993
2021-03-12,347.4943739787607
2021-03-13,332.382552953117
2021-03-14,330.70523620338787
2021-03-15,338.89084027383154
2021-03-16,341.0426944671791
2021-03-17,338.9200537156753
2021-03-18,328.7148604781658
2021-03-19,338.58240691281026
2021-03-20,332.4889954802918
2021-03-21,342.3504462777817
2021-03-22,340.8332227370795
2021-03-23,334.30638851886596
2021-03-24,336.4494151323245
2021-03-25,333.74304686166613
2021-03-26,338.7534801859303
2021-03-27,343.8777366988267
2021-03-28,334.21592209597344
2021-03-29,341.71467734214093
2021-03-30,336.60039953095395
2021-03-31,335.35189977883863
2021-04-01,338.8530027814249
2021-04-02,334.2911266311129
2021-04-03,336.7855449356226
2021-04-04,333.65809915774526
2021-04-05,349.57202761829427
2021-04-06,340.03281931848727
2021-04-07,336.4731278632296
2021-04-08,341.1640288888735
2021-04-09,339.66194684416706
2021-04-10,339.2552423166553
2021-04-11,343.57443205166976
2021-04-12,344.44160782966344
2021-04-13,338.1589521724674
2021-04-14,338.0966266038607
2021-04-15,339.77154180960844
2021-04-16,329.81504885625617
2021-04-17,333.93327294770114
2021-04-18,348.5348376757339
2021-04-19,350.12315081892234
2021-04-20,340.857527173612
2021-04-21,345.1963759470389
2021-04-22,344.0871518158226
2021-04-23,358.148976754088
2021-04-24,348.58241441631094
2021-04-25,342.58114638345097
2021-04-26,338.6853839644375
2021-04-27,335.6792919235281
2021-04-28,344.98329097496924
2021-04-29,340.444604854659
2021-04-30,337.38133517524227
2021-05-01,341.5317649066889
2021-05-02,339.63461476996395
2021-05-03,353.76140598294893
2021-05-04,350.0227732106476
2021-05-05,345.86903583601907
2021-05-06,353.60830513740575
2021-05-07,346.9003833619469
2021-05-08,342.517259812767
2021-05-09,354.75452991552464
2021-05-10,350.1536847623663
2021-05-11,342.5980302024932
2021-05-12,347.16249908732755
2021-05-13,344.07074002205457
2021-05-14,341.8740795923002
2021-05-15,353.7627205636391
2021-05-16,359.02707636600564
2021-05-17,342.83961822362636
2021-05-18,353.00396335426234
2021-05-19,347.29665786593335
2021-05-20,348.4789828970378
2021-05-21,348.32125678250304
2021-05-22,347.3356573976015
2021-05-23,352.27426213682946
2021-05-24,348.2564926453735
2021-05-25,354.1465505853889
2021-05-26,352.9294196389935
2021-05-27,352.37541970036
2021-05-28,349.4249819596427
2021-05-29,351.4745581910682
2021-05-30,358.53384255686194
2021-05-31,357.66268288371265
2021-06-01,350.67415128615437
2021-06-02,356.46491998483697
2021-06-03,360.1339050004517
2021-06-04,348.4409127723779
2021-06-05,359.91784702354704
2021-06-06,354.30304882736607
2021-06-07,360.88617419281707
2021-06-08,354.6356663921833
2021-06-09,349.84797699996193
2021-06-10,351.1566200645031
2021-06-11,359.95809612876997
2021-06-12,361.44089199200033
2021-06-13,356.04644757164635
2021-06-14,364.18776117140305
2021-06-15,353.11485725246933
2021-06-16,361.52048103832726
2021-06-17,356.2248583311297
2021-06-18,359.45032778040786
2021-06-19,363.3764530660134
2021-06-20,359.26759926968435
2021-06-21,362.07722227885085
2021-06-22,369.46179794996806
2021-06-23,361.9760809429529
2021-06-24,369.4689522409071
2021-06-25,360.0715263967699
2021-06-26,368.7981408580126
2021-06-27,373.7853855394754
2021-06-28,354.6469786218474
2021-06-29,363.4474930254792
2021-06-30,370.7430811525097
2021-07-01,367.26710167432196
2021-07-02,370.56139711293764
2021-07-03,366.1076865631364
2021-07-04,369.9809867624686
2021-07-05,369.18843297318836
2021-07-06,376.22274268620373
2021-07-07,372.0710581548587
2021-07-08,372.90007413239124
2021-07-09,369.5636457857949
2021-07-10,369.59371042194664
2021-07-11,370.27528155075476
2021-07-12,374.81416376630074
2021-07-13,371.1381911681655
2021-07-14,375.09045944057226
2021-07-15,384.41420372337654
2021-07-16,378.7854635824664
2021-07-17,373.18927215292155
2021-07-18,381.21180315433
2021-07-19,373.5483799074635
2021-07-20,365.77772332700545
2021-07-21,371.3039571994124
2021-07-22,367.36281399117337
2021-07-23,375.3278227639322
2021-07-24,377.54222118440526
2021-07-25,386.1930693905669
2021-07-26,379.80218077609874
2021-07-27,377.42450419230073
2021-07-28,383.0151950799366
2021-07-29,368.1562452078387
2021-07-30,380.7292415015645
2021-07-31,383.7401334916893
2021-08-01,372.8228077969753
2021-08-02,386.25963567209163
2021-08-03,382.5535725082957
2021-08-04,379.09987961108766
2021-08-05,384.6503675068226
2021-08-06,393.1448798460664
2021-08-07,383.0004322326903
2021-08-08,383.62652850560136
2021-08-09,380.3774976947127
2021-08-10,378.7084233646401
2021-08-11,387.38704975481966
2021-08-12,379.22697714722506
2021-08-13,384.1314726050164
2021-08-14,381.64573997054134
2021-08-15,386.683375603916
2021-08-16,386.2052243589951
2021-08-17,389.9669653804347
2021-08-18,382.4653781465882
2021-08-19,383.8960526117213
2021-08-20,380.5752803779836
2021-08-21,383.4649425678594
2021-08-22,387.78379509383035
2021-08-23,389.88663083181086
2021-08-24,381.68870704060055
2021-08-25,390.8388013418344
2021-08-26,393.45353461409064
2021-08-27,388.9203742207518
2021-08-28,396.4082612557062
2021-08-29,383.31959609396205
2021-08-30,381.12265720401604
2021-08-31,378.602800204026
2021-09-01,395.1201312431245
2021-09-02,391.0482411891491
2021-09-03,387.62794731024536
2021-09-04,389.4280877284066
2021-09-05,382.5160532048795
2021-09-06,400.4803579443718
2021-09-07,388.99861728918665
2021-09-08,388.9931825106659
2021-09-09,392.16149487628365
2021-09-10,391.01689157748586
2021-09-11,389.8031561812453
2021-09-12,384.79594009995725
2021-09-13,391.1628970211283
2021-09-14,398.265570154724
2021-09-15,395.6250751344544
2021-09-16,396.89905746090085
2021-09-17,386.40480714673316
2021-09-18,384.03322617969917
2021-09-19,388.365277948999
2021-09-20,389.2783930548482
2021-09-21,394.4688740587232
2021-09-22,380.5263338686098
2021-09-23,396.6197444869289
2021-09-24,388.1578895287399
2021-09-25,386.78206719411713
2021-09-26,383.8171109012166
2021-09-27,380.5571378723565
2021-09-28,392.89370451964595
2021-09-29,389.08352959175056
2021-09-30,382.1988992503905
2021-10-01,382.09776993918143
2021-10-02,386.81141879468663
2021-10-03,396.7453713922562
2021-10-04,387.00499815890856
2021-10-05,380.6827298100111
2021-10-06,386.858048393674
2021-10-07,386.60432757594407
2021-10-08,374.3575917010533
2021-10-09,387.43756516771526
2021-10-10,386.41435593371716
2021-10-11,390.90306548145287
2021-10-12,396.51287875067624
2021-10-13,392.74009320256613
2021-10-14,385.59514719871066
2021-10-15,381.23248620864706
2021-10-16,399.4506940743664
2021-10-17,386.69207443844516
2021-10-18,386.27107952530207
2021-10-19,385.87967966378835
2021-10-20,386.7830817715723
2021-10-21,384.8567511416281
2021-10-22,382.48974420934445
2021-10-23,382.3969317276246
2021-10-24,384.734370634386
2021-10-25,381.9417311124289
2021-10-26,380.8492223727621
2021-10-27,384.6941497964831
2021-10-28,382.6296855074611
2021-10-29,391.16121131988126
2021-10-30,370.117251992211
2021-10-31,388.5547495793759
2021-11-01,389.0470966507884
2021-11-02,372.1635991091742
2021-11-03,380.5255008817604
2021-11-04,380.0847185119201
2021-11-05,374.60203177909034
2021-11-06,377.44294723422007
2021-11-07,375.46645600959624
2021-11-08,389.46294882245644
2021-11-09,385.05730089596443
2021-11-10,386.40914330588487
2021-11-11,383.327430685112
2021-11-12,373.736856142997
2021-11-13,376.4180002492242
2021-11-14,381.14150411345145
2021-11-15,372.23366765314836
2021-11-16,381.55472371111637
2021-11-17,376.4293839727256
2021-11-18,375.39414716630034
2021-11-19,380.4563596164138
2021-11-20,378.75236189357463
2021-11-21,374.35198684862183
2021-11-22,381.57563670866784
2021-11-23,369.992350699712
2021-11-24,378.0926476434837
2021-11-25,377.59051478908077
2021-11-26,372.6861667738206
2021-11-27,375.47042202762225
2021-11-28,367.1871312481726
2021-11-29,377.66297836427873
2021-11-30,371.7157971345534
2021-12-01,369.62159695301807
2021-12-02,377.0727221525801
2021-12-03,367.8961020291235
2021-12-04,363.9634603981626
2021-12-05,362.8084914505807
2021-12-06,373.2056042687516
2021-12-07,363.35549499328386
2021-12-08,378.11199379591676
2021-12-09,358.5071752054208
2021-12-10,376.97644648458925
2021-12-11,369.12526265947605
2021-12-12,367.1614143636449
2021-12-13,364.49410900226974
2021-12-14,368.78715574980276
2021-12-15,366.1752452333057
2021-12-16,371.45117139091917
2021-12-17,366.076470177455
2021-12-18,365.82706463242266
2021-12-19,362.82739994460906
2021-12-20,363.93044680361186
2021-12-21,365.32383392224307
2021-12-22,354.80369703103855
2021-12-23,356.18351706435817
2021-12-24,366.2109885359688
2021-12-25,362.9196652098031
2021-12-26,360.7166645728067
2021-12-27,361.30069448728466
2021-12-28,362.5192040904939
2021-12-29,357.6562216754563
2021-12-30,356.0383010495255
2021-12-31,360.48506163234936
2022-01-01,363.19131386708546
2022-01-02,369.70324089257747
2022-01-03,358.7294402230455
2022-01-04,371.9702236746048
2022-01-05,368.771350093865
2022-01-06,367.274381791589
2022-01-07,370.49563443789026
2022-01-08,373.4996961989172
2022-01-09,369.8366382694774
2022-01-10,355.15532102657346
2022-01-11,357.55927189807727
2022-01-12,360.43320798142247
2022-01-13,363.2906983346425
2022-01-14,365.35439613195507
2022-01-15,358.74627243499384
2022-01-16,362.920864213623
2022-01-17,357.8254180005219
2022-01-18,358.1634232931937
2022-01-19,353.80987683804165
2022-01-20,355.85278843330104
2022-01-21,353.340017196522
2022-01-22,354.852382531065
2022-01-23,364.63719801952294
2022-01-24,354.26327399558585
2022-01-25,371.8176036265789
2022-01-26,360.7719581970926
2022-01-27,358.88357903785135
2022-01-28,353.3260961000108
2022-01-29,360.7824790321491
2022-01-30,354.070443037897
2022-01-31,357.2311401429997
2022-02-01,369.0988260860056
2022-02-02,355.5003652644513
2022-02-03,361.41433595925395
2022-02-04,351.8445276216911
2022-02-05,354.88313470561616
2022-02-06,363.6150643260154
2022-02-07,351.33461443984623
2022-02-08,363.2455721016844
2022-02-09,357.4415443575138
2022-02-10,350.81556508635265
2022-02-11,356.52079231830976
2022-02-12,357.95820065356827
2022-02-13,355.9470511530624
2022-02-14,344.7354251143998
2022-02-15,348.7054591527779
2022-02-16,350.86426983677654
2022-02-17,351.49660642067323
2022-02-18,354.7453062440077
2022-02-19,352.3099518034185
2022-02-20,344.5306202387165
2022-02-21,352.9006841556914
2022-02-22,353.8514956606818
2022-02-23,353.40296997128246
2022-02-24,355.820008569656
2022-02-25,354.4044950203891
2022-02-26,352.3563097446574
2022-02-27,349.5419033878794
2022-02-28,341.42709705647053
2022-03-01,351.72605743827717
2022-03-02,350.46940985105505
2022-03-03,350.6488546856726
2022-03-04,342.7742322051373
2022-03-05,343.6267718732763
2022-03-06,354.1790005525608
2022-03-07,348.6037796551151
2022-03-08,352.10454857113655
2022-03-09,348.7413281148431
2022-03-10,348.6584384063415
2022-03-11,353.1182552303804
2022-03-12,345.77107260981734
2022-03-13,348.7636641288964
2022-03-14,345.9107719566384
2022-03-15,345.9960976311531
2022-03-16,346.5765066051394
2022-03-17,349.1941963143143
2022-03-18,345.6583278700478
2022-03-19,354.3067877382418
2022-03-20,343.53830647171856
2022-03-21,347.06772531282473
2022-03-22,345.8015762152244
2022-03-23,355.2406768722714
2022-03-24,349.0015236015658
2022-03-25,353.1983371684541
2022-03-26,340.6390738071113
2022-03-27,349.4372764256668
2022-03-28,352.5927063057684
2022-03-29,348.6058647109288
2022-03-30,353.57908949814293
2022-03-31,345.7298216896485
2022-04-01,355.4348917821256
2022-04-02,359.961828861306
2022-04-03,346.73959866016025
2022-04-04,346.41997601368564
2022-04-05,356.01532433930083
2022-04-06,356.75436228728216
2022-04-07,346.3574552674262
2022-04-08,346.99319524972304
2022-04-09,347.81466404831866
2022-04-10,342.63783775915005
2022-04-11,344.9103388190316
2022-04-12,344.6333654456665
2022-04-13,345.97247008499943
2022-04-14,349.80229337015027
2022-04-15,351.31787395804923
2022-04-16,358.0771571440045
2022-04-17,345.51745805499996
2022-04-18,355.62207833089417
2022-04-19,349.82836803028835
2022-04-20,350.85538882313176
2022-04-21,354.6876885925931
2022-04-22,345.9172909352934
2022-04-23,353.6666214427321
2022-04-24,352.81680090020336
2022-04-25,354.68299066089554
2022-04-26,353.90892938697874
2022-04-27,364.9880242243704
2022-04-28,349.77727287437654
2022-04-29,350.57137380607145
2022-04-30,350.3769010911068
2022-05-01,350.9872437321003
2022-05-02,350.8554191515033
2022-05-03,360.27078046312386
2022-05-04,361.7170956658496
2022-05-05,352.0551675738548
2022-05-06,351.0468065774345
2022-05-07,357.87061960564085
2022-05-08,353.06256559800346
2022-05-09,359.30356861795394
2022-05-10,357.47374964819954
2022-05-11,349.2055403991393
2022-05-12,364.85171848439586
2022-05-13,366.428219654456
2022-05-14,354.7241347946999
2022-05-15,356.19332502630095
2022-05-16,359.9093201172795
2022-05-17,360.5047400426572
2022-05-18,362.4818385341736
2022-05-19,369.6008934053742
2022-05-20,359.02987367839097
2022-05-21,356.2917401810051
2022-05-22,353.7590151059279
2022-05-23,357.37700379739573
2022-05-24,361.2456083630597
2022-05-25,370.76705577407864
2022-05-26,359.59255369105836
2022-05-27,363.68909969288654
2022-05-28,362.8806857894869
2022-05-29,369.30038121115024
2022-05-30,376.39154855710126
2022-05-31,361.5037530809891
2022-06-01,362.11473029755604
2022-06-02,370.18906284303625
2022-06-03,368.7864268317243
2022-06-04,375.0214758066649
2022-06-05,369.1206869882772
2022-06-06,364.81970716816
2022-06-07,369.9864550033128
2022-06-08,372.9954800778104
2022-06-09,371.97479840927133
2022-06-10,370.8307024094554
2022-06-11,374.0510448434088
2022-06-12,374.9887574356213
2022-06-13,376.478825652356
2022-06-14,373.2383483154644
2022-06-15,369.58686716222985
2022-06-16,371.5844484637305
2022-06-17,377.31248416248377
2022-06-18,367.6248299644825
2022-06-19,373.9828262537959
2022-06-20,370.6029720344673
2022-06-21,373.1437241146741
2022-06-22,379.8225932169324
2022-06-23,374.8160356306681
2022-06-24,374.52267442136207
2022-06-25,367.9207799651584
2022-06-26,378.88038779857226
2022-06-27,378.80496334189127
2022-06-28,386.82147473901114
2022-06-29,374.8930781280666
2022-06-30,377.9534721549267
2022-07-01,378.5292470230907
2022-07-02,385.59293414489844
2022-07-03,377.6511348347807
2022-07-04,379.9431454539558
2022-07-05,382.0063016987314
2022-07-06,380.3168779936865
2022-07-07,377.56678586559997
2022-07-08,381.1825107865068
2022-07-09,385.9911893657061
2022-07-10,375.8991650452538
2022-07-11,382.10292086058723
2022-07-12,378.34129897971343
2022-07-13,388.21834671689106
2022-07-14,375.0256506321713
2022-07-15,380.2425904937914
2022-07-16,385.3158994406305
2022-07-17,391.64700995993246
2022-07-18,383.87698223814533
2022-07-19,381.8127591391053
2022-07-20,394.3741313500976
2022-07-21,378.10431925191824
2022-07-22,374.7227438132022
2022-07-23,388.2854624344054
2022-07-24,383.9398581666944
2022-07-25,381.70471874353694
2022-07-26,390.7093261437747
2022-07-27,388.73901040520104
2022-07-28,385.04777402033545
2022-07-29,381.81039975952365
2022-07-30,392.9134553524224
2022-07-31,392.13681341204773
2022-08-01,388.7198597069776
2022-08-02,398.7740504362953
2022-08-03,384.5106666391929
2022-08-04,382.548693325968
2022-08-05,387.026917826885
2022-08-06,390.5634854752669
2022-08-07,392.3077982040113
2022-08-08,390.179245284818
2022-08-09,393.4345791749854
2022-08-10,385.69994809101183
2022-08-11,399.45419369246474
2022-08-12,392.09664038480656
2022-08-13,398.3601205768601
2022-08-14,394.7476539362554
2022-08-15,395.57224257095294
2022-08-16,396.38575023372135
2022-08-17,396.0178084592318
2022-08-18,397.22907394019967
2022-08-19,400.89118993885035
2022-08-20,395.45170480540247
2022-08-21,398.2314276561825
2022-08-22,394.4486141571699
2022-08-23,402.30227382583143
2022-08-24,391.91757215119236
2022-08-25,404.4954739058602
2022-08-26,395.4745555668442
2022-08-27,388.6993241940431
2022-08-28,396.6648042674698
2022-08-29,392.78328380210553
2022-08-30,400.54914846551674
2022-08-31,393.2332815520354
2022-09-01,394.4089925196047
2022-09-02,387.32870925265115
2022-09-03,394.64433906855226
2022-09-04,384.9088479636627
2022-09-05,389.2239843239428
2022-09-06,401.05367132700917
2022-09-07,401.28151217256465
2022-09-08,399.5734963465663
2022-09-09,392.69778104114414
2022-09-10,397.37328863809245
2022-09-11,397.6657233643968
2022-09-12,391.9564889312211
2022-09-13,405.32254674428407
2022-09-14,402.2422591252272
2022-09-15,396.79315403453114
2022-09-16,398.0675535226765
2022-09-17,399.00279956862687
2022-09-18,387.7725759388706
2022-09-19,396.75832563689426
2022-09-20,394.58984725341577
2022-09-21,392.98981641689386
2022-09-22,396.58315555275414
2022-09-23,406.9604255238734
2022-09-24,401.1521433279699
2022-09-25,395.06057759494024
2022-09-26,400.74054668429824
2022-09-27,404.8281984146154
2022-09-28,402.4010200144002
2022-09-29,398.0150916054094
2022-09-30,394.4140198605679
2022-10-01,401.06428036756745
2022-10-02,399.457769218246
2022-10-03,401.87622986594783
2022-10-04,400.47881392413643
2022-10-05,402.4462081521983
2022-10-06,394.4105876563009
2022-10-07,403.554915752854
2022-10-08,397.83002293922317
2022-10-09,407.08534386343064
2022-10-10,393.1230894943127
2022-10-11,405.101852673212
2022-10-12,397.25765219326274
2022-10-13,392.8501780367551
2022-10-14,393.5201614812132
2022-10-15,394.1633792113838
2022-10-16,397.70472479012665
2022-10-17,398.01015970855025
2022-10-18,392.33293304604445
2022-10-19,394.87853213803345
2022-10-20,405.5040097607923
2022-10-21,403.2162690517514
2022-10-22,396.5396725921158
2022-10-23,394.32124382466753
2022-10-24,394.4982936190573
2022-10-25,396.7264448317498
2022-10-26,388.2994884601559
2022-10-27,391.8751159709069
2022-10-28,384.5616512251774
2022-10-29,394.63736198999425
2022-10-30,395.6080807326897
2022-10-31,389.6812830082667
2022-11-01,399.6866045047504
2022-11-02,385.4017219562032
2022-11-03,383.91706445111305
2022-11-04,392.0641819346989
2022-11-05,395.8750817657402
2022-11-06,398.7516691294638
2022-11-07,387.7249139225807
2022-11-08,395.0950007724948
2022-11-09,389.18636658272356
2022-11-10,388.18823133121
2022-11-11,393.13737005232923
2022-11-12,391.64372939115026
2022-11-13,380.1586407957018
2022-11-14,395.0773330559413
2022-11-15,394.24476346834535
2022-11-16,383.86191805270676
2022-11-17,388.6100286307033
2022-11-18,388.738402135462
2022-11-19,387.2049286045159
2022-11-20,382.7795195669173
2022-11-21,381.798700838027
2022-11-22,384.6512173368894
2022-11-23,390.2613124340083
2022-11-24,386.73097038173455
2022-11-25,381.7719368388083
2022-11-26,387.09239252363227
2022-11-27,368.5970438132613
2022-11-28,388.1865276319596
2022-11-29,373.3442743743537
2022-11-30,379.82810310975265
2022-12-01,375.63686258248254
2022-12-02,374.35426864479115
2022-12-03,386.22195441872987
2022-12-04,377.66726087342096
2022-12-05,381.32415672685374
2022-12-06,378.94095161762743
2022-12-07,381.1428458918809
2022-12-08,378.7221323412962
2022-12-09,371.50186112389656
2022-12-10,382.47549874037475
2022-12-11,374.60139240765636
2022-12-12,368.8620704296981
2022-12-13,374.07812863148496
2022-12-14,383.29527413121394
2022-12-15,379.6145274559974
2022-12-16,373.19140130879725
2022-12-17,372.75904341255267
2022-12-18,372.4673805690264
2022-12-19,384.0292009234825
2022-12-20,375.12485218337497
2022-12-21,374.93503331373813
2022-12-22,377.50595626448086
2022-12-23,373.1183899700193
2022-12-24,370.19945733675166
2022-12-25,370.0835887737385
2022-12-26,370.2785749574997
2022-12-27,370.02241363940846
2022-12-28,373.4194432818704
2022-12-29,369.61474950603963
2022-12-30,372.59302506261497
2022-12-31,368.102252456318
2023-01-01,377.47635370674107
2023-01-02,366.67097369134456
2023-01-03,380.8239966177471
2023-01-04,377.55688786746657
2023-01-05,380.39841323109806
2023-01-06,360.51295622905116
2023-01-07,385.0240530420664
2023-01-08,373.4743758358285
2023-01-09,379.30570202807434
2023-01-10,368.16016254760405
2023-01-11,376.0210262570686
2023-01-12,367.2902230540326
2023-01-13,369.0413982801093
2023-01-14,381.3362577989434
2023-01-15,370.42157949694445
2023-01-16,372.07419475713624
2023-01-17,374.9526713157323
2023-01-18,372.69942174801645
2023-01-19,370.59527684800065
2023-01-20,371.2937596761867
2023-01-21,381.115518150795
2023-01-22,368.44365481078376
2023-01-23,369.3744842700586
2023-01-24,373.2635404197836
2023-01-25,373.1833229671818
2023-01-26,373.24052022049005
2023-01-27,370.1530495295229
2023-01-28,360.9028604372644
2023-01-29,374.44808729660963
2023-01-30,360.21690520399244
2023-01-31,367.13426839596804
2023-02-01,361.52702414456485
2023-02-02,364.6599730301096
2023-02-03,366.31178137934296
2023-02-04,365.9671958245719
2023-02-05,366.16768092927737
2023-02-06,371.8296174931311
2023-02-07,365.737121236355
2023-02-08,361.9625461352465
2023-02-09,367.72322052167823
2023-02-10,368.5752514104472
2023-02-11,356.2207145473472
2023-02-12,365.0824287546839
2023-02-13,365.34386505353086
2023-02-14,360.09873119705213
2023-02-15,368.21967909846035
2023-02-16,360.35158507937143
2023-02-17,361.4966558335312
2023-02-18,359.7765866348349
2023-02-19,360.4993420366596
2023-02-20,354.72596659779094
2023-02-21,352.79944048769016
2023-02-22,367.77109225038754
2023-02-23,355.36921099003564
2023-02-24,354.4591431946014
2023-02-25,348.467933679626
2023-02-26,355.86560061006764
2023-02-27,352.2772829781352
2023-02-28,366.94197752473235
2023-03-01,363.62705178932737
2023-03-02,354.99021968935085
2023-03-03,369.5531395264172
2023-03-04,363.0668025191968
2023-03-05,356.40789765777447
2023-03-06,345.41620771152844
2023-03-07,369.2562682873521
2023-03-08,350.7491827504555
2023-03-09,349.37274249940634
2023-03-10,362.6225098689109
2023-03-11,369.6255982321968
2023-03-12,364.27266034345683
2023-03-13,360.10260584445325
2023-03-14,360.19592010849004
2023-03-15,361.4356565622162
2023-03-16,360.9170101714164
2023-03-17,358.48948457599266
2023-03-18,357.5730764981246
2023-03-19,356.71504147087654
2023-03-20,353.2415200384827
2023-03-21,355.5987081492977
2023-03-22,348.5354474356183
2023-03-23,356.514089316529
2023-03-24,352.0757941832533
2023-03-25,351.52116788503207
2023-03-26,357.9663464280635
2023-03-27,364.0620365280435
2023-03-28,361.73613535766276
2023-03-29,349.3419417464358
2023-03-30,352.30354693996446
2023-03-31,362.02011988009144
2023-04-01,352.47571761350616
2023-04-02,356.3441724932247
2023-04-03,360.3040519574813
2023-04-04,352.80576634637134
2023-04-05,358.27527948444214
2023-04-06,351.1863740840376
2023-04-07,354.96491718343646
2023-04-08,359.693039005915
2023-04-09,350.25861842496283
2023-04-10,360.56246400412346
2023-04-11,358.4054095568192
2023-04-12,361.41651905151264
2023-04-13,359.93102858084336
2023-04-14,365.7964199569534
2023-04-15,359.77292280860615
2023-04-16,357.1776269743078
2023-04-17,360.1207157738553
2023-04-18,362.4169564836932
2023-04-19,360.1426126030444
2023-04-20,360.30566582741335
2023-04-21,356.8036326927263
2023-04-22,357.21639645535015
2023-04-23,353.7415463528134
2023-04-24,369.73242357507274
2023-04-25,355.0014181638984
2023-04-26,357.99856017846014
2023-04-27,358.11948719697
2023-04-28,366.4405946803553
2023-04-29,360.7516101896204
2023-04-30,368.7313140865993
2023-05-01,359.3971762066822
2023-05-02,364.437325599155
2023-05-03,359.1489625412873
2023-05-04,374.3403200647673
2023-05-05,357.97090694745464
2023-05-06,365.75768799409076
2023-05-07,367.6824262283693
2023-05-08,366.8926763066658
2023-05-09,364.2124712347878
2023-05-10,364.81003104527593
2023-05-11,366.003318334021
2023-05-12,365.3791824696031
2023-05-13,371.2682268729529
2023-05-14,377.84069325507863
2023-05-15,364.3443739009417
2023-05-16,360.63097826575955
2023-05-17,367.3910458509658
2023-05-18,381.0876638590811
2023-05-19,364.53149787169383
2023-05-20,377.11019384308156
2023-05-21,377.6717304740796
2023-05-22,366.88767003746057
2023-05-23,372.8765693930317
2023-05-24,378.5532263430714
2023-05-25,368.8986277515523
2023-05-26,370.1627083857274
2023-05-27,368.6617553649489
2023-05-28,366.88901661638636
2023-05-29,369.1120271185798
2023-05-30,366.63718509392186
2023-05-31,373.32851428688684
2023-06-01,369.7120613548539
2023-06-02,375.1371880166446
2023-06-03,366.59749115257466
2023-06-04,376.442340339057
2023-06-05,379.368690869692
2023-06-06,365.647489409238
2023-06-07,377.9034636990891
2023-06-08,382.59030713726236
2023-06-09,370.8241824098285
2023-06-10,385.65719418810744
2023-06-11,379.8127664422933
2023-06-12,374.61722020460087
2023-06-13,378.2891853088799
2023-06-14,381.7864334401248
2023-06-15,379.8024845208762
2023-06-16,382.54465999379573
2023-06-17,375.67657136454517
2023-06-18,381.556312439599
2023-06-19,374.07088722490647
2023-06-20,381.0135357893606
2023-06-21,377.48046179267607
2023-06-22,378.75268419094704
2023-06-23,389.04100616662083
2023-06-24,388.7470422835527
2023-06-25,386.76575127459387
2023-06-26,378.68755614507324
2023-06-27,382.99550018771185
2023-06-28,391.07068962237975
2023-06-29,386.1405538710311
2023-06-30,397.4543682165155
2023-07-01,388.2489178015088
2023-07-02,387.66591332853125
2023-07-03,385.582030175703
2023-07-04,388.21574234901556
2023-07-05,387.20446996824603
2023-07-06,391.9243757613477
2023-07-07,393.58246552232555
2023-07-08,385.2821135194755
2023-07-09,382.96686584861834
2023-07-10,380.8507146767927
2023-07-11,392.97802912441557
2023-07-12,385.3250700235399
2023-07-13,380.4786606075044
2023-07-14,393.584478178745
2023-07-15,404.5021973173133
2023-07-16,392.39948550760846
2023-07-17,397.011843686019
2023-07-18,393.6148803362481
2023-07-19,393.09430850661556
2023-07-20,398.56372841783354
2023-07-21,392.8930160330562
2023-07-22,396.05373516666214
2023-07-23,396.69387921511884
2023-07-24,392.10967702024226
2023-07-25,400.7710945768731
2023-07-26,395.2927451238009
2023-07-27,392.7412810388808
2023-07-28,399.5507163918711
2023-07-29,392.719581843923
2023-07-30,397.6920744978673
2023-07-31,397.8402125390334
2023-08-01,403.64521685503246
2023-08-02,400.9143566204567
2023-08-03,398.73595567709793
2023-08-04,403.2651506765931
2023-08-05,406.4374959213778
2023-08-06,402.5804670888037
2023-08-07,400.1428640566147
2023-08-08,393.82624441234884
2023-08-09,395.34873387703703
2023-08-10,399.4315216901907
2023-08-11,398.187809661302
2023-08-12,400.57253976184217
2023-08-13,402.056891043405
2023-08-14,404.6824909761506
2023-08-15,401.93598258488856
2023-08-16,404.96942205169137
2023-08-17,403.1016377331958
2023-08-18,393.13812730909257
2023-08-19,398.54875031909444
2023-08-20,402.748661178287
2023-08-21,397.6379351540344
2023-08-22,406.8969362785871
2023-08-23,411.7554419103026
2023-08-24,410.3933429199753
2023-08-25,403.4235573866551
2023-08-26,412.1289760043157
2023-08-27,405.59653699064387
2023-08-28,403.33885233732565
2023-08-29,402.1215287717752
2023-08-30,403.83358228813245
2023-08-31,403.55551735584123
2023-09-01,406.491990797556
2023-09-02,406.57928281262815
2023-09-03,405.92110076556474
2023-09-04,408.21293544553924
2023-09-05,412.0967298153031
2023-09-06,410.9993687234943
2023-09-07,398.928021537061
2023-09-08,393.6766028631317
2023-09-09,411.2042613129866
2023-09-10,399.77745192672523
2023-09-11,405.55990905038624
2023-09-12,400.89774724688704
2023-09-13,397.7956530475482
2023-09-14,409.56276131337273
2023-09-15,410.6937507051927
2023-09-16,404.0505723240703
2023-09-17,394.0056740681645
2023-09-18,404.25002803972967
2023-09-19,408.95323257651
2023-09-20,399.6052106495341
2023-09-21,407.9147160652642
2023-09-22,406.912107771319
2023-09-23,409.86845038763124
2023-09-24,407.5458308637056
2023-09-25,402.05112783944645
2023-09-26,412.8604902858399
2023-09-27,406.0387733665505
2023-09-28,406.6413289022867
2023-09-29,402.0505999604426
2023-09-30,404.4322924931382
2023-10-01,402.14915022936503
2023-10-02,405.62561199152015
2023-10-03,414.9588061665209
2023-10-04,399.44344920106977
2023-10-05,398.1306375862179
2023-10-06,413.44261535157176
2023-10-07,404.9213270389231
2023-10-08,402.49666122246157
2023-10-09,410.90856293728467
2023-10-10,402.5409508860762
2023-10-11,414.55208222512044
2023-10-12,408.65772763264584
2023-10-13,402.6677110140988
2023-10-14,415.72613171781234
2023-10-15,401.73654113733875
2023-10-16,408.2943719181636
2023-10-17,405.8924451704052
2023-10-18,410.7101395127313
2023-10-19,411.80786108297264
2023-10-20,403.95267871306186
2023-10-21,399.8114638495169
2023-10-22,405.6579149584412
2023-10-23,399.74264958506603
2023-10-24,412.96507322309907
2023-10-25,403.3415316235114
2023-10-26,400.5868435295874
2023-10-27,403.08540018734817
2023-10-28,395.1689401469169
2023-10-29,396.7831761844146
2023-10-30,407.37417057389814
2023-10-31,397.8127439249066
2023-11-01,395.58211577489055
2023-11-02,403.21381403385135
2023-11-03,406.16745962547714
2023-11-04,403.53668939522436
2023-11-05,404.61982868170855
2023-11-06,395.54805522932713
2023-11-07,391.9102819032162
2023-11-08,406.2082648651158
2023-11-09,396.76550973601644
2023-11-10,396.7972027486389
2023-11-11,404.3600410741411
2023-11-12,400.16326504608645
2023-11-13,399.3200404410311
2023-11-14,407.5196430318173
2023-11-15,393.1267155457074
2023-11-16,400.6289322006606
2023-11-17,395.91607658800166
2023-11-18,396.6112125983646
2023-11-19,402.543901907459
2023-11-20,397.07022411759255
2023-11-21,396.8482980729654
2023-11-22,399.1415243783956
2023-11-23,391.5729036899971
2023-11-24,388.81692127206736
2023-11-25,387.40096252913366
2023-11-26,382.40211602351053
2023-11-27,402.12079256611327
2023-11-28,385.9266573014907
2023-11-29,389.9365751503154
2023-11-30,389.2562413173237
2023-12-01,391.77224554465874
2023-12-02,393.90636208609214
2023-12-03,393.720187923636
2023-12-04,386.0903796871357
2023-12-05,387.7560287492681
2023-12-06,389.5884542644649
2023-12-07,386.5141861248476
2023-12-08,395.3747507660949
2023-12-09,389.37169700303065
2023-12-10,390.1685535733882
2023-12-11,389.3845816668
2023-12-12,391.5123492104235
2023-12-13,386.12381222983305
2023-12-14,378.3073154382632
2023-12-15,386.36185850419315
2023-12-16,380.6778775118774
2023-12-17,380.862248525396
2023-12-18,386.0073759188887
2023-12-19,388.8368763628465
2023-12-20,382.3215328058975
2023-12-21,383.3289901407776
2023-12-22,389.86561371749787
2023-12-23,382.1282100723296
2023-12-24,393.5030836367572
2023-12-25,382.8928862473211
2023-12-26,370.83276745879095
2023-12-27,382.9752329274803
2023-12-28,380.6870874880994
2023-12-29,384.80378384741687
2023-12-30,381.29573143288684
2023-12-31,376.81355543694207
2024-01-01,379.96168657371373
2024-01-02,384.61686082757495
2024-01-03,380.9897559731882
2024-01-04,381.921828238953
2024-01-05,387.35125470390284
2024-01-06,392.3437556417766
2024-01-07,385.55553716727763
2024-01-08,377.1929086664284
2024-01-09,384.9878012854874
2024-01-10,388.34284961645994
2024-01-11,378.9082422101589
2024-01-12,380.8872150365363
2024-01-13,381.2336840572343
2024-01-14,376.84160946419826
2024-01-15,383.6163936699804
2024-01-16,379.3822896481987
2024-01-17,381.69999488182367
2024-01-18,374.78355141914295
2024-01-19,376.6558908206657
2024-01-20,382.08086145299444
2024-01-21,376.23427446414485
2024-01-22,386.3665680521187
2024-01-23,375.37080810841076
2024-01-24,378.133692068505
2024-01-25,381.31864746175734
2024-01-26,369.213540028023
2024-01-27,367.15535435947305
2024-01-28,367.98960342806635
2024-01-29,381.59385015224007
2024-01-30,372.18934143962366
2024-01-31,387.41208749811415
2024-02-01,371.4771654013747
2024-02-02,374.9034212790597
2024-02-03,381.37851909066495
2024-02-04,383.3908741881162
2024-02-05,383.365595041283
2024-02-06,378.80289230080353
2024-02-07,377.5897623578424
2024-02-08,375.14596405770567
2024-02-09,375.79459006106964
2024-02-10,368.87197038418134
2024-02-11,367.26775920592064
2024-02-12,371.0785561183799
2024-02-13,369.98707822935177
2024-02-14,368.3204084672157
2024-02-15,373.8230822691859
2024-02-16,374.8783890573866
2024-02-17,370.3108079976327
2024-02-18,377.0295961615306
2024-02-19,363.7130012280847
2024-02-20,368.2390447358684
2024-02-21,365.4155832976476
2024-02-22,359.46588384889736
2024-02-23,368.1906143024138
2024-02-24,367.8073673999665
2024-02-25,375.80213296385523
2024-02-26,371.2144677712891
2024-02-27,362.77179782352664
2024-02-28,377.00236455572144
2024-02-29,373.683134820241
2024-03-01,370.34145993258255
2024-03-02,366.1585400054465
2024-03-03,362.3607789006214
2024-03-04,365.17102069496235
2024-03-05,372.35697938441723
2024-03-06,376.22448695407144
2024-03-07,374.4132627256344
2024-03-08,364.1554891252594
2024-03-09,360.9115705424177
2024-03-10,367.13126743505643
2024-03-11,357.50909942309
2024-03-12,367.8988988151154
2024-03-13,365.4841354686703
2024-03-14,363.83839625897343
2024-03-15,358.1488518861486
2024-03-16,368.65152798899436
2024-03-17,363.3885667800556
2024-03-18,360.17842293182275
2024-03-19,351.65003191640784
2024-03-20,365.8645090083784
2024-03-21,374.86148948994395
2024-03-22,374.3120835232421
2024-03-23,363.73326843607657
2024-03-24,363.028054169302
2024-03-25,368.4107469526713
2024-03-26,361.11009790037906
2024-03-27,367.6535118267485
2024-03-28,370.0248461564751
2024-03-29,372.3863537422377
2024-03-30,365.8154935577506
2024-03-31,365.3697858303129
2024-04-01,362.077425309427
2024-04-02,362.41938969215926
2024-04-03,365.5150941611819
2024-04-04,368.58522948779324
2024-04-05,371.4244246897949
2024-04-06,362.9558606497908
2024-04-07,374.55757217999997
2024-04-08,365.86796908740837
2024-04-09,367.2532538425793
2024-04-10,363.7675401557135
2024-04-11,355.5328679780622
2024-04-12,372.2316848923253
2024-04-13,371.6599372925463
2024-04-14,366.7401625097756
2024-04-15,368.65960826605846
2024-04-16,371.0889243472144
2024-04-17,360.88773705407857
2024-04-18,366.25304886468444
2024-04-19,373.07403076950305
2024-04-20,363.04214401591383
2024-04-21,370.99869070393805
2024-04-22,362.9716636886948
2024-04-23,372.3166897713057
2024-04-24,370.0425269293674
2024-04-25,362.3874270879121
2024-04-26,376.53522029710183
2024-04-27,367.29301491164284
2024-04-28,367.17509639600866
2024-04-29,372.49544970938535
2024-04-30,377.5078160750451
2024-05-01,366.96324569314396
2024-05-02,372.63409705682596
2024-05-03,374.7586569275532
2024-05-04,376.3744270789179
2024-05-05,374.0907922193417
2024-05-06,371.6784026282922
2024-05-07,369.6857297161647
2024-05-08,374.56962894440824
2024-05-09,369.098439484015
2024-05-10,360.1775085566524
2024-05-11,377.29699149853394
2024-05-12,379.9685054944093
2024-05-13,363.9734160694127
2024-05-14,371.08317930243123
2024-05-15,379.575764468681
2024-05-16,387.1199334412805
2024-05-17,377.2930857091865
2024-05-18,373.9098560053968
2024-05-19,377.000127610337
2024-05-20,385.1576084994383
2024-05-21,375.4257903503779
2024-05-22,375.03569396385404
2024-05-23,376.99752561651854
2024-05-24,375.02762341519616
2024-05-25,380.7939617662132
2024-05-26,388.6935522270399
2024-05-27,382.5781966354308
2024-05-28,380.0966473332784
2024-05-29,380.2978300831554
2024-05-30,374.34214290210747
2024-05-31,386.97747639588295
2024-06-01,382.5790724726269
2024-06-02,382.47456981563965
2024-06-03,399.75347701720904
2024-06-04,385.69481060347584
2024-06-05,380.85721237161937
2024-06-06,382.9013928688235
2024-06-07,391.19419072087965
2024-06-08,386.43873955597337
2024-06-09,379.1029423623321
2024-06-10,391.31381606833907
2024-06-11,383.80155905569796
2024-06-12,396.93451957825613
2024-06-13,393.39503920608945
2024-06-14,386.1858480855204
2024-06-15,395.2559618402394
2024-06-16,389.61921688257905
2024-06-17,393.97337669502974
2024-06-18,392.5631237959038
2024-06-19,386.3378828211498
2024-06-20,387.78225083841266
2024-06-21,396.5801379918017
2024-06-22,390.1866636300359
2024-06-23,390.27224936437136
2024-06-24,387.94444777331125
2024-06-25,395.26711529640346
2024-06-26,403.89016703240156
2024-06-27,388.66753655121244
2024-06-28,394.55306658619537
2024-06-29,401.91882329368417
2024-06-30,394.88412164830834
2024-07-01,397.96752672732975
2024-07-02,390.8156448559811
2024-07-03,398.6895733111424
2024-07-04,396.031097825126
2024-07-05,402.31248235630403
2024-07-06,403.73588419617636
2024-07-07,411.15987903210834
2024-07-08,401.5211964824751
2024-07-09,400.66072312522
2024-07-10,400.40999399773955
2024-07-11,398.0760715903558
2024-07-12,401.9355327895753
2024-07-13,399.16457810539504
2024-07-14,401.8795046114974
2024-07-15,408.0178277433477
2024-07-16,396.78667698736257
2024-07-17,407.9051263491555
2024-07-18,409.1743321092706
2024-07-19,402.3780033679393
2024-07-20,392.73511425895646
2024-07-21,400.6776636608305
2024-07-22,410.5703629169443
2024-07-23,404.3357889769631
2024-07-24,399.814371667716
2024-07-25,402.64366930113687
2024-07-26,409.7231069688678
2024-07-27,408.601835015026
2024-07-28,405.01726125702965
2024-07-29,404.71704665194824
2024-07-30,404.9270167770353
2024-07-31,402.603688103382
2024-08-01,415.6177439034042
2024-08-02,406.2494881247669
2024-08-03,414.2621117847192
2024-08-04,416.09303843590345
2024-08-05,413.7829700477842
2024-08-06,406.93299939380756
2024-08-07,411.40407602578273
2024-08-08,409.55332416045934
2024-08-09,405.4391359083134
2024-08-10,411.85716708070646
2024-08-11,404.6121973209704
2024-08-12,416.71203836122726
2024-08-13,408.71094071787496
2024-08-14,412.2942747545482
2024-08-15,412.95335319029107
2024-08-16,410.4847407906248
2024-08-17,414.94892914823834
2024-08-18,409.87090900507553
2024-08-19,416.82558544418134
2024-08-20,405.9565104670062
2024-08-21,413.52919052633814
2024-08-22,422.7963327438755
2024-08-23,408.2978770384608
2024-08-24,410.10204688868185
2024-08-25,416.2448845683605
2024-08-26,414.7511086143313
2024-08-27,415.77743268928367
2024-08-28,416.63447774021824
2024-08-29,417.51953806338196
2024-08-30,420.0449006583285
2024-08-31,416.6890029703211
2024-09-01,413.5701246342861
2024-09-02,418.26873917081133
2024-09-03,424.52765427128355
2024-09-04,414.4803297094585
2024-09-05,410.37895152293447
2024-09-06,420.88791472574536
2024-09-07,414.84430271787346
2024-09-08,404.66931402672003
2024-09-09,419.8489538045544
2024-09-10,413.00709513008
2024-09-11,415.295645965663
2024-09-12,417.4654568882934
2024-09-13,416.80794607124415
2024-09-14,419.4452339893747
2024-09-15,413.75569247485464
2024-09-16,418.5264145197695
2024-09-17,414.68351689307246
2024-09-18,419.6882649539348
2024-09-19,419.07660591347
2024-09-20,411.32072295614546
2024-09-21,421.4185675980591
2024-09-22,413.2921756640556
2024-09-23,419.9882180130405
2024-09-24,417.75290911086097
2024-09-25,425.068551161493
2024-09-26,414.7140913198261
2024-09-27,414.0312676192454
2024-09-28,415.6198417263699
2024-09-29,414.1328048349244
2024-09-30,419.5728733092098
2024-10-01,407.40878924895435
2024-10-02,410.1318516700774
2024-10-03,409.96394030783057
2024-10-04,419.94998253546953
2024-10-05,423.63983057701336
2024-10-06,414.44569933199506
2024-10-07,413.9979162998111
2024-10-08,415.0593003158702
2024-10-09,420.3784200978015
2024-10-10,409.7852679864329
2024-10-11,415.45994318962346
2024-10-12,418.9832562037395
2024-10-13,416.44506150118406
2024-10-14,414.71302383534913
2024-10-15,418.5891255209528
2024-10-16,399.87982080337656
2024-10-17,416.59080966339184
2024-10-18,409.72992668370125
2024-10-19,403.63949348345074
2024-10-20,415.13456619887273
2024-10-21,419.22634696956044
2024-10-22,411.4439838606881
2024-10-23,416.66250972148066
2024-10-24,419.72024625804096
2024-10-25,417.98802355406815
2024-10-26,419.36182130488055
2024-10-27,414.61520904992483
2024-10-28,411.01841457147583
2024-10-29,402.36227197469015
2024-10-30,408.8669028791138
2024-10-31,405.6004377117193
2024-11-01,420.385263858704
2024-11-02,408.35950979000046
2024-11-03,409.5579468758215
2024-11-04,411.3970171328818
2024-11-05,408.5500429040367
2024-11-06,416.49459043907916
2024-11-07,404.5883497966661
2024-11-08,408.35194620641334
2024-11-09,403.33901490242386
2024-11-10,400.11895780879235
2024-11-11,403.32326954455675
2024-11-12,405.85541759538097
2024-11-13,403.5481201847256
2024-11-14,401.8822017982388
2024-11-15,397.95814424189524
2024-11-16,404.21548310037275
2024-11-17,396.74464933389334
2024-11-18,407.70183959384434
2024-11-19,403.9432441008169
2024-11-20,395.8690601803926
2024-11-21,401.2329423065973
2024-11-22,398.63688530975855
2024-11-23,403.6088421608583
2024-11-24,408.3272607293546
2024-11-25,391.8580366221618
2024-11-26,401.4148873121487
2024-11-27,399.6420351522659
2024-11-28,403.3995436504965
2024-11-29,400.70629095795675
2024-11-30,395.4753653969192
2024-12-01,397.2324063450626
2024-12-02,394.43769119781985
2024-12-03,403.3858025729734
2024-12-04,397.6981955615599
2024-12-05,406.68150794078844
2024-12-06,396.4543376866922
2024-12-07,392.7959890514426
2024-12-08,388.3482502817753
2024-12-09,386.47846626185935
2024-12-10,387.1494956084355
2024-12-11,395.9806131780543
2024-12-12,396.76232955246417
2024-12-13,385.88552166788173
2024-12-14,397.8386103158105
2024-12-15,390.51935672241933
2024-12-16,393.23929699407256
2024-12-17,400.13665896639037
2024-12-18,396.129657585006
2024-12-19,389.87252168268805
2024-12-20,386.32886395070636
2024-12-21,379.59546198767515
2024-12-22,386.3286775786746
2024-12-23,388.4390168717167
2024-12-24,384.1294403834075
2024-12-25,387.9802964191085
2024-12-26,388.5927842367515
2024-12-27,386.6570156546451
2024-12-28,384.10500717288585
2024-12-29,387.7730980363707
2024-12-30,388.71553860470794
2024-12-31,380.63118236794634
