Date,Fecal Streptococci (MPN/100mL)
2020-01-01,62.266068241303046
2020-01-02,57.569026448749256
2020-01-03,57.75349216652842
2020-01-04,59.654421464960315
2020-01-05,58.062993466510434
2020-01-06,60.057103149747576
2020-01-07,57.89424430287057
2020-01-08,55.03161746672041
2020-01-09,57.790425753373
2020-01-10,53.11269825133068
2020-01-11,56.708541810031896
2020-01-12,56.123230376026974
2020-01-13,55.43974666161771
2020-01-14,55.520827877527
2020-01-15,50.10444946381154
2020-01-16,53.94863743327217
2020-01-17,55.71946776833876
2020-01-18,55.767974099253564
2020-01-19,52.054247506135226
2020-01-20,58.784705388136345
2020-01-21,52.24085154519797
2020-01-22,57.60107111996088
2020-01-23,55.829178700208544
2020-01-24,52.46542544636682
2020-01-25,59.58820999878529
2020-01-26,50.541236981805824
2020-01-27,56.741221888580775
2020-01-28,56.848900954495655
2020-01-29,51.70051122681172
2020-01-30,57.75684876782735
2020-01-31,52.69829688411229
2020-02-01,54.18544224570424
2020-02-02,53.9732314215435
2020-02-03,52.66426150671858
2020-02-04,55.37658871840757
2020-02-05,55.203697024897025
2020-02-06,47.45882853942058
2020-02-07,56.500800620148496
2020-02-08,47.48585576057289
2020-02-09,55.45875248511954
2020-02-10,55.631274996812344
2020-02-11,48.87060215856726
2020-02-12,50.80572849831009
2020-02-13,48.61808653133274
2020-02-14,51.189856394674635
2020-02-15,50.81235516020368
2020-02-16,53.97972680262165
2020-02-17,55.47843566482819
2020-02-18,55.6438297348716
2020-02-19,49.68207463976598
2020-02-20,50.6552711916732
2020-02-21,46.149563383601794
2020-02-22,48.7018165742165
2020-02-23,53.93616199194329
2020-02-24,55.813190447397844
2020-02-25,47.190907083418075
2020-02-26,49.04677096194738
2020-02-27,50.67787550719228
2020-02-28,51.53324416607903
2020-02-29,48.202375977280745
2020-03-01,51.844571699488064
2020-03-02,49.09486615866553
2020-03-03,50.4198332210607
2020-03-04,52.05167457413813
2020-03-05,50.384561323791324
2020-03-06,49.011464498179656
2020-03-07,49.949988621931894
2020-03-08,49.97480561606031
2020-03-09,49.093829993898716
2020-03-10,49.39434629219887
2020-03-11,54.936460011875845
2020-03-12,51.79598244150031
2020-03-13,49.20241840597797
2020-03-14,52.158294720858066
2020-03-15,49.04748841972499
2020-03-16,53.552784895218224
2020-03-17,51.12975496794036
2020-03-18,49.689296412136976
2020-03-19,51.34768797055726
2020-03-20,45.28820495724712
2020-03-21,46.619790195908685
2020-03-22,46.420539961003925
2020-03-23,50.436329171894286
2020-03-24,55.21319078689964
2020-03-25,56.72065070749635
2020-03-26,51.954963342850476
2020-03-27,51.56035435589386
2020-03-28,44.674604703362455
2020-03-29,48.47265364992441
2020-03-30,47.763154320335424
2020-03-31,48.29271903772573
2020-04-01,49.68250384152954
2020-04-02,48.805244851852045
2020-04-03,44.321096017148434
2020-04-04,52.54309154983753
2020-04-05,47.124371546232034
2020-04-06,51.106442753610445
2020-04-07,56.65989974333087
2020-04-08,47.73128106228919
2020-04-09,42.953173557489585
2020-04-10,49.743426754940714
2020-04-11,53.964506616766464
2020-04-12,56.599625526869815
2020-04-13,47.1016383394764
2020-04-14,52.34881778785623
2020-04-15,49.533930501633485
2020-04-16,50.68584624056516
2020-04-17,59.01321657645562
2020-04-18,46.6504139153809
2020-04-19,52.00230193304129
2020-04-20,52.72851596800033
2020-04-21,54.66971939206001
2020-04-22,51.7957785451374
2020-04-23,52.51796756216752
2020-04-24,50.51334803407654
2020-04-25,52.59261529071118
2020-04-26,50.85503258343416
2020-04-27,53.851104787821384
2020-04-28,50.98171242430133
2020-04-29,53.32834267099881
2020-04-30,52.21806329010569
2020-05-01,55.79509266753088
2020-05-02,52.376097952268985
2020-05-03,47.3267323657395
2020-05-04,56.54932411918285
2020-05-05,50.1662368745944
2020-05-06,51.04411771353707
2020-05-07,51.34248844563285
2020-05-08,57.378878091183
2020-05-09,46.97663117564113
2020-05-10,62.92694999063016
2020-05-11,56.81384741829638
2020-05-12,54.449249257978806
2020-05-13,53.75054929699988
2020-05-14,54.90939535496534
2020-05-15,55.75536455060001
2020-05-16,56.268629194938995
2020-05-17,56.142460266334155
2020-05-18,54.88869032838275
2020-05-19,54.17382866542252
2020-05-20,54.459470710518424
2020-05-21,54.477519657342185
2020-05-22,58.61397188944331
2020-05-23,57.145167457814075
2020-05-24,46.69654067860305
2020-05-25,57.63994640408497
2020-05-26,56.41227255803315
2020-05-27,55.92899383860258
2020-05-28,54.97781057829727
2020-05-29,59.67509273105131
2020-05-30,59.30581816460486
2020-05-31,54.306138000588035
2020-06-01,58.008460244449964
2020-06-02,54.03581754981325
2020-06-03,52.97632117682712
2020-06-04,55.40026675088905
2020-06-05,60.033647465986405
2020-06-06,60.47264747606876
2020-06-07,59.320041130250225
2020-06-08,60.124242361857796
2020-06-09,59.66626776291243
2020-06-10,56.36262377251637
2020-06-11,59.75267942737901
2020-06-12,61.028440854550404
2020-06-13,61.06079354044719
2020-06-14,62.53572313994958
2020-06-15,61.265263554228724
2020-06-16,60.36632035460155
2020-06-17,62.69425404271674
2020-06-18,59.57622010602536
2020-06-19,57.1822424847585
2020-06-20,59.51079910816871
2020-06-21,57.937425627139
2020-06-22,58.318681291304316
2020-06-23,60.082640660085985
2020-06-24,58.310764505023315
2020-06-25,59.93576339845735
2020-06-26,55.35017297361299
2020-06-27,61.84196157111234
2020-06-28,61.37640414721932
2020-06-29,59.091822313438236
2020-06-30,63.69066844711199
2020-07-01,64.69497751131212
2020-07-02,57.22836540557927
2020-07-03,59.93104079434301
2020-07-04,60.0793006106976
2020-07-05,59.73382364783527
2020-07-06,65.20800610113629
2020-07-07,62.30334591248768
2020-07-08,62.25566772263105
2020-07-09,57.20110952370338
2020-07-10,65.28148308656881
2020-07-11,59.818986037203295
2020-07-12,63.87704331970571
2020-07-13,64.68876487631064
2020-07-14,68.09685567957568
2020-07-15,60.24547482876583
2020-07-16,55.26921945804183
2020-07-17,65.03384205166519
2020-07-18,70.03703625356107
2020-07-19,68.50417745997619
2020-07-20,65.56673374742364
2020-07-21,63.6118008816249
2020-07-22,67.65552386356742
2020-07-23,62.45941311626959
2020-07-24,66.95342643974485
2020-07-25,67.18342804041106
2020-07-26,68.98863245703464
2020-07-27,74.22624698634087
2020-07-28,67.26201660268757
2020-07-29,64.69357660728618
2020-07-30,66.27760007232578
2020-07-31,61.17906789568246
2020-08-01,64.53220678915561
2020-08-02,65.51658887399014
2020-08-03,65.2982624784329
2020-08-04,67.45164788661764
2020-08-05,64.64930642567114
2020-08-06,70.59953238493254
2020-08-07,67.35479142439445
2020-08-08,67.44181991354971
2020-08-09,66.59937393524686
2020-08-10,68.15972032041631
2020-08-11,70.27825330471066
2020-08-12,65.30806592043507
2020-08-13,66.039261414521
2020-08-14,67.20421250374362
2020-08-15,64.1771527626045
2020-08-16,65.85393268449359
2020-08-17,66.97752143571081
2020-08-18,71.12133845741346
2020-08-19,69.37532356976381
2020-08-20,69.2553332813986
2020-08-21,71.31161093794634
2020-08-22,68.42855973423545
2020-08-23,70.09120801438215
2020-08-24,68.68664343772494
2020-08-25,69.86622517622524
2020-08-26,67.39300390901859
2020-08-27,61.89326140233705
2020-08-28,68.87257934923305
2020-08-29,73.60661669652907
2020-08-30,72.17720678614373
2020-08-31,72.35215632804493
2020-09-01,73.2189573283702
2020-09-02,69.82832103880337
2020-09-03,70.20324496093978
2020-09-04,67.80444369024549
2020-09-05,68.75242065043393
2020-09-06,71.58831800103762
2020-09-07,73.39013672656301
2020-09-08,69.39472587567309
2020-09-09,68.49417037296668
2020-09-10,69.87507830050966
2020-09-11,71.70294519766088
2020-09-12,65.59065764577869
2020-09-13,63.053636209527795
2020-09-14,68.30757941299704
2020-09-15,66.31111245333908
2020-09-16,68.4599336186137
2020-09-17,69.54915915594442
2020-09-18,68.63793979272987
2020-09-19,74.35731000077415
2020-09-20,70.97940088035433
2020-09-21,70.89688588570606
2020-09-22,71.85541858798054
2020-09-23,66.56267225531163
2020-09-24,73.08392437980251
2020-09-25,69.72376025140059
2020-09-26,71.94401034439777
2020-09-27,66.69556894081408
2020-09-28,65.22549960427521
2020-09-29,72.31315047371339
2020-09-30,70.95849409809237
2020-10-01,67.08998225338237
2020-10-02,67.1511162624996
2020-10-03,73.09748631953492
2020-10-04,66.11114215163866
2020-10-05,74.56272434540938
2020-10-06,66.88531596592937
2020-10-07,71.45198574312961
2020-10-08,68.49776037287475
2020-10-09,71.23717372715123
2020-10-10,67.73647145661172
2020-10-11,68.81886059216292
2020-10-12,69.36566474811809
2020-10-13,66.16927389324952
2020-10-14,71.32851933720254
2020-10-15,67.49391732383208
2020-10-16,68.27259316132904
2020-10-17,65.89752510246939
2020-10-18,61.113121063349425
2020-10-19,68.14397989929272
2020-10-20,75.86926754533786
2020-10-21,70.89703456119234
2020-10-22,68.39470943432745
2020-10-23,67.57058230656156
2020-10-24,68.33093966567523
2020-10-25,69.80673785998479
2020-10-26,64.52236101728292
2020-10-27,71.30479372183278
2020-10-28,70.00264249711088
2020-10-29,69.90339759079421
2020-10-30,68.95431334433462
2020-10-31,67.58551824840205
2020-11-01,69.43080381638642
2020-11-02,69.07101794208901
2020-11-03,66.11464700393654
2020-11-04,65.33503078238107
2020-11-05,67.23838115465574
2020-11-06,71.45479454925572
2020-11-07,62.963317415173634
2020-11-08,62.148987774833536
2020-11-09,66.91482965607518
2020-11-10,66.44029125152639
2020-11-11,66.67287099274449
2020-11-12,66.74810022597472
2020-11-13,65.20824575902033
2020-11-14,70.20731299484949
2020-11-15,60.793180688672216
2020-11-16,62.966913311065774
2020-11-17,64.9975362011722
2020-11-18,60.23105747669603
2020-11-19,64.48485492116154
2020-11-20,69.84713756827095
2020-11-21,64.77425454162652
2020-11-22,65.25116965224063
2020-11-23,60.624693547987206
2020-11-24,62.40091917557711
2020-11-25,62.9679704471844
2020-11-26,62.982757476295966
2020-11-27,67.62201103705095
2020-11-28,65.29021048947305
2020-11-29,60.12174925589624
2020-11-30,64.03359915754132
2020-12-01,64.62573565484863
2020-12-02,66.38757530829871
2020-12-03,67.54392881169728
2020-12-04,59.591372351796466
2020-12-05,60.03764927117834
2020-12-06,58.530323125562276
2020-12-07,61.43314957707702
2020-12-08,63.36580402127477
2020-12-09,64.75966940702293
2020-12-10,61.400217058457606
2020-12-11,60.49844939943422
2020-12-12,61.742755751272036
2020-12-13,58.611161366326876
2020-12-14,67.21398366325631
2020-12-15,55.95088171098046
2020-12-16,61.1563545103451
2020-12-17,66.50104098773423
2020-12-18,60.278583935951325
2020-12-19,59.515952863882404
2020-12-20,58.84159376268184
2020-12-21,59.20064055244145
2020-12-22,63.68832309398429
2020-12-23,52.76228149235355
2020-12-24,63.82643631155434
2020-12-25,54.782761044477574
2020-12-26,58.083452941079805
2020-12-27,57.42478496457821
2020-12-28,60.30766784011342
2020-12-29,53.57755681496359
2020-12-30,59.588852140990205
2020-12-31,64.1061999719248
2021-01-01,55.9437490882858
2021-01-02,60.433909348433225
2021-01-03,57.71099676430405
2021-01-04,60.807439813769754
2021-01-05,59.42078840496718
2021-01-06,57.273232520874906
2021-01-07,60.49648866187832
2021-01-08,64.28197392000196
2021-01-09,58.1332038025728
2021-01-10,60.70315069973721
2021-01-11,54.50304381908883
2021-01-12,55.35361121750633
2021-01-13,59.48131606707646
2021-01-14,62.358788497451684
2021-01-15,58.816836646661436
2021-01-16,56.65563806492559
2021-01-17,57.438807281185476
2021-01-18,53.537181721352205
2021-01-19,58.9508189079792
2021-01-20,59.634581052512466
2021-01-21,55.48310509134223
2021-01-22,55.28257307510216
2021-01-23,57.345230303549634
2021-01-24,55.093948167776446
2021-01-25,56.06387947707929
2021-01-26,62.421312844574814
2021-01-27,55.242682265512784
2021-01-28,54.77213354430305
2021-01-29,53.76974643713618
2021-01-30,57.81202878213418
2021-01-31,54.904763908254836
2021-02-01,53.37124224290039
2021-02-02,59.156178002048875
2021-02-03,59.32599674467114
2021-02-04,53.142893201712106
2021-02-05,49.22361100915853
2021-02-06,57.72696552864589
2021-02-07,52.53389041423403
2021-02-08,56.84520852216822
2021-02-09,48.450802418959064
2021-02-10,56.92895160122752
2021-02-11,50.509985661370514
2021-02-12,56.23046371937342
2021-02-13,53.97801974029986
2021-02-14,50.97280122735091
2021-02-15,52.515349073980566
2021-02-16,55.69970057668373
2021-02-17,53.86519278581507
2021-02-18,55.21001724391918
2021-02-19,59.29790047304735
2021-02-20,48.59021197777363
2021-02-21,58.051515685170514
2021-02-22,53.43249458627471
2021-02-23,50.34525494768153
2021-02-24,48.97550109953618
2021-02-25,52.32659252672674
2021-02-26,55.58911407517944
2021-02-27,52.37444541693646
2021-02-28,57.22622548036225
2021-03-01,48.27765946689101
2021-03-02,52.53612172255763
2021-03-03,48.75920386663893
2021-03-04,53.55408568157044
2021-03-05,55.07348400041894
2021-03-06,51.10300913331535
2021-03-07,44.50798059987796
2021-03-08,52.87566247409887
2021-03-09,53.55011014887685
2021-03-10,53.41674734843019
2021-03-11,55.878081055666634
2021-03-12,48.927357461414545
2021-03-13,54.153872414027944
2021-03-14,55.66638189749938
2021-03-15,46.73166875530631
2021-03-16,53.00790236674995
2021-03-17,50.52087148943529
2021-03-18,51.77626037204114
2021-03-19,53.054232294764674
2021-03-20,50.542851500785765
2021-03-21,49.973709175967784
2021-03-22,52.10254985510217
2021-03-23,48.740577163612684
2021-03-24,48.75002450094761
2021-03-25,54.05376563731387
2021-03-26,48.58036816344248
2021-03-27,54.03974754125584
2021-03-28,53.445594809622335
2021-03-29,46.900357719448884
2021-03-30,50.06798109211951
2021-03-31,55.70883378520226
2021-04-01,49.21176523906003
2021-04-02,50.79372251035575
2021-04-03,53.60769926469912
2021-04-04,54.60916697612358
2021-04-05,51.54474412335144
2021-04-06,50.55007003937653
2021-04-07,56.65581174637252
2021-04-08,57.654350725473684
2021-04-09,55.42600898939385
2021-04-10,52.79999055342365
2021-04-11,50.176642255658265
2021-04-12,50.17029449210105
2021-04-13,54.29212548000531
2021-04-14,54.0454817854997
2021-04-15,57.063515896985955
2021-04-16,54.88121214958206
2021-04-17,48.49445039819811
2021-04-18,56.23602938857327
2021-04-19,50.16514301862312
2021-04-20,52.08916913270051
2021-04-21,54.07603707145912
2021-04-22,59.39936288659386
2021-04-23,62.8315847527408
2021-04-24,55.41398512106376
2021-04-25,53.138703880180756
2021-04-26,55.388751412417506
2021-04-27,56.5475756875479
2021-04-28,53.02438624158166
2021-04-29,59.47617750016919
2021-04-30,54.88725376686645
2021-05-01,55.7990809984348
2021-05-02,56.41471467137776
2021-05-03,55.79503895487781
2021-05-04,57.16265127176898
2021-05-05,52.91180005740011
2021-05-06,53.20852851534416
2021-05-07,51.704954030568445
2021-05-08,56.44797601962401
2021-05-09,57.59237332220689
2021-05-10,56.75697241603287
2021-05-11,60.5371816896928
2021-05-12,55.62888893461109
2021-05-13,57.785757482368865
2021-05-14,52.6401286704308
2021-05-15,54.891434022969165
2021-05-16,58.27861053815933
2021-05-17,58.880288769318256
2021-05-18,55.59374602533126
2021-05-19,56.4051505290428
2021-05-20,52.21222268630207
2021-05-21,55.84220295905913
2021-05-22,59.733393988959584
2021-05-23,58.938276647161814
2021-05-24,58.866494455115124
2021-05-25,57.66702764413877
2021-05-26,57.69343355038021
2021-05-27,55.84710055545649
2021-05-28,60.08160536854787
2021-05-29,59.4062847707321
2021-05-30,59.77881111507166
2021-05-31,56.88513425023355
2021-06-01,52.16474224444513
2021-06-02,62.078761518337444
2021-06-03,57.5142753854119
2021-06-04,56.526848379064546
2021-06-05,61.36085516040093
2021-06-06,58.27042912908074
2021-06-07,62.79308149208037
2021-06-08,61.63180271868844
2021-06-09,61.99966297091524
2021-06-10,56.01986576796595
2021-06-11,63.92290051434443
2021-06-12,61.24066338705875
2021-06-13,59.519380861128745
2021-06-14,61.228084953033225
2021-06-15,55.64027732683069
2021-06-16,62.36631044706755
2021-06-17,58.22386120743059
2021-06-18,57.42579247023686
2021-06-19,57.08870632511887
2021-06-20,65.16593156341143
2021-06-21,60.112209818921635
2021-06-22,66.77331669130784
2021-06-23,60.73681172707057
2021-06-24,57.3941227994537
2021-06-25,59.33845094817722
2021-06-26,66.56708284739528
2021-06-27,62.563322440664344
2021-06-28,61.55721855952172
2021-06-29,63.85284239869101
2021-06-30,65.04843641514545
2021-07-01,67.06512788952216
2021-07-02,68.22776478811122
2021-07-03,62.971739061318935
2021-07-04,60.24107207179553
2021-07-05,63.146332176689675
2021-07-06,65.33437447091053
2021-07-07,61.82830479670922
2021-07-08,62.01337158412096
2021-07-09,66.08057589121255
2021-07-10,65.06673956221228
2021-07-11,65.47361998217589
2021-07-12,63.2612752176635
2021-07-13,65.00604328628943
2021-07-14,63.08393462963116
2021-07-15,68.68547512543408
2021-07-16,69.27768403029442
2021-07-17,60.78919233879002
2021-07-18,63.693760836826876
2021-07-19,62.14591494375828
2021-07-20,64.83726659793719
2021-07-21,66.68744159222868
2021-07-22,62.73777377942545
2021-07-23,64.46857663427956
2021-07-24,64.3681795991385
2021-07-25,68.14615511987303
2021-07-26,67.87505057401994
2021-07-27,65.64279007452625
2021-07-28,68.47772948602582
2021-07-29,66.44472844738947
2021-07-30,67.40550215343052
2021-07-31,73.37467927979739
2021-08-01,72.50767876572085
2021-08-02,64.71760247163999
2021-08-03,71.23363344196699
2021-08-04,71.30471733571146
2021-08-05,65.54979340425862
2021-08-06,71.57289915408232
2021-08-07,73.85023613819679
2021-08-08,65.98653581090662
2021-08-09,66.71721241392277
2021-08-10,72.63604248531612
2021-08-11,70.50863420131631
2021-08-12,71.45738733642632
2021-08-13,70.93122421676927
2021-08-14,71.18569864453119
2021-08-15,66.13597420514037
2021-08-16,73.35671865288849
2021-08-17,73.8204762409414
2021-08-18,69.7180118241407
2021-08-19,70.3677400658337
2021-08-20,65.99431707509086
2021-08-21,72.21732781534948
2021-08-22,72.47508937658486
2021-08-23,70.6541020484357
2021-08-24,74.29287354420698
2021-08-25,69.99407700358262
2021-08-26,72.76395590570716
2021-08-27,68.082286865777
2021-08-28,71.13905642454363
2021-08-29,70.75235406208346
2021-08-30,72.01429605435207
2021-08-31,70.28997979291888
2021-09-01,71.06154608725642
2021-09-02,73.98870667727606
2021-09-03,70.2520555542044
2021-09-04,66.79156653650696
2021-09-05,76.90615108916481
2021-09-06,75.84500145458654
2021-09-07,67.86421646640734
2021-09-08,73.84760683079216
2021-09-09,70.30414039106206
2021-09-10,72.63519981351409
2021-09-11,72.75616681098035
2021-09-12,71.19610154992456
2021-09-13,69.57092509742013
2021-09-14,69.87055591199073
2021-09-15,69.21061421502806
2021-09-16,69.47778310639022
2021-09-17,71.78281934140757
2021-09-18,69.84522014506459
2021-09-19,74.04384121693677
2021-09-20,76.4616458633697
2021-09-21,70.25900686243725
2021-09-22,72.7136763084797
2021-09-23,73.48785248675914
2021-09-24,73.39517842141176
2021-09-25,72.19445482128997
2021-09-26,74.17910036608613
2021-09-27,73.37931535071611
2021-09-28,68.19815337295265
2021-09-29,74.49424409549123
2021-09-30,74.52135401143853
2021-10-01,69.53940720726408
2021-10-02,71.9099504227977
2021-10-03,73.8100924847569
2021-10-04,71.09324050755254
2021-10-05,74.89831197353868
2021-10-06,78.72632296949958
2021-10-07,69.22922007196803
2021-10-08,67.39367615684314
2021-10-09,72.39507158693634
2021-10-10,73.59229894928264
2021-10-11,70.67621434142
2021-10-12,75.6670213003429
2021-10-13,67.22708982276119
2021-10-14,73.25459212968877
2021-10-15,69.28846383866548
2021-10-16,76.19169174186874
2021-10-17,76.93593896685346
2021-10-18,68.58060346294488
2021-10-19,69.15145063200961
2021-10-20,73.29582684803262
2021-10-21,69.47002933113056
2021-10-22,70.40698804370156
2021-10-23,70.52865583515786
2021-10-24,64.6002353255934
2021-10-25,70.22202874895638
2021-10-26,68.09619719226664
2021-10-27,68.58543099601013
2021-10-28,74.2927246482326
2021-10-29,66.08697786794939
2021-10-30,72.18845597391434
2021-10-31,68.80199733691
2021-11-01,68.68738776983257
2021-11-02,71.78333579664108
2021-11-03,70.31572942457154
2021-11-04,70.88860812841821
2021-11-05,71.96039008267036
2021-11-06,67.93888711931982
2021-11-07,66.9710238912469
2021-11-08,65.42518706246194
2021-11-09,66.075331982154
2021-11-10,77.26783040829181
2021-11-11,72.0216668881687
2021-11-12,64.09962290100921
2021-11-13,64.0488667620185
2021-11-14,69.32345070808022
2021-11-15,69.37951707117715
2021-11-16,69.24254413005386
2021-11-17,66.68753700474542
2021-11-18,66.93093770161063
2021-11-19,68.1442624826366
2021-11-20,67.27009715333776
2021-11-21,60.20482595284429
2021-11-22,66.02219618501304
2021-11-23,64.00484763230365
2021-11-24,66.93082210023049
2021-11-25,75.20578040750577
2021-11-26,67.19600458457913
2021-11-27,64.99531370804748
2021-11-28,68.5424841579714
2021-11-29,67.06520096892532
2021-11-30,66.71640659806286
2021-12-01,67.11463660189233
2021-12-02,71.3007011038469
2021-12-03,61.57446288675716
2021-12-04,66.22320298242653
2021-12-05,61.85751153733546
2021-12-06,66.1367597438361
2021-12-07,61.54699716784784
2021-12-08,62.8831087135827
2021-12-09,63.08145915522205
2021-12-10,66.72511601528976
2021-12-11,66.38343346121242
2021-12-12,59.7208398398596
2021-12-13,63.452284107525365
2021-12-14,60.98785050696943
2021-12-15,59.169852766145986
2021-12-16,62.122813641061526
2021-12-17,61.67668440829047
2021-12-18,69.71037178908188
2021-12-19,63.55706387835342
2021-12-20,57.953217466624174
2021-12-21,60.21960801860029
2021-12-22,64.80596548401687
2021-12-23,67.83510598856446
2021-12-24,56.6399172896282
2021-12-25,55.586362052248234
2021-12-26,66.66752802794336
2021-12-27,62.052252460895765
2021-12-28,58.10764002984509
2021-12-29,62.145895289168564
2021-12-30,52.4646866535642
2021-12-31,60.21246066253586
2022-01-01,63.01673462059349
2022-01-02,64.63760126421553
2022-01-03,58.65525544081626
2022-01-04,61.78683967940072
2022-01-05,58.58707119454117
2022-01-06,61.963844515030786
2022-01-07,58.34683284017602
2022-01-08,59.64462707316107
2022-01-09,57.71846899338401
2022-01-10,62.49728559876363
2022-01-11,62.95821604267232
2022-01-12,59.51905863808811
2022-01-13,60.17881121831542
2022-01-14,55.560666167943154
2022-01-15,58.85096665628409
2022-01-16,59.44419830536982
2022-01-17,67.30331233800534
2022-01-18,55.95250384593887
2022-01-19,63.52980464517041
2022-01-20,61.97815818593966
2022-01-21,59.68128530331188
2022-01-22,63.96856097096607
2022-01-23,59.66391203241408
2022-01-24,59.57158496290202
2022-01-25,58.10291536190412
2022-01-26,61.79285412433115
2022-01-27,61.27316706918342
2022-01-28,55.970122137878086
2022-01-29,53.75463027024536
2022-01-30,56.970510955447395
2022-01-31,55.04832073471621
2022-02-01,57.1287876340186
2022-02-02,60.90458030928225
2022-02-03,55.695282765869855
2022-02-04,56.8156937549935
2022-02-05,56.997299067665566
2022-02-06,59.24971710575098
2022-02-07,49.847111889560225
2022-02-08,54.653230840384026
2022-02-09,56.99496494893299
2022-02-10,59.85139645561018
2022-02-11,54.66779410669424
2022-02-12,50.40851324404822
2022-02-13,57.794334874688964
2022-02-14,53.928532319063955
2022-02-15,52.16745803548982
2022-02-16,53.767709036673956
2022-02-17,54.993933353501816
2022-02-18,53.642544308887096
2022-02-19,48.75188054820368
2022-02-20,57.97413540356818
2022-02-21,59.02450308410081
2022-02-22,57.07399274772358
2022-02-23,51.62855008137646
2022-02-24,54.3619673749106
2022-02-25,54.874389753369464
2022-02-26,56.62054690809179
2022-02-27,56.762114244223305
2022-02-28,52.49023929328472
2022-03-01,54.877173206286365
2022-03-02,55.94422977994152
2022-03-03,58.88385116631858
2022-03-04,56.57670965316971
2022-03-05,56.77999189225359
2022-03-06,54.616774398146596
2022-03-07,58.55199960536987
2022-03-08,55.508106421587875
2022-03-09,51.656630763155604
2022-03-10,58.41397299392067
2022-03-11,56.264444297817256
2022-03-12,52.81138643697625
2022-03-13,52.67474519547886
2022-03-14,54.97858599548774
2022-03-15,55.45698589312861
2022-03-16,54.640823685886645
2022-03-17,54.967337002786955
2022-03-18,59.12070051507522
2022-03-19,57.22583230085432
2022-03-20,54.576443966921495
2022-03-21,56.82476515575507
2022-03-22,50.90252089205548
2022-03-23,55.19609613004152
2022-03-24,59.4354189368025
2022-03-25,53.36150810226724
2022-03-26,51.483848483061195
2022-03-27,52.084543372749025
2022-03-28,50.78892181903332
2022-03-29,51.723492181437564
2022-03-30,52.989150753356384
2022-03-31,49.90980451852421
2022-04-01,54.20211683432789
2022-04-02,56.893766818643854
2022-04-03,51.49824804450267
2022-04-04,58.8168472192011
2022-04-05,55.83173704706771
2022-04-06,57.43434238032363
2022-04-07,52.41519849972058
2022-04-08,57.001227415280795
2022-04-09,51.21363313586252
2022-04-10,57.2147786282381
2022-04-11,55.11695743996164
2022-04-12,56.321381371725096
2022-04-13,51.19779934733348
2022-04-14,52.10507759600384
2022-04-15,56.65040477290682
2022-04-16,52.08481785930104
2022-04-17,56.393310179774936
2022-04-18,50.978773116023774
2022-04-19,57.703847538566365
2022-04-20,51.54351300425204
2022-04-21,56.9823362657426
2022-04-22,57.28925321817997
2022-04-23,53.411513629435994
2022-04-24,57.3398956449094
2022-04-25,56.46962052634259
2022-04-26,54.16870889839764
2022-04-27,52.85894535769776
2022-04-28,50.0985120432355
2022-04-29,57.13949357433131
2022-04-30,51.50263317520608
2022-05-01,56.59188432948455
2022-05-02,55.62659726696763
2022-05-03,58.56770744934903
2022-05-04,55.73969327189055
2022-05-05,55.7752162579996
2022-05-06,59.07904589004714
2022-05-07,58.01059081673588
2022-05-08,58.07794019931167
2022-05-09,58.66336658109613
2022-05-10,52.7769374479559
2022-05-11,59.784070429611134
2022-05-12,59.48308337313903
2022-05-13,54.72948312986183
2022-05-14,57.18298987782613
2022-05-15,57.934811267509474
2022-05-16,57.78850691225679
2022-05-17,59.33456233679443
2022-05-18,62.769747213817354
2022-05-19,61.86524846763549
2022-05-20,54.82918634605028
2022-05-21,60.77950053239711
2022-05-22,63.04904445700645
2022-05-23,60.373087160909726
2022-05-24,62.63743856652939
2022-05-25,65.55451791969818
2022-05-26,62.74337271281663
2022-05-27,60.57598976080202
2022-05-28,63.120385530194525
2022-05-29,60.5780294368546
2022-05-30,60.374463700948134
2022-05-31,59.40899607109509
2022-06-01,65.3150110805552
2022-06-02,58.33201738525035
2022-06-03,65.54789092747146
2022-06-04,62.61476804241502
2022-06-05,57.082499900253126
2022-06-06,62.54941492781239
2022-06-07,55.31319281698563
2022-06-08,63.657308920451456
2022-06-09,64.60464945028077
2022-06-10,60.3406650346114
2022-06-11,62.65771164605197
2022-06-12,68.31938409460804
2022-06-13,61.10997216608155
2022-06-14,59.621196789836674
2022-06-15,67.41397323291345
2022-06-16,69.02811358421792
2022-06-17,63.323062747520346
2022-06-18,66.51819243399252
2022-06-19,67.68021163036519
2022-06-20,61.600413740826504
2022-06-21,62.5440824938964
2022-06-22,67.86475710102256
2022-06-23,69.39925895235298
2022-06-24,66.2048392527556
2022-06-25,62.04858120751704
2022-06-26,70.8208313224728
2022-06-27,63.43810428103845
2022-06-28,64.19666710547918
2022-06-29,66.39980122460152
2022-06-30,70.20556946878713
2022-07-01,68.27485937147145
2022-07-02,67.12686359951817
2022-07-03,67.44091058904051
2022-07-04,66.34975913597205
2022-07-05,68.06114620361502
2022-07-06,58.96485271807896
2022-07-07,65.82975919813165
2022-07-08,67.60879013355644
2022-07-09,63.596169995704365
2022-07-10,68.37166657035831
2022-07-11,66.76181533298276
2022-07-12,72.80318831671018
2022-07-13,72.4163046045513
2022-07-14,66.45921735508158
2022-07-15,67.56236675735964
2022-07-16,67.95009332929799
2022-07-17,66.97277749702543
2022-07-18,69.06736836948849
2022-07-19,66.36065650236574
2022-07-20,65.3954923963453
2022-07-21,70.80588917330057
2022-07-22,70.97529819118647
2022-07-23,66.82120879467553
2022-07-24,72.0661180076708
2022-07-25,67.6296199441802
2022-07-26,70.42651327702512
2022-07-27,72.26903477237538
2022-07-28,69.8464291754965
2022-07-29,71.44899143757466
2022-07-30,68.67117855274596
2022-07-31,69.76492325861749
2022-08-01,69.86871731770879
2022-08-02,68.37661114280208
2022-08-03,70.21411369898212
2022-08-04,66.22467277564543
2022-08-05,69.52112202909015
2022-08-06,70.26193974270872
2022-08-07,70.46790112547299
2022-08-08,70.62967789202753
2022-08-09,71.28442827738516
2022-08-10,73.02138263904381
2022-08-11,74.31769949123694
2022-08-12,69.85366283016295
2022-08-13,68.29985400140033
2022-08-14,68.88747764501746
2022-08-15,70.65378182648884
2022-08-16,71.15900157957462
2022-08-17,70.0017180650657
2022-08-18,68.5178340635951
2022-08-19,71.12980843285271
2022-08-20,73.13191944309995
2022-08-21,74.45965194480267
2022-08-22,71.08664789211745
2022-08-23,71.60168163300334
2022-08-24,70.13971853805354
2022-08-25,72.9019911853981
2022-08-26,70.52485222545391
2022-08-27,74.86066332157694
2022-08-28,67.85211340136401
2022-08-29,72.19652781843457
2022-08-30,74.24169430580447
2022-08-31,73.95006412838647
2022-09-01,81.5350648662129
2022-09-02,74.55996523665526
2022-09-03,70.55018447539302
2022-09-04,73.32490509745578
2022-09-05,68.32866037614919
2022-09-06,73.4588399706248
2022-09-07,71.24183638072192
2022-09-08,76.52465424173705
2022-09-09,72.16444387892949
2022-09-10,73.49444042013518
2022-09-11,71.96682089972666
2022-09-12,79.11587900643353
2022-09-13,72.95849379582559
2022-09-14,79.43985019937712
2022-09-15,76.4016452478266
2022-09-16,75.4194499130877
2022-09-17,75.0905536535082
2022-09-18,75.1738920070456
2022-09-19,68.21466728176208
2022-09-20,73.16325721490963
2022-09-21,76.53464050010034
2022-09-22,73.84877125645126
2022-09-23,69.77322761543961
2022-09-24,73.82195825692152
2022-09-25,79.07890556630818
2022-09-26,77.69172825761113
2022-09-27,73.74655646457605
2022-09-28,76.76548847110881
2022-09-29,72.78725484121925
2022-09-30,68.74786673915816
2022-10-01,71.05586755541115
2022-10-02,78.48480322197949
2022-10-03,72.93812626083577
2022-10-04,72.99103002816557
2022-10-05,72.779863241416
2022-10-06,79.34711525436052
2022-10-07,78.46505491595916
2022-10-08,80.19315066664886
2022-10-09,73.00648016892156
2022-10-10,74.31448490014549
2022-10-11,68.81888581469194
2022-10-12,77.73804258873463
2022-10-13,69.73956856812713
2022-10-14,73.82616295188183
2022-10-15,69.81413871804362
2022-10-16,71.26695754303076
2022-10-17,70.4466056142
2022-10-18,71.05694744426748
2022-10-19,71.18275393028841
2022-10-20,71.07225680231798
2022-10-21,75.13142301584003
2022-10-22,69.22863331831071
2022-10-23,73.11411485457224
2022-10-24,76.01313225110304
2022-10-25,70.72395289369891
2022-10-26,70.01162384221635
2022-10-27,71.3732255876687
2022-10-28,75.50100426290828
2022-10-29,72.43882144364723
2022-10-30,70.15519752984761
2022-10-31,73.09051608146956
2022-11-01,68.2197918258108
2022-11-02,73.4562986398148
2022-11-03,72.52139746397017
2022-11-04,70.25334372334297
2022-11-05,68.54007870573008
2022-11-06,68.27276950201941
2022-11-07,72.41218610380788
2022-11-08,74.36758014960252
2022-11-09,68.63964033100447
2022-11-10,71.79570724302009
2022-11-11,64.02654709015214
2022-11-12,68.39899280766167
2022-11-13,69.92306383363652
2022-11-14,67.14880227197924
2022-11-15,66.92820355467445
2022-11-16,67.5925539546951
2022-11-17,70.32898257038563
2022-11-18,68.74531342640022
2022-11-19,62.44593021018362
2022-11-20,62.65031767655256
2022-11-21,67.04213153751537
2022-11-22,70.08465483489928
2022-11-23,60.31655240690888
2022-11-24,66.90599731505006
2022-11-25,66.67125983014328
2022-11-26,72.25857292278155
2022-11-27,66.78083733142607
2022-11-28,68.92604660626243
2022-11-29,68.04090872756007
2022-11-30,61.06442368728574
2022-12-01,69.59870647214052
2022-12-02,67.77725992572714
2022-12-03,68.49193411175867
2022-12-04,78.58101987130114
2022-12-05,60.38431610878431
2022-12-06,71.64431175409268
2022-12-07,65.44071414410506
2022-12-08,66.99719586760699
2022-12-09,65.83019216203203
2022-12-10,64.5249568570615
2022-12-11,63.91857134466889
2022-12-12,66.44651817591779
2022-12-13,60.73596068451078
2022-12-14,67.36832757378224
2022-12-15,63.69678428351623
2022-12-16,61.38365677521356
2022-12-17,63.25209419967049
2022-12-18,68.20166998063303
2022-12-19,62.65217914122265
2022-12-20,65.16143082351574
2022-12-21,61.7210612039667
2022-12-22,66.01558114749953
2022-12-23,65.62630088632531
2022-12-24,68.9436937262313
2022-12-25,62.69944337116772
2022-12-26,65.06059691610173
2022-12-27,63.17761254739989
2022-12-28,66.60013357106324
2022-12-29,60.385510867975064
2022-12-30,64.60694580924668
2022-12-31,61.61824225439433
2023-01-01,63.84070657073874
2023-01-02,64.14004829894715
2023-01-03,64.4536644869739
2023-01-04,63.181091065824766
2023-01-05,64.00748462223152
2023-01-06,67.93204742069439
2023-01-07,65.98922086411075
2023-01-08,65.47639336813242
2023-01-09,61.33929659968309
2023-01-10,59.87615438860769
2023-01-11,65.24876436741559
2023-01-12,64.85106072554974
2023-01-13,66.48210926068828
2023-01-14,60.094498533936104
2023-01-15,61.061350634223416
2023-01-16,56.67635966891875
2023-01-17,60.2635197467328
2023-01-18,64.2781164549997
2023-01-19,59.7377867912285
2023-01-20,62.90902125114471
2023-01-21,60.26786677184804
2023-01-22,61.664870603045344
2023-01-23,57.10452144514649
2023-01-24,60.65973572479994
2023-01-25,51.288869408254584
2023-01-26,59.56145900258931
2023-01-27,55.09233963660535
2023-01-28,63.46513755000717
2023-01-29,62.04459391233519
2023-01-30,60.979465813532606
2023-01-31,64.01145510938728
2023-02-01,56.47261179539015
2023-02-02,64.43435549897652
2023-02-03,61.86376242391138
2023-02-04,58.234498037271386
2023-02-05,62.23009130478921
2023-02-06,55.38554392190022
2023-02-07,56.11423740693102
2023-02-08,56.647562554960814
2023-02-09,56.77418074790253
2023-02-10,55.08148665804883
2023-02-11,61.81275065049883
2023-02-12,57.261608161064345
2023-02-13,58.99271544186119
2023-02-14,56.1235653862998
2023-02-15,52.274648111115354
2023-02-16,58.450917280987895
2023-02-17,51.810744500210035
2023-02-18,57.25087616424533
2023-02-19,53.26363360300246
2023-02-20,63.24476481059921
2023-02-21,59.93396612678881
2023-02-22,57.436688147519504
2023-02-23,60.83272712561492
2023-02-24,54.427494044355946
2023-02-25,58.524391835068116
2023-02-26,57.4235950405622
2023-02-27,57.54915302207007
2023-02-28,60.50982118994051
2023-03-01,58.82866284538509
2023-03-02,57.438559554570865
2023-03-03,51.551721891193395
2023-03-04,53.58305114785715
2023-03-05,56.04469502933986
2023-03-06,56.64541163718847
2023-03-07,52.93001099573759
2023-03-08,63.513848060444644
2023-03-09,60.789076659437036
2023-03-10,58.01021804472255
2023-03-11,56.38684506405141
2023-03-12,55.50389159065824
2023-03-13,53.25746871760989
2023-03-14,56.32130091562205
2023-03-15,56.84068912775411
2023-03-16,52.32366516254815
2023-03-17,57.03594023419299
2023-03-18,55.555051244871834
2023-03-19,50.28778017051749
2023-03-20,53.42338216078792
2023-03-21,54.76001681318768
2023-03-22,61.66315557465867
2023-03-23,57.67197435380237
2023-03-24,52.001055180303496
2023-03-25,57.473754656697274
2023-03-26,51.384838302103354
2023-03-27,59.288883200189424
2023-03-28,54.64444697560685
2023-03-29,55.79686933960316
2023-03-30,60.078064991753045
2023-03-31,52.26501487030739
2023-04-01,51.9639072771401
2023-04-02,54.4361373182459
2023-04-03,59.33665313800138
2023-04-04,51.70095722184527
2023-04-05,47.802893987153226
2023-04-06,54.989124048224454
2023-04-07,58.04392456100976
2023-04-08,60.03843698329743
2023-04-09,55.09995075079227
2023-04-10,55.30975630438057
2023-04-11,60.06314162334829
2023-04-12,51.05240261268449
2023-04-13,55.55902083865901
2023-04-14,57.361558792608825
2023-04-15,58.20637628200177
2023-04-16,55.400441792401
2023-04-17,57.10701433859509
2023-04-18,49.61520447516555
2023-04-19,55.18457966356482
2023-04-20,58.60160908622097
2023-04-21,54.378554349939996
2023-04-22,57.58931308201076
2023-04-23,58.84244658713281
2023-04-24,56.56616834108192
2023-04-25,58.199685049331634
2023-04-26,54.89703677112202
2023-04-27,57.26477557083825
2023-04-28,59.8170376270209
2023-04-29,58.56146231533753
2023-04-30,56.43744768060044
2023-05-01,58.978500944033
2023-05-02,60.560771287124226
2023-05-03,52.38045528730201
2023-05-04,62.12305196522784
2023-05-05,57.75479540099766
2023-05-06,60.15990357690295
2023-05-07,62.597157500419215
2023-05-08,55.014451236071935
2023-05-09,57.12724080438791
2023-05-10,58.51800772995011
2023-05-11,57.1624438262769
2023-05-12,64.85048671860865
2023-05-13,57.20921623411095
2023-05-14,58.248590960388135
2023-05-15,60.6659002252013
2023-05-16,56.585548687233725
2023-05-17,59.14594030182003
2023-05-18,61.42800665207433
2023-05-19,59.62136707146947
2023-05-20,60.48568334964465
2023-05-21,59.32529422413385
2023-05-22,56.51883357085792
2023-05-23,62.177441232859834
2023-05-24,66.62929650591322
2023-05-25,61.57291147494621
2023-05-26,62.34803642623834
2023-05-27,63.90623223922741
2023-05-28,58.17712861830017
2023-05-29,67.25090991195275
2023-05-30,62.909740960361674
2023-05-31,67.35880947550362
2023-06-01,60.425672017486896
2023-06-02,68.24148915074983
2023-06-03,65.27625423554146
2023-06-04,64.77429592875099
2023-06-05,63.98249178771839
2023-06-06,62.70088119461478
2023-06-07,67.21486731536211
2023-06-08,64.20186447950249
2023-06-09,58.04774589055235
2023-06-10,60.76617351644656
2023-06-11,63.72953130160698
2023-06-12,65.38690874285386
2023-06-13,64.45744681216766
2023-06-14,68.45483192038746
2023-06-15,59.115677433409786
2023-06-16,65.57111582214102
2023-06-17,59.858038055815335
2023-06-18,67.76294021421997
2023-06-19,65.37240774044653
2023-06-20,67.086696354514
2023-06-21,63.408351118230705
2023-06-22,70.01052835653161
2023-06-23,69.46939010840401
2023-06-24,68.2668295812682
2023-06-25,66.29947252743288
2023-06-26,68.59921984325987
2023-06-27,64.9103392705123
2023-06-28,69.76874742605567
2023-06-29,72.32123040410441
2023-06-30,70.75491988658037
2023-07-01,65.52412403239255
2023-07-02,68.96651905025175
2023-07-03,64.17162036741026
2023-07-04,69.93638606356868
2023-07-05,69.73853789864712
2023-07-06,62.94408393256538
2023-07-07,65.23423004360396
2023-07-08,68.03540763857478
2023-07-09,68.14663300514042
2023-07-10,65.58426581066722
2023-07-11,70.54216518399768
2023-07-12,70.29118204858524
2023-07-13,69.11443803297117
2023-07-14,67.58925956196099
2023-07-15,73.16100127130942
2023-07-16,75.13815736538805
2023-07-17,68.87707147396469
2023-07-18,68.64579266593965
2023-07-19,72.1091257052645
2023-07-20,69.71325026191693
2023-07-21,70.51956389961006
2023-07-22,73.30566889369506
2023-07-23,65.50608781113363
2023-07-24,75.334958689941
2023-07-25,71.74239470466422
2023-07-26,70.43253812922464
2023-07-27,71.54030027187366
2023-07-28,71.83455493466919
2023-07-29,66.89116479081649
2023-07-30,76.70528216676838
2023-07-31,72.47829990571363
2023-08-01,73.81530200169193
2023-08-02,75.47099549414492
2023-08-03,69.68094881564856
2023-08-04,74.29094336934236
2023-08-05,72.1916599978201
2023-08-06,75.65687854846722
2023-08-07,66.85475812190464
2023-08-08,73.05688732891606
2023-08-09,71.66125890961366
2023-08-10,74.87984693668808
2023-08-11,75.10428083094398
2023-08-12,71.68008082624168
2023-08-13,71.77293497503965
2023-08-14,73.68161477607477
2023-08-15,71.425463908128
2023-08-16,76.74071661938054
2023-08-17,73.20408466231574
2023-08-18,65.68521939837986
2023-08-19,73.37370474540987
2023-08-20,71.4720081202261
2023-08-21,69.78073610091315
2023-08-22,71.0466371367747
2023-08-23,75.16890051493255
2023-08-24,78.90573594934017
2023-08-25,75.93586211811737
2023-08-26,73.25062796337915
2023-08-27,76.50899246736545
2023-08-28,73.83244194650936
2023-08-29,73.19161572830252
2023-08-30,71.8752842835303
2023-08-31,70.1430741591638
2023-09-01,74.28619275459309
2023-09-02,75.98472563271193
2023-09-03,75.27247725587439
2023-09-04,74.36339705488093
2023-09-05,72.8201611944582
2023-09-06,77.52537779356999
2023-09-07,71.78960879188445
2023-09-08,78.10656715658699
2023-09-09,72.80641364593592
2023-09-10,73.58743245546181
2023-09-11,71.47313885209283
2023-09-12,74.39511851021662
2023-09-13,78.84815946961325
2023-09-14,77.48906333427138
2023-09-15,78.8944562975559
2023-09-16,77.53967736888336
2023-09-17,72.67334472596453
2023-09-18,75.00013243941417
2023-09-19,73.65708763244652
2023-09-20,79.99163210947903
2023-09-21,72.40880064726844
2023-09-22,78.6765558750409
2023-09-23,78.66765876617664
2023-09-24,81.46803221380219
2023-09-25,74.73752923965321
2023-09-26,78.08801958974746
2023-09-27,82.77752400229066
2023-09-28,74.05821560913346
2023-09-29,71.28165515972633
2023-09-30,70.21945139791501
2023-10-01,77.96740160638382
2023-10-02,70.14668629227914
2023-10-03,74.64314834750991
2023-10-04,77.0331215274075
2023-10-05,76.23490444073038
2023-10-06,76.911040078194
2023-10-07,76.25404773727553
2023-10-08,79.37340740624464
2023-10-09,72.62666665790532
2023-10-10,73.39662601852861
2023-10-11,73.05083512714184
2023-10-12,77.79781474596763
2023-10-13,77.94410298711612
2023-10-14,76.52951221854947
2023-10-15,78.65652730161193
2023-10-16,71.4994354211177
2023-10-17,79.9600652420025
2023-10-18,79.4502890914317
2023-10-19,77.0069880314726
2023-10-20,80.0624599134064
2023-10-21,69.6615516574658
2023-10-22,72.96987728871031
2023-10-23,72.24658019148478
2023-10-24,76.5236927654584
2023-10-25,71.11311976843265
2023-10-26,76.43786596247162
2023-10-27,78.17640789519959
2023-10-28,76.04743733807815
2023-10-29,74.70775162177165
2023-10-30,70.78522039096816
2023-10-31,71.09833322952935
2023-11-01,77.27552499121008
2023-11-02,75.75026712020195
2023-11-03,73.17851698273225
2023-11-04,71.92304049946195
2023-11-05,66.97841248173765
2023-11-06,69.72025501281647
2023-11-07,78.54199135618933
2023-11-08,68.83927192912793
2023-11-09,73.1200030357541
2023-11-10,75.44287905195124
2023-11-11,68.52286014195145
2023-11-12,72.70697742397653
2023-11-13,74.8299872447812
2023-11-14,71.9153504886465
2023-11-15,80.34293184604356
2023-11-16,66.59009484746718
2023-11-17,74.62858997505815
2023-11-18,70.78889526942994
2023-11-19,73.47638437466856
2023-11-20,72.3363395895555
2023-11-21,68.6632584797569
2023-11-22,71.39858425411666
2023-11-23,64.98536258088973
2023-11-24,72.21493034521913
2023-11-25,71.14447879766712
2023-11-26,72.00954009408552
2023-11-27,73.11025774182612
2023-11-28,70.87993917266878
2023-11-29,70.06140556669251
2023-11-30,66.81291811672347
2023-12-01,67.15742253129815
2023-12-02,72.69127426989027
2023-12-03,73.27613440985284
2023-12-04,68.087975443056
2023-12-05,68.7746631690399
2023-12-06,65.75637867982806
2023-12-07,71.82132723810845
2023-12-08,70.1314596254733
2023-12-09,73.79038120732702
2023-12-10,65.1626966257164
2023-12-11,66.4940464323305
2023-12-12,68.15232973677547
2023-12-13,69.22695038770313
2023-12-14,66.46958715857404
2023-12-15,64.32648422681089
2023-12-16,69.41808737910534
2023-12-17,68.76553886129467
2023-12-18,63.68140002835413
2023-12-19,70.32451280558782
2023-12-20,69.5966660964767
2023-12-21,66.3168195228565
2023-12-22,65.98060918485679
2023-12-23,67.23195098330243
2023-12-24,62.812758015573294
2023-12-25,65.3162296451576
2023-12-26,58.59748186800047
2023-12-27,67.51277686529185
2023-12-28,60.02803855814862
2023-12-29,69.05226751608825
2023-12-30,63.381569588715486
2023-12-31,63.56733319695085
2024-01-01,64.15006938381072
2024-01-02,65.00067422383582
2024-01-03,69.95253733313798
2024-01-04,58.066352225585405
2024-01-05,69.19424123098449
2024-01-06,66.21176369131297
2024-01-07,61.41180686369345
2024-01-08,61.64299241149401
2024-01-09,69.7350942593793
2024-01-10,61.707356233464466
2024-01-11,60.92281116091444
2024-01-12,67.63486397505454
2024-01-13,65.07975586229307
2024-01-14,61.092663682234594
2024-01-15,64.39987152651831
2024-01-16,60.51755410557422
2024-01-17,66.74339726018323
2024-01-18,66.47251781788076
2024-01-19,64.73329152537893
2024-01-20,64.07256504928328
2024-01-21,68.12294046444359
2024-01-22,62.69175850054534
2024-01-23,59.00197323833109
2024-01-24,63.75252911439516
2024-01-25,68.5204184695681
2024-01-26,59.07786899751771
2024-01-27,60.89937106766882
2024-01-28,63.09649211467108
2024-01-29,61.55065730702444
2024-01-30,58.63254212650242
2024-01-31,64.81400999660056
2024-02-01,68.27948352391644
2024-02-02,61.78066028230156
2024-02-03,58.354982861922224
2024-02-04,56.2972823237678
2024-02-05,61.59715880690393
2024-02-06,64.0160564890839
2024-02-07,62.013283131000186
2024-02-08,60.46612020192335
2024-02-09,58.59329891672665
2024-02-10,56.97466868817532
2024-02-11,62.6477554281875
2024-02-12,62.7794862263306
2024-02-13,55.298011176718354
2024-02-14,64.6041364200829
2024-02-15,61.45867167544291
2024-02-16,63.83952914125101
2024-02-17,55.521126181014026
2024-02-18,55.359305836255416
2024-02-19,58.921670790198995
2024-02-20,60.791290093592366
2024-02-21,64.58896042904553
2024-02-22,61.23766351515046
2024-02-23,58.313563262214814
2024-02-24,55.88733435375548
2024-02-25,62.58395541721529
2024-02-26,55.930047462153915
2024-02-27,63.64249844238603
2024-02-28,57.83960674080068
2024-02-29,63.40293275489924
2024-03-01,60.60918243627363
2024-03-02,58.10539773155091
2024-03-03,56.90500091821716
2024-03-04,57.3900981980888
2024-03-05,59.650244591484224
2024-03-06,58.55209165841251
2024-03-07,56.49738380950327
2024-03-08,57.74300026272342
2024-03-09,58.43959417270255
2024-03-10,51.78453219695574
2024-03-11,59.51502284472779
2024-03-12,55.17406042352617
2024-03-13,54.62886215044822
2024-03-14,53.00539846599373
2024-03-15,52.667269395389354
2024-03-16,53.96706847312143
2024-03-17,55.89376551845461
2024-03-18,63.87098025672937
2024-03-19,56.42689816544081
2024-03-20,58.53408373225671
2024-03-21,59.20153676215708
2024-03-22,58.39551053884864
2024-03-23,57.77516950542519
2024-03-24,54.42976449764662
2024-03-25,62.37953291375608
2024-03-26,63.46239996944186
2024-03-27,53.009844848692424
2024-03-28,55.00569213316154
2024-03-29,57.26124402199545
2024-03-30,55.23289219132957
2024-03-31,59.673158492846675
2024-04-01,56.00211869006407
2024-04-02,64.71668478836324
2024-04-03,61.830641231306586
2024-04-04,58.93708287338157
2024-04-05,61.42355941341065
2024-04-06,61.70640343434892
2024-04-07,56.74580926990622
2024-04-08,56.04078310342257
2024-04-09,58.778465314637515
2024-04-10,61.18634779407488
2024-04-11,59.078808907731
2024-04-12,53.993593717635044
2024-04-13,56.38181379098113
2024-04-14,58.63680152736353
2024-04-15,58.70286505899615
2024-04-16,64.92131783384698
2024-04-17,54.92222270820752
2024-04-18,60.67609262607399
2024-04-19,63.70842227354244
2024-04-20,66.13978568897242
2024-04-21,58.19916814769009
2024-04-22,60.97611744288532
2024-04-23,61.303097015251154
2024-04-24,60.27473893100179
2024-04-25,59.48869886325794
2024-04-26,61.19253557842653
2024-04-27,52.38965086259418
2024-04-28,62.13675190262012
2024-04-29,60.575575200278145
2024-04-30,59.638427040825825
2024-05-01,66.55752850237305
2024-05-02,58.50547706666279
2024-05-03,59.436601803165054
2024-05-04,66.73821952365508
2024-05-05,58.387249862632686
2024-05-06,59.355070880673914
2024-05-07,60.68839605747078
2024-05-08,63.7777672580592
2024-05-09,62.00706133963716
2024-05-10,57.6358283481934
2024-05-11,60.04917130171666
2024-05-12,59.957469215954696
2024-05-13,61.6835681631796
2024-05-14,63.33026410628186
2024-05-15,63.44661453312591
2024-05-16,57.00494717494362
2024-05-17,65.66746983100637
2024-05-18,63.37765482260687
2024-05-19,66.91944006912621
2024-05-20,64.24588554335098
2024-05-21,66.36621337160751
2024-05-22,64.6122975331925
2024-05-23,67.40317455957974
2024-05-24,65.08445849064923
2024-05-25,63.378498335166974
2024-05-26,70.64536813521748
2024-05-27,66.65223147477994
2024-05-28,65.86459920057717
2024-05-29,60.47384132147827
2024-05-30,60.598315925845675
2024-05-31,65.50291745048443
2024-06-01,65.22386697638107
2024-06-02,63.108420058412165
2024-06-03,65.5381237700301
2024-06-04,70.04629920878973
2024-06-05,67.53267447248902
2024-06-06,62.19024681068228
2024-06-07,65.44625838852951
2024-06-08,63.53405555875612
2024-06-09,64.95463315234188
2024-06-10,65.04622156129629
2024-06-11,65.02397504554517
2024-06-12,62.86180616294716
2024-06-13,66.4149555064519
2024-06-14,65.28716011498373
2024-06-15,58.35200594261874
2024-06-16,73.47089180548178
2024-06-17,70.75011229041748
2024-06-18,66.52688170899755
2024-06-19,67.88432358766345
2024-06-20,64.48503695804732
2024-06-21,73.25930219499095
2024-06-22,74.03608220054679
2024-06-23,68.98627785697211
2024-06-24,71.75861620057923
2024-06-25,69.38550832417624
2024-06-26,65.02084065784655
2024-06-27,67.96661034210256
2024-06-28,69.76857162144853
2024-06-29,68.17944505041247
2024-06-30,69.05697160950966
2024-07-01,69.60806842590509
2024-07-02,69.80840950508981
2024-07-03,70.3759906015341
2024-07-04,67.2049124608697
2024-07-05,68.40248450377806
2024-07-06,66.86582877824114
2024-07-07,73.81827097786469
2024-07-08,64.73227142104192
2024-07-09,74.67346764687441
2024-07-10,75.53427718772966
2024-07-11,70.63021946081585
2024-07-12,63.88783416542483
2024-07-13,70.7727023765342
2024-07-14,71.82232740819326
2024-07-15,69.14014136633642
2024-07-16,70.78210074407957
2024-07-17,77.07287901399417
2024-07-18,74.63028419593374
2024-07-19,70.01364605802358
2024-07-20,68.14495799281347
2024-07-21,72.10565748569172
2024-07-22,72.59378573560419
2024-07-23,74.86864927747294
2024-07-24,71.91840299397322
2024-07-25,75.20151628899677
2024-07-26,79.6134648547187
2024-07-27,76.39376993694042
2024-07-28,73.94050317915894
2024-07-29,73.67101607124879
2024-07-30,73.28430360636216
2024-07-31,78.02821834770624
2024-08-01,72.73440584456888
2024-08-02,74.8801043153294
2024-08-03,75.02412137787994
2024-08-04,73.48923069208188
2024-08-05,70.99916957916544
2024-08-06,76.20536389381213
2024-08-07,75.17115831407371
2024-08-08,76.97044228527527
2024-08-09,73.98225716546811
2024-08-10,79.35661216527852
2024-08-11,73.17263716707222
2024-08-12,81.04557741962145
2024-08-13,70.77070135226197
2024-08-14,77.41970078374429
2024-08-15,77.64105758060401
2024-08-16,73.92503505983544
2024-08-17,77.67936586992782
2024-08-18,80.33672692455576
2024-08-19,69.93718306469583
2024-08-20,78.18279796976842
2024-08-21,69.27910459045219
2024-08-22,73.94368068886402
2024-08-23,81.80731255929831
2024-08-24,75.25096259634627
2024-08-25,73.54849823479944
2024-08-26,76.54746669489928
2024-08-27,83.413431891657
2024-08-28,71.78037009417388
2024-08-29,74.18444255331121
2024-08-30,81.89085562895784
2024-08-31,83.02907090488462
2024-09-01,77.20027149008068
2024-09-02,73.84519015833912
2024-09-03,83.89882834415049
2024-09-04,82.44072655179613
2024-09-05,79.73748018180177
2024-09-06,75.30379750491194
2024-09-07,77.63139539254246
2024-09-08,77.3319844595816
2024-09-09,78.83729208136765
2024-09-10,82.22649873833387
2024-09-11,80.53757607428574
2024-09-12,74.69009386322504
2024-09-13,82.07166841899813
2024-09-14,78.89858638151127
2024-09-15,80.0344471186583
2024-09-16,82.38397678939145
2024-09-17,74.65775936385619
2024-09-18,77.89020828367951
2024-09-19,76.40554374328427
2024-09-20,73.29558831045101
2024-09-21,79.03559273968834
2024-09-22,85.52346681060361
2024-09-23,72.45893837513667
2024-09-24,77.86974718439329
2024-09-25,79.87268191623129
2024-09-26,78.30180309764268
2024-09-27,77.57175648238733
2024-09-28,73.98912681198594
2024-09-29,78.5578417284588
2024-09-30,75.55897358875204
2024-10-01,71.22637180151924
2024-10-02,81.34388216786488
2024-10-03,80.59633942581674
2024-10-04,77.83436076079388
2024-10-05,78.3219295502586
2024-10-06,80.81013220801965
2024-10-07,78.20982893663871
2024-10-08,80.19566846440566
2024-10-09,76.53516483128266
2024-10-10,81.30476467867615
2024-10-11,78.26959648817785
2024-10-12,77.82506305274856
2024-10-13,73.36565299445785
2024-10-14,77.96691386384728
2024-10-15,74.53769327076348
2024-10-16,75.04354472776362
2024-10-17,74.43444634134656
2024-10-18,73.60141724403768
2024-10-19,83.0913773961441
2024-10-20,80.62543846646432
2024-10-21,82.30432420393105
2024-10-22,72.78380551486394
2024-10-23,76.57301604391905
2024-10-24,72.38301911162681
2024-10-25,74.07829588286796
2024-10-26,73.31041851295973
2024-10-27,79.68058065715084
2024-10-28,74.66780951648187
2024-10-29,78.95397841475246
2024-10-30,77.451248796671
2024-10-31,82.43758453163444
2024-11-01,70.97388743906679
2024-11-02,79.07327526022527
2024-11-03,78.6160917479618
2024-11-04,72.13569958699067
2024-11-05,77.95421227828926
2024-11-06,75.81616898384884
2024-11-07,73.99820986227512
2024-11-08,72.07975711117486
2024-11-09,72.26321877801809
2024-11-10,80.43706443331611
2024-11-11,74.15489445650572
2024-11-12,76.3626306368436
2024-11-13,71.50515437792208
2024-11-14,71.39816384037833
2024-11-15,76.84184705185159
2024-11-16,69.40367575075192
2024-11-17,72.06165917790352
2024-11-18,73.26270614337523
2024-11-19,73.34653593997791
2024-11-20,72.32544721603843
2024-11-21,73.8990544200264
2024-11-22,74.63763420253802
2024-11-23,74.60910047988294
2024-11-24,69.29259197369207
2024-11-25,71.24109429436982
2024-11-26,75.52019135219548
2024-11-27,74.46102121476126
2024-11-28,67.4985589528545
2024-11-29,72.51056282776395
2024-11-30,65.35940907412088
2024-12-01,71.27187511553939
2024-12-02,76.66042924297284
2024-12-03,67.95862860018521
2024-12-04,68.13368579080533
2024-12-05,72.76231114952793
2024-12-06,65.67465215667718
2024-12-07,68.23694406474284
2024-12-08,71.75605231068103
2024-12-09,67.89480831418742
2024-12-10,68.92016016775224
2024-12-11,71.69054910014387
2024-12-12,70.5521200251355
2024-12-13,69.91704526010315
2024-12-14,67.92800066036187
2024-12-15,69.8840481381415
2024-12-16,68.23093473335865
2024-12-17,69.80363915982267
2024-12-18,66.76738832691738
2024-12-19,67.53836304574827
2024-12-20,64.94405665345708
2024-12-21,67.63679276770996
2024-12-22,65.13677507906817
2024-12-23,64.05572787585609
2024-12-24,68.00211865123153
2024-12-25,67.692851829401
2024-12-26,69.23203113362877
2024-12-27,65.41914151674891
2024-12-28,67.76616657131153
2024-12-29,68.02432258743582
2024-12-30,67.53665556623916
2024-12-31,63.55631005365781
