Date,Turbidity (Kanpur) (NTU)
2020-01-01,11.494953357837302
2020-01-02,11.485258977893338
2020-01-03,11.564490817098427
2020-01-04,11.478265925387277
2020-01-05,11.64928713569731
2020-01-06,11.190348929929403
2020-01-07,11.331345249482416
2020-01-08,11.838178878631242
2020-01-09,11.3202432831936
2020-01-10,11.730267186614485
2020-01-11,11.528497043023375
2020-01-12,11.0715845092764
2020-01-13,11.536680424058542
2020-01-14,11.362432601337996
2020-01-15,11.27140607879572
2020-01-16,11.388213242108659
2020-01-17,11.41106665685067
2020-01-18,11.434779102884129
2020-01-19,11.506241508846566
2020-01-20,11.329764462387008
2020-01-21,10.950779595718949
2020-01-22,11.10917583622686
2020-01-23,11.770749009242747
2020-01-24,11.30551431846108
2020-01-25,11.613199058305813
2020-01-26,11.397408938001128
2020-01-27,11.145924319473766
2020-01-28,11.137354514011232
2020-01-29,11.04953977013088
2020-01-30,10.689357006975854
2020-01-31,11.020874914680018
2020-02-01,11.24003911418814
2020-02-02,10.858911886820236
2020-02-03,11.042468759481896
2020-02-04,11.111942794017871
2020-02-05,10.741548541623562
2020-02-06,10.815403096001535
2020-02-07,10.684584685631675
2020-02-08,10.706566637364107
2020-02-09,10.596646024083574
2020-02-10,10.657584245673835
2020-02-11,11.105416353541496
2020-02-12,10.622630298508017
2020-02-13,10.81557192433072
2020-02-14,10.674619172096934
2020-02-15,10.996241889321523
2020-02-16,11.008344240192766
2020-02-17,10.904940410398195
2020-02-18,10.77974365599581
2020-02-19,10.659074900556952
2020-02-20,10.454065581097767
2020-02-21,11.068687470264136
2020-02-22,10.51597941250525
2020-02-23,10.788970333304205
2020-02-24,10.856879411037651
2020-02-25,10.52303695547761
2020-02-26,10.831227066374103
2020-02-27,10.766406557378131
2020-02-28,10.949506870519384
2020-02-29,10.50080868727151
2020-03-01,10.328685481458427
2020-03-02,10.47635967889284
2020-03-03,10.611249213561198
2020-03-04,10.573565819936066
2020-03-05,10.476106597898868
2020-03-06,10.166253833668456
2020-03-07,10.635919304282229
2020-03-08,10.930453069867887
2020-03-09,10.623429710156366
2020-03-10,10.647437275840728
2020-03-11,10.635566836285275
2020-03-12,10.596392948627969
2020-03-13,10.699662097383436
2020-03-14,10.589189462336012
2020-03-15,10.444806599418298
2020-03-16,10.345813865366994
2020-03-17,10.453329527645776
2020-03-18,10.564506325912584
2020-03-19,10.437463986744369
2020-03-20,10.562992748644179
2020-03-21,10.5878439171358
2020-03-22,10.6669831332842
2020-03-23,10.75768397690827
2020-03-24,10.517948351962426
2020-03-25,10.242457227308234
2020-03-26,10.437100686415395
2020-03-27,10.517485653140392
2020-03-28,10.144512934637683
2020-03-29,10.792834161389466
2020-03-30,10.547451418911113
2020-03-31,10.599559841787919
2020-04-01,10.801145587097839
2020-04-02,10.407198921713045
2020-04-03,10.653657703418176
2020-04-04,10.522931292602351
2020-04-05,10.514572720114534
2020-04-06,10.403866846630674
2020-04-07,10.898768402849448
2020-04-08,10.498315217542155
2020-04-09,10.721498268238427
2020-04-10,10.21521443559277
2020-04-11,10.83524186270357
2020-04-12,10.819129705822617
2020-04-13,10.638029890484509
2020-04-14,10.583419524494415
2020-04-15,10.719479281918758
2020-04-16,11.108311827697694
2020-04-17,10.30938064052998
2020-04-18,10.83030421259978
2020-04-19,10.503838981852855
2020-04-20,10.694831788645658
2020-04-21,10.662278038770562
2020-04-22,10.639610711149157
2020-04-23,10.736979365737737
2020-04-24,10.52640983139573
2020-04-25,10.973621257271972
2020-04-26,10.423862709249239
2020-04-27,10.905911270303653
2020-04-28,10.74827434435792
2020-04-29,10.595371244632346
2020-04-30,10.886354433793834
2020-05-01,10.55115106994086
2020-05-02,10.887484632799094
2020-05-03,10.612299083991712
2020-05-04,11.006788359419698
2020-05-05,10.747643599851262
2020-05-06,10.860613706016668
2020-05-07,11.028210726753132
2020-05-08,10.833826149382134
2020-05-09,10.995955272702922
2020-05-10,10.724289558198558
2020-05-11,11.173026669383965
2020-05-12,11.419912638448853
2020-05-13,11.645726468409302
2020-05-14,11.126143598892144
2020-05-15,11.286440417978735
2020-05-16,10.793822230981824
2020-05-17,11.471893895509687
2020-05-18,11.348237943637372
2020-05-19,11.11808989996143
2020-05-20,11.484429744279645
2020-05-21,11.208441459430965
2020-05-22,11.190294203223406
2020-05-23,11.399741578731222
2020-05-24,11.114985087423321
2020-05-25,11.555161564054343
2020-05-26,11.163011633696156
2020-05-27,11.187757058226403
2020-05-28,11.239566932952922
2020-05-29,11.597313193167215
2020-05-30,11.346130744431502
2020-05-31,11.224116493735396
2020-06-01,11.396959507474293
2020-06-02,11.536209688879469
2020-06-03,11.33108185394621
2020-06-04,11.361726541891972
2020-06-05,12.039229324145637
2020-06-06,11.469877770228297
2020-06-07,11.60250925673915
2020-06-08,11.618895850037214
2020-06-09,11.633388573681044
2020-06-10,11.867329631721605
2020-06-11,11.958165359097988
2020-06-12,11.732890955523784
2020-06-13,11.572392275332502
2020-06-14,12.100235499398627
2020-06-15,11.851984583654493
2020-06-16,12.242860722767954
2020-06-17,11.473453319652085
2020-06-18,11.987448226822545
2020-06-19,12.35790123254149
2020-06-20,11.929347172912369
2020-06-21,11.980721349566826
2020-06-22,12.110734755752187
2020-06-23,11.96567033705789
2020-06-24,12.040789253792934
2020-06-25,12.06138417926789
2020-06-26,12.02916839928588
2020-06-27,12.42608337738914
2020-06-28,12.298133764629185
2020-06-29,12.281588877417082
2020-06-30,12.41865391765024
2020-07-01,12.229468898124173
2020-07-02,12.15281598613235
2020-07-03,12.212357408583337
2020-07-04,12.358365757229848
2020-07-05,12.1711876009997
2020-07-06,12.307885032983824
2020-07-07,12.329500320946625
2020-07-08,12.882293082950236
2020-07-09,11.927141504551763
2020-07-10,12.470360405110043
2020-07-11,12.87565294182751
2020-07-12,12.5789557071625
2020-07-13,12.729178604049629
2020-07-14,12.622197246828913
2020-07-15,12.49232372767518
2020-07-16,12.200780201923864
2020-07-17,12.713435150017876
2020-07-18,12.540204085433798
2020-07-19,12.558033678940623
2020-07-20,12.640865874044144
2020-07-21,13.111978697102856
2020-07-22,13.266090919499119
2020-07-23,12.85044934481313
2020-07-24,12.735699524969084
2020-07-25,12.614607350946434
2020-07-26,12.964908442489916
2020-07-27,13.248671150454175
2020-07-28,12.863247227767658
2020-07-29,12.457270914510657
2020-07-30,13.087158385698372
2020-07-31,13.170024283842482
2020-08-01,12.675282799286247
2020-08-02,13.04696226498201
2020-08-03,13.12082435406272
2020-08-04,13.034566030175682
2020-08-05,12.90933074960559
2020-08-06,13.28865350215658
2020-08-07,13.022449585252241
2020-08-08,12.823420899004846
2020-08-09,12.727563815583908
2020-08-10,13.40629214432577
2020-08-11,13.293776571900386
2020-08-12,13.204013194561
2020-08-13,13.113986704891854
2020-08-14,13.111508905670416
2020-08-15,13.017067500265298
2020-08-16,13.160464810636736
2020-08-17,12.836910165427682
2020-08-18,13.12751290659759
2020-08-19,13.225958434143486
2020-08-20,13.42316054153248
2020-08-21,13.305852265041691
2020-08-22,13.485085887690158
2020-08-23,13.607799040712008
2020-08-24,13.561080323243186
2020-08-25,13.454622688679665
2020-08-26,13.373564518114158
2020-08-27,13.18529932989224
2020-08-28,13.539301335644659
2020-08-29,13.736705319678693
2020-08-30,13.478205294842926
2020-08-31,13.801846410825938
2020-09-01,13.121470432830513
2020-09-02,13.20351956293195
2020-09-03,13.612734977358103
2020-09-04,13.501467948512932
2020-09-05,13.717852318091623
2020-09-06,13.458056354613284
2020-09-07,13.293177427752818
2020-09-08,13.429241056966406
2020-09-09,13.17017393094339
2020-09-10,13.255306028971573
2020-09-11,13.679387542214632
2020-09-12,13.66289079702082
2020-09-13,13.563927717302144
2020-09-14,13.149662990028675
2020-09-15,13.424306744559656
2020-09-16,13.252653154001337
2020-09-17,13.734181667617078
2020-09-18,13.382908326257317
2020-09-19,13.282836567447974
2020-09-20,13.505834221006392
2020-09-21,13.371288529664113
2020-09-22,13.795068355418291
2020-09-23,13.34991356179125
2020-09-24,13.215142700786329
2020-09-25,13.062075263499544
2020-09-26,13.48372797341844
2020-09-27,13.374285073218598
2020-09-28,13.197235464046164
2020-09-29,13.716767517196901
2020-09-30,13.607838857455821
2020-10-01,13.46377696168079
2020-10-02,13.736881074782726
2020-10-03,13.590684501623315
2020-10-04,13.28733549423241
2020-10-05,13.23736179004807
2020-10-06,13.601673034371718
2020-10-07,13.509794886239138
2020-10-08,13.456491923612388
2020-10-09,13.244842154511849
2020-10-10,13.526911532844299
2020-10-11,13.244986119930179
2020-10-12,13.366038752370905
2020-10-13,13.665764268366487
2020-10-14,13.233740097979295
2020-10-15,13.040435852072456
2020-10-16,13.133249497728343
2020-10-17,13.530945749281765
2020-10-18,13.370964533436345
2020-10-19,13.281784002326232
2020-10-20,13.192894431012553
2020-10-21,13.378555236135378
2020-10-22,13.09805261583155
2020-10-23,13.315021332856475
2020-10-24,13.093280384323274
2020-10-25,13.045275200113863
2020-10-26,13.082222432516415
2020-10-27,13.119192806377132
2020-10-28,13.16870881543133
2020-10-29,13.209417221072783
2020-10-30,12.408159860900126
2020-10-31,12.967470129748659
2020-11-01,13.033519020801686
2020-11-02,13.395348738851398
2020-11-03,12.860514848837516
2020-11-04,13.090934738780751
2020-11-05,13.338927902277634
2020-11-06,12.75856640822607
2020-11-07,13.080890841493181
2020-11-08,12.822280169026723
2020-11-09,12.862155321397
2020-11-10,12.782522055103088
2020-11-11,12.776555438261815
2020-11-12,13.446818524418683
2020-11-13,13.050569052853044
2020-11-14,13.081005974213728
2020-11-15,12.937782590982565
2020-11-16,12.496609300130585
2020-11-17,12.87508666630756
2020-11-18,12.988679509425248
2020-11-19,12.581182825360841
2020-11-20,12.922474394095259
2020-11-21,12.847606503481611
2020-11-22,13.054268049225422
2020-11-23,12.577221574023019
2020-11-24,12.417978313499187
2020-11-25,12.541708316348924
2020-11-26,12.877499613617426
2020-11-27,12.200880771637555
2020-11-28,12.128895453008447
2020-11-29,12.536297524792422
2020-11-30,12.405594864781964
2020-12-01,12.471206140038877
2020-12-02,12.63413158315741
2020-12-03,12.309832143575052
2020-12-04,12.020897072905885
2020-12-05,12.779429582161391
2020-12-06,12.146012847858163
2020-12-07,12.108473948757275
2020-12-08,12.515753337434884
2020-12-09,12.192752054380039
2020-12-10,12.231532549000814
2020-12-11,12.315256820191875
2020-12-12,12.409838886800872
2020-12-13,12.100796372046188
2020-12-14,12.44579552590866
2020-12-15,11.688919749103233
2020-12-16,12.242277363439305
2020-12-17,11.896627837903264
2020-12-18,12.313181923662297
2020-12-19,12.041319391099142
2020-12-20,11.852508438265088
2020-12-21,12.093840558263627
2020-12-22,12.114104319934654
2020-12-23,12.03805890852304
2020-12-24,11.677981033223194
2020-12-25,11.761391450549784
2020-12-26,11.83169692189317
2020-12-27,11.798625803291117
2020-12-28,11.931250299707857
2020-12-29,11.352809234090904
2020-12-30,11.797215532322358
2020-12-31,11.646994394422308
2021-01-01,11.837290542032846
2021-01-02,11.831221271286386
2021-01-03,11.91163396175049
2021-01-04,11.209249708386695
2021-01-05,11.76424384674968
2021-01-06,11.704491022271919
2021-01-07,11.96148741295429
2021-01-08,11.669234102094157
2021-01-09,11.762864516629106
2021-01-10,12.090036856526162
2021-01-11,11.956299707868434
2021-01-12,11.913892332182744
2021-01-13,11.60964009893313
2021-01-14,11.7945725176345
2021-01-15,11.61571992995495
2021-01-16,11.60000318133887
2021-01-17,11.698077028486622
2021-01-18,11.473862020805019
2021-01-19,11.869191560225607
2021-01-20,11.51611125191175
2021-01-21,11.649578526728154
2021-01-22,11.79502502360856
2021-01-23,11.688470097104059
2021-01-24,11.178832285846632
2021-01-25,11.52832077714549
2021-01-26,11.58846600045342
2021-01-27,11.575936509594767
2021-01-28,11.154414133232082
2021-01-29,11.225448730702784
2021-01-30,11.53582957729348
2021-01-31,11.164913390049845
2021-02-01,11.237964992346837
2021-02-02,11.59401504768487
2021-02-03,11.250518309592577
2021-02-04,11.096269757272465
2021-02-05,11.047961158113477
2021-02-06,11.272207534787306
2021-02-07,10.921537382031666
2021-02-08,11.121532565922704
2021-02-09,11.22081318781219
2021-02-10,11.397503902058974
2021-02-11,11.255034833455928
2021-02-12,10.96291268072964
2021-02-13,11.325963944031328
2021-02-14,11.015289915321631
2021-02-15,10.813328097504254
2021-02-16,11.01170350901895
2021-02-17,11.319760254199547
2021-02-18,11.051564755388245
2021-02-19,11.00779118079109
2021-02-20,11.319882850876589
2021-02-21,10.693710724628811
2021-02-22,10.710794193245206
2021-02-23,10.633071769704271
2021-02-24,11.019495933808985
2021-02-25,10.967391680281702
2021-02-26,11.232171834366866
2021-02-27,10.962258932137715
2021-02-28,10.823082671547171
2021-03-01,10.895036955132475
2021-03-02,10.909399768606562
2021-03-03,10.54310537531611
2021-03-04,11.41154483392131
2021-03-05,10.965897478139437
2021-03-06,10.896795838758296
2021-03-07,10.971126122319621
2021-03-08,10.983704901173729
2021-03-09,10.807873476950963
2021-03-10,10.704331235283625
2021-03-11,10.945500309294367
2021-03-12,10.898219943160544
2021-03-13,10.655005594833607
2021-03-14,11.097136026283271
2021-03-15,10.868785133363476
2021-03-16,10.95330590580248
2021-03-17,11.083395824904729
2021-03-18,10.807502022934878
2021-03-19,10.865070828019274
2021-03-20,10.962686026670188
2021-03-21,10.655152795257884
2021-03-22,10.810824222964916
2021-03-23,10.825456964360393
2021-03-24,10.609913272803796
2021-03-25,11.265874226001431
2021-03-26,10.522553851639287
2021-03-27,10.5465007250418
2021-03-28,11.071518454799788
2021-03-29,10.95431993603241
2021-03-30,10.609908293872815
2021-03-31,10.940433639429358
2021-04-01,11.116859363871326
2021-04-02,10.82198768307319
2021-04-03,11.352992067756432
2021-04-04,10.494036955067763
2021-04-05,10.98366880799456
2021-04-06,11.08469576076192
2021-04-07,11.0365741045126
2021-04-08,10.824776614783014
2021-04-09,10.81532692915504
2021-04-10,10.970434453076738
2021-04-11,11.053366810417572
2021-04-12,11.019738844022086
2021-04-13,11.116699052789883
2021-04-14,10.7147690770117
2021-04-15,10.883253821897274
2021-04-16,10.751476094371295
2021-04-17,10.873331140304408
2021-04-18,11.165072158673539
2021-04-19,10.995495519230001
2021-04-20,11.50753427491359
2021-04-21,11.037496741343547
2021-04-22,11.023792438702245
2021-04-23,11.046510946596753
2021-04-24,10.911510652976295
2021-04-25,11.04167673797577
2021-04-26,11.293342775468709
2021-04-27,11.105485545114513
2021-04-28,10.939266421761292
2021-04-29,10.928564590769108
2021-04-30,11.039515845060668
2021-05-01,11.160650446556271
2021-05-02,11.401258594377408
2021-05-03,10.91144414018188
2021-05-04,11.132909209976273
2021-05-05,11.243395946443147
2021-05-06,10.865773913051452
2021-05-07,11.084092852829249
2021-05-08,11.133443141217263
2021-05-09,11.129140496980483
2021-05-10,11.345925981640914
2021-05-11,11.29494373654717
2021-05-12,11.235794328144527
2021-05-13,11.452522402649228
2021-05-14,11.73189963835656
2021-05-15,11.735761272907206
2021-05-16,11.044245235406832
2021-05-17,11.56536180233035
2021-05-18,11.435742372235804
2021-05-19,11.524023311265623
2021-05-20,11.435219982243167
2021-05-21,11.560511310199283
2021-05-22,11.589618153974438
2021-05-23,11.466108888356533
2021-05-24,11.425401084080688
2021-05-25,11.53791685086549
2021-05-26,11.697688464065706
2021-05-27,11.794008864418378
2021-05-28,11.86843781165907
2021-05-29,11.622666886021207
2021-05-30,11.80218209912454
2021-05-31,11.961986335126102
2021-06-01,12.026834629637657
2021-06-02,11.806328936635149
2021-06-03,11.798431818027645
2021-06-04,11.905501197446366
2021-06-05,11.66212126911936
2021-06-06,11.87824815511862
2021-06-07,12.090908130685701
2021-06-08,12.095507156382492
2021-06-09,11.938289729324294
2021-06-10,12.061203575452566
2021-06-11,11.878130215669648
2021-06-12,12.209235198648583
2021-06-13,12.07851755460281
2021-06-14,12.064497642311744
2021-06-15,12.07300268661017
2021-06-16,12.15847402851386
2021-06-17,12.107220830810128
2021-06-18,12.354199106365632
2021-06-19,12.169310872962646
2021-06-20,12.592772784971725
2021-06-21,12.593042100696277
2021-06-22,12.147511336262854
2021-06-23,12.365573271319976
2021-06-24,12.247298176567643
2021-06-25,12.337874127565758
2021-06-26,12.82943269163513
2021-06-27,12.393138262747994
2021-06-28,12.552357274764514
2021-06-29,12.614182416971554
2021-06-30,12.331337356499775
2021-07-01,12.385920621390376
2021-07-02,12.341135590483244
2021-07-03,12.430462603023374
2021-07-04,12.062876247642812
2021-07-05,12.766925629167652
2021-07-06,13.093868710925495
2021-07-07,12.737501384108464
2021-07-08,12.449469877452792
2021-07-09,12.628826560404445
2021-07-10,12.690129123533548
2021-07-11,12.602767393948495
2021-07-12,13.00255071094359
2021-07-13,13.016638823211077
2021-07-14,12.64740475060188
2021-07-15,13.047248192698461
2021-07-16,13.23115293663393
2021-07-17,13.32967502987156
2021-07-18,13.545386417227808
2021-07-19,12.814926876465638
2021-07-20,13.582944845452726
2021-07-21,12.969822047538209
2021-07-22,12.944513324702056
2021-07-23,13.150537886023894
2021-07-24,12.990595490488847
2021-07-25,13.208461797880735
2021-07-26,12.886037196889216
2021-07-27,13.123449889768017
2021-07-28,13.449206477313483
2021-07-29,13.201303046886459
2021-07-30,13.26138928000928
2021-07-31,13.34820017227873
2021-08-01,13.507076667416005
2021-08-02,12.961406984925532
2021-08-03,13.428570238616906
2021-08-04,13.276951322987149
2021-08-05,13.382515069639839
2021-08-06,13.579474967375138
2021-08-07,13.1466287271615
2021-08-08,13.20059664615736
2021-08-09,13.033372139602072
2021-08-10,13.32762692436509
2021-08-11,13.720208709201671
2021-08-12,13.44632633891147
2021-08-13,13.21839350600421
2021-08-14,13.404905883347006
2021-08-15,13.219736247812918
2021-08-16,13.30717760960739
2021-08-17,13.624519721601457
2021-08-18,13.326152943190511
2021-08-19,13.797252498331954
2021-08-20,13.573921879247637
2021-08-21,13.618303472883301
2021-08-22,13.558162964194787
2021-08-23,13.780670832623791
2021-08-24,13.794603997244726
2021-08-25,13.7164571748608
2021-08-26,13.773478540385485
2021-08-27,13.628774048293916
2021-08-28,13.789897532956763
2021-08-29,13.623736970274035
2021-08-30,13.70120216766687
2021-08-31,13.654855337039585
2021-09-01,13.626950873276876
2021-09-02,13.588762414898373
2021-09-03,13.827890260659636
2021-09-04,14.0
2021-09-05,13.982830300816195
2021-09-06,13.503782815588174
2021-09-07,14.0
2021-09-08,13.703140811934901
2021-09-09,13.892106308436533
2021-09-10,13.595467658718697
2021-09-11,13.809420146365783
2021-09-12,13.847643379210412
2021-09-13,13.491412355742968
2021-09-14,13.912980293609767
2021-09-15,14.0
2021-09-16,13.761057870525908
2021-09-17,14.0
2021-09-18,13.760936318169044
2021-09-19,13.969569659179161
2021-09-20,13.356272116414065
2021-09-21,14.0
2021-09-22,14.0
2021-09-23,13.741394472526816
2021-09-24,13.402457935969325
2021-09-25,13.852594026292353
2021-09-26,13.503872857236296
2021-09-27,13.87885598141262
2021-09-28,13.868984239823039
2021-09-29,13.594735751548106
2021-09-30,14.0
2021-10-01,13.935504768531208
2021-10-02,13.964585204925948
2021-10-03,13.765787366682332
2021-10-04,13.475072481560852
2021-10-05,13.947481128978325
2021-10-06,13.691131543019065
2021-10-07,13.460120696842413
2021-10-08,14.0
2021-10-09,14.0
2021-10-10,13.70589208928979
2021-10-11,14.0
2021-10-12,13.71434884227924
2021-10-13,13.61034490245637
2021-10-14,13.550283748251998
2021-10-15,13.993323426739874
2021-10-16,13.499004927209473
2021-10-17,13.790812798097363
2021-10-18,13.520253216932398
2021-10-19,13.52795695344543
2021-10-20,13.813609416857897
2021-10-21,13.518705822816996
2021-10-22,13.500524178740683
2021-10-23,13.794434525464556
2021-10-24,13.873367677772281
2021-10-25,13.668469258742713
2021-10-26,13.393853122044085
2021-10-27,13.407598219621901
2021-10-28,13.510257348421932
2021-10-29,13.542660795003204
2021-10-30,13.264752880022607
2021-10-31,13.590440507101787
2021-11-01,13.446102907225933
2021-11-02,13.068691352545269
2021-11-03,13.208551034637587
2021-11-04,13.27568963578361
2021-11-05,13.343803877392558
2021-11-06,13.717777599431265
2021-11-07,13.36879437544345
2021-11-08,13.133941418340576
2021-11-09,13.32686069667506
2021-11-10,13.19266452036407
2021-11-11,13.30809586980046
2021-11-12,13.339040437352116
2021-11-13,13.444282224282173
2021-11-14,13.176820579304705
2021-11-15,13.488450507376454
2021-11-16,13.320988426122504
2021-11-17,12.97637274884854
2021-11-18,13.538066205392592
2021-11-19,13.1394924891778
2021-11-20,12.884837819374217
2021-11-21,13.35999167090912
2021-11-22,13.422294778550485
2021-11-23,12.977254987518776
2021-11-24,12.860048124450623
2021-11-25,12.9030255184636
2021-11-26,13.056980283726974
2021-11-27,13.145956745990803
2021-11-28,12.980659413978662
2021-11-29,12.862915237789007
2021-11-30,13.118020823066987
2021-12-01,12.731545428726493
2021-12-02,12.975844429077123
2021-12-03,12.687456669239982
2021-12-04,12.806550604401004
2021-12-05,12.67278572613392
2021-12-06,12.65936283419084
2021-12-07,12.569981201853478
2021-12-08,12.889252179395834
2021-12-09,12.448424127068659
2021-12-10,12.421603428078601
2021-12-11,12.968409232576798
2021-12-12,12.714268308310679
2021-12-13,12.016099526440264
2021-12-14,12.354436762840463
2021-12-15,12.07940725721339
2021-12-16,12.225941580167143
2021-12-17,11.762616982801884
2021-12-18,12.337135433968008
2021-12-19,12.110339296508437
2021-12-20,12.32489154669232
2021-12-21,11.962065252890465
2021-12-22,12.27785471029371
2021-12-23,12.15248339486914
2021-12-24,12.51007067698903
2021-12-25,12.466191653498932
2021-12-26,12.315263995876258
2021-12-27,12.067188733185215
2021-12-28,12.503953812873188
2021-12-29,11.770694149052225
2021-12-30,11.775077754679494
2021-12-31,12.013593501433846
2022-01-01,12.755798287093858
2022-01-02,12.239250845466287
2022-01-03,12.217892446012225
2022-01-04,11.941084658056235
2022-01-05,12.393687677962065
2022-01-06,12.370289238067047
2022-01-07,12.312745811369744
2022-01-08,12.004495304026786
2022-01-09,11.964545922988602
2022-01-10,11.822957080912905
2022-01-11,12.074203904257535
2022-01-12,11.817356586338352
2022-01-13,11.774131283965442
2022-01-14,11.901227918394433
2022-01-15,11.864668255008826
2022-01-16,11.831626117709867
2022-01-17,12.009428879105364
2022-01-18,11.909070298919259
2022-01-19,11.81295973323474
2022-01-20,11.884739865493632
2022-01-21,11.627601005255293
2022-01-22,11.824960652539035
2022-01-23,11.81225984075795
2022-01-24,11.460006734513238
2022-01-25,11.938480349017585
2022-01-26,11.542035380515891
2022-01-27,11.715625865003902
2022-01-28,11.909955448162062
2022-01-29,11.841991129649022
2022-01-30,11.64378460785892
2022-01-31,11.544765663609956
2022-02-01,11.787406585394812
2022-02-02,11.7137788813462
2022-02-03,11.436405155660708
2022-02-04,11.382645855438895
2022-02-05,11.109013593146857
2022-02-06,11.536470037206985
2022-02-07,11.471627434723427
2022-02-08,11.698238033630496
2022-02-09,11.525978099510258
2022-02-10,11.704519776783977
2022-02-11,11.282052371798693
2022-02-12,11.633355770519598
2022-02-13,11.284496804697651
2022-02-14,11.53071213518958
2022-02-15,11.068717023407997
2022-02-16,11.39313884074528
2022-02-17,10.935188825681223
2022-02-18,11.265089248186909
2022-02-19,11.393357606700715
2022-02-20,11.188246811689798
2022-02-21,11.069894168288503
2022-02-22,11.437137709914948
2022-02-23,11.235548505928252
2022-02-24,11.147052167106837
2022-02-25,11.242472239089532
2022-02-26,11.750958389300028
2022-02-27,11.444264486666668
2022-02-28,11.4364288370806
2022-03-01,11.281787244355325
2022-03-02,11.219155339429799
2022-03-03,10.698241172315658
2022-03-04,11.033682435761705
2022-03-05,11.06580839187856
2022-03-06,10.77981576434427
2022-03-07,10.916610167420817
2022-03-08,10.74565541087188
2022-03-09,11.128319406911974
2022-03-10,11.294332656701528
2022-03-11,11.346965075754891
2022-03-12,11.204034667470102
2022-03-13,10.924304346411775
2022-03-14,10.726915872305826
2022-03-15,10.758740986218578
2022-03-16,10.853545517898054
2022-03-17,10.92723970776161
2022-03-18,11.071174559103593
2022-03-19,10.898847582997055
2022-03-20,11.168475757702616
2022-03-21,11.053670311457997
2022-03-22,11.10212303274392
2022-03-23,11.328397357564404
2022-03-24,10.8650786363004
2022-03-25,11.186087783925128
2022-03-26,11.101217894642552
2022-03-27,11.039424249585293
2022-03-28,11.285724403832264
2022-03-29,11.287469516784503
2022-03-30,10.925803098171285
2022-03-31,11.082543719637437
2022-04-01,11.179531611388676
2022-04-02,11.073438944988068
2022-04-03,11.250231754199074
2022-04-04,11.195087720823425
2022-04-05,11.511416365293941
2022-04-06,10.84533426633176
2022-04-07,11.133818126242069
2022-04-08,10.983947257809703
2022-04-09,11.294236716645077
2022-04-10,10.858171040850177
2022-04-11,11.259478455132134
2022-04-12,11.073234470495944
2022-04-13,11.061855101407001
2022-04-14,10.92924342771691
2022-04-15,11.135792828481797
2022-04-16,11.45637938685423
2022-04-17,11.245515958815739
2022-04-18,11.387564063885572
2022-04-19,11.60682709947821
2022-04-20,11.33891355924815
2022-04-21,11.187055553493135
2022-04-22,11.405304505622853
2022-04-23,11.21641513344585
2022-04-24,11.238187854888848
2022-04-25,11.049265500527492
2022-04-26,11.553036668263257
2022-04-27,11.30549089635907
2022-04-28,11.434378016901157
2022-04-29,11.206389129143506
2022-04-30,11.51674574933693
2022-05-01,11.293489512047078
2022-05-02,11.43419954294179
2022-05-03,11.655107074702991
2022-05-04,11.655026328000528
2022-05-05,11.510127928052743
2022-05-06,11.178888860035993
2022-05-07,12.149374623434658
2022-05-08,11.918592643219126
2022-05-09,11.73286953672824
2022-05-10,11.456907316318388
2022-05-11,11.604337226107136
2022-05-12,11.53816746270943
2022-05-13,11.919701065157977
2022-05-14,11.739785272997677
2022-05-15,11.551077197886888
2022-05-16,11.634648569994342
2022-05-17,11.974184994077303
2022-05-18,12.091366599612666
2022-05-19,12.0986585553898
2022-05-20,11.96628300196247
2022-05-21,11.786468610461316
2022-05-22,11.211033909694208
2022-05-23,11.941331244587962
2022-05-24,11.904308841876903
2022-05-25,11.955652406653655
2022-05-26,11.961616080580994
2022-05-27,11.708957163691693
2022-05-28,12.109249727561277
2022-05-29,12.147948153440959
2022-05-30,12.181880942075923
2022-05-31,12.25880121745012
2022-06-01,12.214525979593155
2022-06-02,12.03608962515367
2022-06-03,12.128450793432348
2022-06-04,12.18550132412976
2022-06-05,12.213602653520164
2022-06-06,12.416613588520065
2022-06-07,12.370724601595573
2022-06-08,12.682586418407743
2022-06-09,12.733637046174005
2022-06-10,12.333589851757917
2022-06-11,11.57572917403591
2022-06-12,12.61590326222903
2022-06-13,12.286006574032692
2022-06-14,12.25939114828477
2022-06-15,12.365658398830975
2022-06-16,12.381724192530909
2022-06-17,12.619250321817598
2022-06-18,12.210683343339875
2022-06-19,12.33282343340756
2022-06-20,12.642811676605731
2022-06-21,12.72458880608266
2022-06-22,12.754128363220953
2022-06-23,12.494225161647458
2022-06-24,12.481776370981631
2022-06-25,12.601876673445895
2022-06-26,12.776921748563115
2022-06-27,13.051748020025661
2022-06-28,12.37082463019488
2022-06-29,12.761772406778224
2022-06-30,12.56492754279138
2022-07-01,12.526491180801518
2022-07-02,13.07573139383383
2022-07-03,13.016581664702796
2022-07-04,13.022768972695701
2022-07-05,13.142214316955123
2022-07-06,12.887086163321053
2022-07-07,12.921409733034453
2022-07-08,13.46986977266543
2022-07-09,13.008067626132519
2022-07-10,13.228930915149364
2022-07-11,13.107560657583834
2022-07-12,12.760862477248875
2022-07-13,12.745661013575756
2022-07-14,13.06269826537743
2022-07-15,13.413452234142957
2022-07-16,13.383448735245675
2022-07-17,13.431978821670453
2022-07-18,13.074934776823351
2022-07-19,13.618499904378739
2022-07-20,13.125122100136405
2022-07-21,13.38322820497396
2022-07-22,13.360935957796608
2022-07-23,13.35034864698541
2022-07-24,13.67472618496657
2022-07-25,13.287630865718237
2022-07-26,13.18013158329429
2022-07-27,13.475199507421985
2022-07-28,13.412124683583839
2022-07-29,14.0
2022-07-30,13.668371617949296
2022-07-31,13.47128033629154
2022-08-01,13.361722027715054
2022-08-02,13.21639424524966
2022-08-03,13.40662161110193
2022-08-04,13.653567505187326
2022-08-05,13.934653220896424
2022-08-06,13.891822761900245
2022-08-07,13.731285023773145
2022-08-08,13.63849200130548
2022-08-09,13.774220602827263
2022-08-10,13.633731113220927
2022-08-11,14.0
2022-08-12,13.732605740351147
2022-08-13,13.76915091348582
2022-08-14,13.35887714725788
2022-08-15,13.778221619206489
2022-08-16,13.99951165754661
2022-08-17,13.633211424141003
2022-08-18,13.710783541553155
2022-08-19,14.0
2022-08-20,13.592814492710094
2022-08-21,14.0
2022-08-22,13.807408779681742
2022-08-23,13.848387620816803
2022-08-24,13.713196338664204
2022-08-25,14.0
2022-08-26,14.0
2022-08-27,14.0
2022-08-28,13.808599879186845
2022-08-29,14.0
2022-08-30,13.937419934047536
2022-08-31,14.0
2022-09-01,14.0
2022-09-02,13.437956461348383
2022-09-03,13.833536313296854
2022-09-04,14.0
2022-09-05,14.0
2022-09-06,13.85034469323569
2022-09-07,13.934432779659867
2022-09-08,13.685525188240609
2022-09-09,14.0
2022-09-10,14.0
2022-09-11,14.0
2022-09-12,14.0
2022-09-13,14.0
2022-09-14,14.0
2022-09-15,14.0
2022-09-16,14.0
2022-09-17,14.0
2022-09-18,14.0
2022-09-19,14.0
2022-09-20,14.0
2022-09-21,13.9555611715141
2022-09-22,14.0
2022-09-23,14.0
2022-09-24,14.0
2022-09-25,13.810154832593735
2022-09-26,14.0
2022-09-27,13.961652288021751
2022-09-28,14.0
2022-09-29,13.902485513350948
2022-09-30,14.0
2022-10-01,14.0
2022-10-02,13.899225521331921
2022-10-03,14.0
2022-10-04,14.0
2022-10-05,14.0
2022-10-06,14.0
2022-10-07,13.873018333314771
2022-10-08,13.931937839955816
2022-10-09,13.620499039105045
2022-10-10,13.749351498241719
2022-10-11,14.0
2022-10-12,14.0
2022-10-13,13.999593813019432
2022-10-14,14.0
2022-10-15,13.933892047819663
2022-10-16,13.906351642973444
2022-10-17,13.955061065795475
2022-10-18,13.907101664879528
2022-10-19,13.876979041248267
2022-10-20,14.0
2022-10-21,13.924740322866109
2022-10-22,14.0
2022-10-23,14.0
2022-10-24,13.931525378258902
2022-10-25,13.645477032904216
2022-10-26,13.554233899376065
2022-10-27,13.839476046442877
2022-10-28,13.760023034708935
2022-10-29,13.795953068402097
2022-10-30,13.759115254200843
2022-10-31,14.0
2022-11-01,13.462954990169745
2022-11-02,13.31384376230867
2022-11-03,13.760811697833653
2022-11-04,13.601230859596305
2022-11-05,13.721588989106756
2022-11-06,13.756698444787267
2022-11-07,13.877981053251304
2022-11-08,13.300650632243512
2022-11-09,13.471390956242196
2022-11-10,13.648834321630998
2022-11-11,13.697236941031196
2022-11-12,13.961616810002669
2022-11-13,13.693576889060157
2022-11-14,13.470320159261455
2022-11-15,13.282571251267955
2022-11-16,13.326525923071461
2022-11-17,13.299320093219555
2022-11-18,13.527141797945653
2022-11-19,13.425493075640945
2022-11-20,13.087132806000227
2022-11-21,13.24222876684495
2022-11-22,13.48224877220108
2022-11-23,13.3541925112575
2022-11-24,13.374507099728296
2022-11-25,13.314084851965783
2022-11-26,13.539320085145205
2022-11-27,13.237594027749575
2022-11-28,13.089357388231807
2022-11-29,12.959419587867938
2022-11-30,13.168340360648042
2022-12-01,12.605971920381778
2022-12-02,13.032802761037198
2022-12-03,13.003901256925968
2022-12-04,12.747451842075368
2022-12-05,12.80984507136081
2022-12-06,13.132464776751052
2022-12-07,12.991600855160911
2022-12-08,12.94063903990116
2022-12-09,12.956278841476768
2022-12-10,12.888175396178129
2022-12-11,13.092783031979438
2022-12-12,12.843384631720543
2022-12-13,12.501479643415122
2022-12-14,13.093514503657424
2022-12-15,12.815873178191568
2022-12-16,12.59822897269118
2022-12-17,12.439639572389686
2022-12-18,12.743716193698404
2022-12-19,12.615293259345824
2022-12-20,12.927739852539514
2022-12-21,12.5179080485336
2022-12-22,12.393796181722808
2022-12-23,12.71462589414039
2022-12-24,12.694736462494678
2022-12-25,12.517650554671844
2022-12-26,12.593466284809182
2022-12-27,12.42497406516901
2022-12-28,12.453650754022977
2022-12-29,12.614299381132973
2022-12-30,12.480853147396527
2022-12-31,12.296495233745132
2023-01-01,12.875463174494866
2023-01-02,12.106747552282004
2023-01-03,12.964956156938468
2023-01-04,12.18827491030045
2023-01-05,12.37908319595353
2023-01-06,12.471470480162163
2023-01-07,12.425634636944132
2023-01-08,12.631621646601571
2023-01-09,12.194319952941157
2023-01-10,12.433734894490513
2023-01-11,12.241786984261399
2023-01-12,12.392466248061536
2023-01-13,12.296660133055724
2023-01-14,12.304553192313163
2023-01-15,12.152514523552801
2023-01-16,12.137209033455042
2023-01-17,12.273594462542798
2023-01-18,12.382003839640413
2023-01-19,12.050935072497396
2023-01-20,11.974383770916756
2023-01-21,12.248598446610588
2023-01-22,12.09740414914556
2023-01-23,12.248238968986215
2023-01-24,11.879456663710506
2023-01-25,11.683453813058827
2023-01-26,11.911721305196023
2023-01-27,11.844293383309614
2023-01-28,11.961315420038948
2023-01-29,11.829486735252171
2023-01-30,12.085121320412444
2023-01-31,11.859635411701868
2023-02-01,11.92799910343448
2023-02-02,11.910366797472665
2023-02-03,11.899069178151972
2023-02-04,11.83679876274824
2023-02-05,11.92560476756812
2023-02-06,11.646532642105107
2023-02-07,12.068050569057885
2023-02-08,11.723692282028281
2023-02-09,11.49185725323445
2023-02-10,11.775288609347795
2023-02-11,11.551289120892433
2023-02-12,11.83879261122785
2023-02-13,12.13220119572706
2023-02-14,11.517878504519556
2023-02-15,11.726943168558932
2023-02-16,11.295010663131118
2023-02-17,11.722907459858675
2023-02-18,11.441373985415321
2023-02-19,11.480319884238236
2023-02-20,11.372183223968053
2023-02-21,11.726411939250644
2023-02-22,11.769374887550414
2023-02-23,11.56091810682934
2023-02-24,11.37208095544583
2023-02-25,11.851997662079448
2023-02-26,11.373542535359979
2023-02-27,11.081157456724872
2023-02-28,11.595591905434446
2023-03-01,11.27372304582855
2023-03-02,11.683580043614205
2023-03-03,11.40123009064706
2023-03-04,11.59022115316317
2023-03-05,11.742223343829487
2023-03-06,11.213022404229633
2023-03-07,11.334905899285424
2023-03-08,11.426688490524995
2023-03-09,11.743494437858317
2023-03-10,11.298902918943677
2023-03-11,11.306709432840226
2023-03-12,11.516705890165415
2023-03-13,11.301537869509374
2023-03-14,11.443834080589342
2023-03-15,11.099807241905253
2023-03-16,11.850208021860272
2023-03-17,11.135469801306865
2023-03-18,11.33877371790387
2023-03-19,11.39518421945403
2023-03-20,11.783218205840324
2023-03-21,11.135155855831345
2023-03-22,11.796754717491465
2023-03-23,11.551782611250568
2023-03-24,11.484544048025125
2023-03-25,11.205420130863063
2023-03-26,11.518240788745382
2023-03-27,11.261424181295272
2023-03-28,11.662005390298754
2023-03-29,11.217454280051555
2023-03-30,11.392469558477753
2023-03-31,11.307921218806387
2023-04-01,11.225784682386463
2023-04-02,11.576304257974169
2023-04-03,11.540319237223441
2023-04-04,11.68065135702157
2023-04-05,11.088929095581106
2023-04-06,11.664224233985927
2023-04-07,11.959395105262928
2023-04-08,11.375319542276753
2023-04-09,11.852444947979064
2023-04-10,11.42897316444732
2023-04-11,11.215733965574895
2023-04-12,11.438117668284255
2023-04-13,11.71832826816626
2023-04-14,11.350907771958742
2023-04-15,11.408740285920702
2023-04-16,11.658187167254685
2023-04-17,11.55116571886935
2023-04-18,11.678952570808026
2023-04-19,11.62146464323662
2023-04-20,11.68208750619395
2023-04-21,11.512355230743696
2023-04-22,11.658200250992374
2023-04-23,11.439799761569521
2023-04-24,11.89675911604896
2023-04-25,11.526389117087826
2023-04-26,11.893554667556257
2023-04-27,11.635970019292385
2023-04-28,11.73835816988945
2023-04-29,11.614588604686695
2023-04-30,11.52635713716023
2023-05-01,11.396925682153034
2023-05-02,11.551476455563664
2023-05-03,11.714760097811983
2023-05-04,11.8392503013198
2023-05-05,12.016609805212784
2023-05-06,11.743363574617968
2023-05-07,11.674420356569096
2023-05-08,11.580877891963958
2023-05-09,11.984347295331402
2023-05-10,12.184186975702453
2023-05-11,12.180321712038786
2023-05-12,12.08883809829418
2023-05-13,12.09463854079222
2023-05-14,12.32680945076918
2023-05-15,12.074326261842218
2023-05-16,12.158025525024133
2023-05-17,11.985790593192924
2023-05-18,11.79893835607762
2023-05-19,11.956222462592637
2023-05-20,12.113044781244744
2023-05-21,12.149150658722105
2023-05-22,12.544593845731113
2023-05-23,12.198154673344533
2023-05-24,12.440443282450852
2023-05-25,12.140640539074122
2023-05-26,12.188501434021306
2023-05-27,12.008408068636834
2023-05-28,12.149302413615727
2023-05-29,12.42690116890734
2023-05-30,12.346925221742818
2023-05-31,12.55807354071489
2023-06-01,12.429966440277841
2023-06-02,12.347604761133905
2023-06-03,12.872277535772959
2023-06-04,12.448495636936476
2023-06-05,12.724662957639902
2023-06-06,12.436728216016784
2023-06-07,12.683910746867788
2023-06-08,12.75272086232409
2023-06-09,12.634041644312187
2023-06-10,12.146763350695814
2023-06-11,12.646710775899008
2023-06-12,12.914628778555574
2023-06-13,12.799578008435649
2023-06-14,12.808855707696821
2023-06-15,12.400896067037346
2023-06-16,12.62696178775882
2023-06-17,12.879067886026808
2023-06-18,12.904647154522499
2023-06-19,13.091300938592461
2023-06-20,12.84520661473703
2023-06-21,12.981164817334763
2023-06-22,12.92909488262001
2023-06-23,12.754243870133807
2023-06-24,12.52627123461593
2023-06-25,13.089405578629496
2023-06-26,13.063736639788733
2023-06-27,12.931017537751117
2023-06-28,12.756477456045857
2023-06-29,13.231866061051646
2023-06-30,13.078279216157311
2023-07-01,13.268314660745846
2023-07-02,13.555149770847219
2023-07-03,12.779370573738989
2023-07-04,13.092962107765775
2023-07-05,13.216134026346543
2023-07-06,13.573995177503612
2023-07-07,12.980656632459862
2023-07-08,13.719895854457036
2023-07-09,13.384553017297693
2023-07-10,13.362704360191776
2023-07-11,13.36667239674739
2023-07-12,13.343261576828551
2023-07-13,13.664210166189841
2023-07-14,13.264790958548923
2023-07-15,13.571314820137731
2023-07-16,13.44895407077708
2023-07-17,13.396736699122828
2023-07-18,14.0
2023-07-19,13.679135553304969
2023-07-20,13.74075386910591
2023-07-21,13.8682186813737
2023-07-22,13.378736426714447
2023-07-23,14.0
2023-07-24,13.205216321608434
2023-07-25,13.574899687743725
2023-07-26,13.658246299800897
2023-07-27,13.887545083174803
2023-07-28,13.835833683669442
2023-07-29,13.77935235703301
2023-07-30,13.830670653735757
2023-07-31,13.657543846630753
2023-08-01,13.573497862655637
2023-08-02,14.0
2023-08-03,14.0
2023-08-04,14.0
2023-08-05,13.79118407121443
2023-08-06,14.0
2023-08-07,13.928724711770922
2023-08-08,14.0
2023-08-09,14.0
2023-08-10,14.0
2023-08-11,13.986216208992708
2023-08-12,14.0
2023-08-13,14.0
2023-08-14,13.965153551844779
2023-08-15,13.851748853815156
2023-08-16,14.0
2023-08-17,14.0
2023-08-18,14.0
2023-08-19,13.952260143357176
2023-08-20,13.954594454233721
2023-08-21,14.0
2023-08-22,13.986710376764798
2023-08-23,14.0
2023-08-24,14.0
2023-08-25,14.0
2023-08-26,14.0
2023-08-27,14.0
2023-08-28,14.0
2023-08-29,14.0
2023-08-30,13.906694126964108
2023-08-31,13.8692014162717
2023-09-01,14.0
2023-09-02,14.0
2023-09-03,14.0
2023-09-04,14.0
2023-09-05,14.0
2023-09-06,14.0
2023-09-07,14.0
2023-09-08,14.0
2023-09-09,14.0
2023-09-10,14.0
2023-09-11,14.0
2023-09-12,14.0
2023-09-13,14.0
2023-09-14,14.0
2023-09-15,14.0
2023-09-16,14.0
2023-09-17,14.0
2023-09-18,14.0
2023-09-19,14.0
2023-09-20,14.0
2023-09-21,14.0
2023-09-22,14.0
2023-09-23,14.0
2023-09-24,14.0
2023-09-25,14.0
2023-09-26,14.0
2023-09-27,14.0
2023-09-28,14.0
2023-09-29,14.0
2023-09-30,14.0
2023-10-01,14.0
2023-10-02,14.0
2023-10-03,14.0
2023-10-04,14.0
2023-10-05,14.0
2023-10-06,14.0
2023-10-07,14.0
2023-10-08,14.0
2023-10-09,14.0
2023-10-10,14.0
2023-10-11,14.0
2023-10-12,14.0
2023-10-13,14.0
2023-10-14,14.0
2023-10-15,14.0
2023-10-16,14.0
2023-10-17,14.0
2023-10-18,14.0
2023-10-19,14.0
2023-10-20,14.0
2023-10-21,13.91469894519452
2023-10-22,14.0
2023-10-23,13.931781488983178
2023-10-24,14.0
2023-10-25,14.0
2023-10-26,13.836166918411715
2023-10-27,14.0
2023-10-28,14.0
2023-10-29,14.0
2023-10-30,14.0
2023-10-31,14.0
2023-11-01,14.0
2023-11-02,13.836993162270065
2023-11-03,13.971966910312469
2023-11-04,13.885977340812037
2023-11-05,13.724802353702424
2023-11-06,13.874246788447106
2023-11-07,14.0
2023-11-08,14.0
2023-11-09,14.0
2023-11-10,13.89237719218551
2023-11-11,13.94780897843947
2023-11-12,13.66280883147537
2023-11-13,13.740534117651938
2023-11-14,13.820078725832445
2023-11-15,13.816161573632865
2023-11-16,13.80342146459964
2023-11-17,13.690193601407701
2023-11-18,13.620610392016836
2023-11-19,14.0
2023-11-20,13.833220174755143
2023-11-21,13.71203855585356
2023-11-22,13.560097561869517
2023-11-23,13.493616274873913
2023-11-24,13.534618057780351
2023-11-25,13.596066278671668
2023-11-26,13.137946829410817
2023-11-27,13.176507495909764
2023-11-28,13.339185470018156
2023-11-29,13.483998483450364
2023-11-30,13.37056383957573
2023-12-01,13.689736968556693
2023-12-02,13.073181204004587
2023-12-03,13.194800134989563
2023-12-04,13.624364360997044
2023-12-05,13.32172210402704
2023-12-06,13.447501787281636
2023-12-07,13.655707893999812
2023-12-08,13.081520489579331
2023-12-09,13.175146467131958
2023-12-10,13.115164498402171
2023-12-11,12.753291918511122
2023-12-12,13.05661943462862
2023-12-13,13.269334703655005
2023-12-14,13.17560641904499
2023-12-15,13.165621758603402
2023-12-16,12.940977922722295
2023-12-17,12.859100468847563
2023-12-18,13.21838448388652
2023-12-19,12.839264231069166
2023-12-20,12.971726903091676
2023-12-21,12.919756440802475
2023-12-22,13.153615742910725
2023-12-23,13.029749122027676
2023-12-24,12.550628359817887
2023-12-25,12.546409647794798
2023-12-26,12.873976838888028
2023-12-27,12.719643959841624
2023-12-28,12.615843377030377
2023-12-29,12.884426781419084
2023-12-30,12.693281357010008
2023-12-31,12.640841598789546
2024-01-01,13.060956393460645
2024-01-02,12.804696827851592
2024-01-03,13.168245291748592
2024-01-04,12.671857204631994
2024-01-05,12.935887574176407
2024-01-06,13.066420554933144
2024-01-07,12.479471673235343
2024-01-08,12.661672403425769
2024-01-09,12.934328755240315
2024-01-10,12.913030440540105
2024-01-11,12.623130283827699
2024-01-12,12.48650383345868
2024-01-13,12.800801749481451
2024-01-14,12.822675882292888
2024-01-15,12.32956682034319
2024-01-16,12.298439093680981
2024-01-17,12.56119129613403
2024-01-18,12.619132865174981
2024-01-19,12.410777122290954
2024-01-20,12.583996043827806
2024-01-21,12.283879092108743
2024-01-22,11.980966207942352
2024-01-23,12.297359127722503
2024-01-24,12.373262535687354
2024-01-25,12.284173606164222
2024-01-26,12.086601468829393
2024-01-27,11.934434109986851
2024-01-28,12.174255339181428
2024-01-29,12.436386932436196
2024-01-30,12.48815741802789
2024-01-31,12.454808141014063
2024-02-01,12.034722296649988
2024-02-02,11.948098621058403
2024-02-03,12.259405082665513
2024-02-04,12.268644587158816
2024-02-05,12.203518550526155
2024-02-06,11.702851014022714
2024-02-07,11.914790066750413
2024-02-08,12.065062000644792
2024-02-09,12.15161071974027
2024-02-10,12.191135410469936
2024-02-11,12.050375921838336
2024-02-12,12.071882465633722
2024-02-13,12.007253172190802
2024-02-14,12.112316797674822
2024-02-15,12.023041832212316
2024-02-16,11.9592593128815
2024-02-17,11.87845265414293
2024-02-18,11.934775030383754
2024-02-19,12.002205083692987
2024-02-20,11.945935599715629
2024-02-21,11.956146977708746
2024-02-22,12.136458388325996
2024-02-23,11.909273848446954
2024-02-24,11.71516659241834
2024-02-25,12.01081441205751
2024-02-26,11.550384893377126
2024-02-27,11.597281240562502
2024-02-28,11.871083556387045
2024-02-29,11.897957314114167
2024-03-01,11.53684804021357
2024-03-02,11.700894133784391
2024-03-03,11.6482617386104
2024-03-04,11.664588009942735
2024-03-05,11.943513732408366
2024-03-06,11.889394418173355
2024-03-07,11.737998269085665
2024-03-08,11.626791788628461
2024-03-09,11.460649528487737
2024-03-10,12.009647159786415
2024-03-11,11.839500555111236
2024-03-12,11.57564979383686
2024-03-13,11.857248803534794
2024-03-14,11.696070001983953
2024-03-15,11.649920132376485
2024-03-16,11.792053953026665
2024-03-17,11.554824608719365
2024-03-18,11.632929122720427
2024-03-19,11.724972791808872
2024-03-20,11.60023477344085
2024-03-21,11.833830932449219
2024-03-22,12.074160547765814
2024-03-23,11.550265356619045
2024-03-24,11.369321809005845
2024-03-25,11.303664506842514
2024-03-26,11.676027877480236
2024-03-27,11.576040221633834
2024-03-28,11.753238786086518
2024-03-29,11.74162079177419
2024-03-30,11.398332467086199
2024-03-31,11.36031250897558
2024-04-01,11.787226942661803
2024-04-02,11.760313254685505
2024-04-03,11.65368571756806
2024-04-04,11.413475400196278
2024-04-05,11.845668346070715
2024-04-06,12.012685233276336
2024-04-07,11.821244248155926
2024-04-08,11.603920447444256
2024-04-09,11.790515851973517
2024-04-10,11.51699309690042
2024-04-11,12.01083629953337
2024-04-12,11.825056341537111
2024-04-13,11.4649116860744
2024-04-14,11.768673145633262
2024-04-15,11.932139582842892
2024-04-16,11.78394417132653
2024-04-17,11.806848836022642
2024-04-18,11.629018293675498
2024-04-19,11.999470639699965
2024-04-20,11.769121627901775
2024-04-21,11.48056498718529
2024-04-22,11.85102288857463
2024-04-23,12.135302334662352
2024-04-24,11.875858171131298
2024-04-25,12.315382167071082
2024-04-26,12.068485001198662
2024-04-27,12.065710000194057
2024-04-28,11.987901861681312
2024-04-29,12.015898981840978
2024-04-30,11.993193032650193
2024-05-01,12.00208740886565
2024-05-02,12.185715300868596
2024-05-03,11.909708219595908
2024-05-04,11.899355176811278
2024-05-05,11.907876056402262
2024-05-06,12.55994341895796
2024-05-07,12.275489429498615
2024-05-08,12.24923301208661
2024-05-09,11.996045138577896
2024-05-10,12.351724118582494
2024-05-11,12.223537279374067
2024-05-12,12.309763665565049
2024-05-13,12.0919606316546
2024-05-14,12.33996374104237
2024-05-15,12.244032882178
2024-05-16,12.196825134157285
2024-05-17,12.51816829741002
2024-05-18,12.085450680986549
2024-05-19,12.527831841814505
2024-05-20,12.573890810932442
2024-05-21,12.283407939649784
2024-05-22,12.317833547599824
2024-05-23,12.460069457392443
2024-05-24,12.584063229481828
2024-05-25,12.520265612811507
2024-05-26,12.6609220881199
2024-05-27,12.95036394669852
2024-05-28,12.519961536804646
2024-05-29,12.302377191523306
2024-05-30,12.834670533341573
2024-05-31,13.030378565794337
2024-06-01,12.796649180071677
2024-06-02,12.525068427944833
2024-06-03,12.742497878032045
2024-06-04,12.568358066856515
2024-06-05,12.945541156118308
2024-06-06,12.571732770451387
2024-06-07,12.807091973128111
2024-06-08,12.69147568493829
2024-06-09,12.943024872262125
2024-06-10,12.869791948300232
2024-06-11,13.00388918965363
2024-06-12,12.998551952823375
2024-06-13,12.822356127106149
2024-06-14,13.17072286653465
2024-06-15,13.061299671525207
2024-06-16,12.899090558223339
2024-06-17,13.570755810406276
2024-06-18,13.243653615909306
2024-06-19,13.143527855086386
2024-06-20,13.483040905340363
2024-06-21,13.594183156111074
2024-06-22,13.222562532971342
2024-06-23,13.346908998121833
2024-06-24,13.105603076602891
2024-06-25,13.299508647952567
2024-06-26,13.314840035419179
2024-06-27,13.417277474073359
2024-06-28,13.4724702538973
2024-06-29,13.543428920762032
2024-06-30,13.504468247532207
2024-07-01,13.240191539439033
2024-07-02,13.319963328654712
2024-07-03,13.423600745613513
2024-07-04,13.501561030624279
2024-07-05,13.793184800768703
2024-07-06,13.375349438930575
2024-07-07,13.561240639686773
2024-07-08,13.847983736627242
2024-07-09,13.621928997639223
2024-07-10,13.798367479359733
2024-07-11,13.702605774678975
2024-07-12,13.805943465800953
2024-07-13,13.732800600603502
2024-07-14,13.935645078354629
2024-07-15,13.516779122437189
2024-07-16,13.776500987147937
2024-07-17,13.931658547949477
2024-07-18,14.0
2024-07-19,14.0
2024-07-20,13.86245839186685
2024-07-21,14.0
2024-07-22,13.85331864571639
2024-07-23,14.0
2024-07-24,14.0
2024-07-25,13.86736091851023
2024-07-26,14.0
2024-07-27,14.0
2024-07-28,14.0
2024-07-29,14.0
2024-07-30,14.0
2024-07-31,14.0
2024-08-01,14.0
2024-08-02,14.0
2024-08-03,14.0
2024-08-04,14.0
2024-08-05,14.0
2024-08-06,14.0
2024-08-07,14.0
2024-08-08,14.0
2024-08-09,14.0
2024-08-10,14.0
2024-08-11,14.0
2024-08-12,14.0
2024-08-13,14.0
2024-08-14,14.0
2024-08-15,14.0
2024-08-16,14.0
2024-08-17,14.0
2024-08-18,14.0
2024-08-19,14.0
2024-08-20,14.0
2024-08-21,14.0
2024-08-22,14.0
2024-08-23,14.0
2024-08-24,14.0
2024-08-25,14.0
2024-08-26,14.0
2024-08-27,14.0
2024-08-28,14.0
2024-08-29,14.0
2024-08-30,14.0
2024-08-31,14.0
2024-09-01,14.0
2024-09-02,14.0
2024-09-03,14.0
2024-09-04,14.0
2024-09-05,14.0
2024-09-06,14.0
2024-09-07,14.0
2024-09-08,14.0
2024-09-09,14.0
2024-09-10,14.0
2024-09-11,14.0
2024-09-12,14.0
2024-09-13,14.0
2024-09-14,14.0
2024-09-15,14.0
2024-09-16,14.0
2024-09-17,14.0
2024-09-18,14.0
2024-09-19,14.0
2024-09-20,14.0
2024-09-21,14.0
2024-09-22,14.0
2024-09-23,14.0
2024-09-24,14.0
2024-09-25,14.0
2024-09-26,14.0
2024-09-27,14.0
2024-09-28,14.0
2024-09-29,14.0
2024-09-30,14.0
2024-10-01,14.0
2024-10-02,14.0
2024-10-03,14.0
2024-10-04,14.0
2024-10-05,14.0
2024-10-06,14.0
2024-10-07,14.0
2024-10-08,14.0
2024-10-09,14.0
2024-10-10,14.0
2024-10-11,14.0
2024-10-12,14.0
2024-10-13,14.0
2024-10-14,14.0
2024-10-15,14.0
2024-10-16,14.0
2024-10-17,14.0
2024-10-18,14.0
2024-10-19,14.0
2024-10-20,14.0
2024-10-21,14.0
2024-10-22,14.0
2024-10-23,14.0
2024-10-24,14.0
2024-10-25,14.0
2024-10-26,14.0
2024-10-27,14.0
2024-10-28,14.0
2024-10-29,14.0
2024-10-30,14.0
2024-10-31,14.0
2024-11-01,14.0
2024-11-02,14.0
2024-11-03,14.0
2024-11-04,14.0
2024-11-05,14.0
2024-11-06,13.884413600692714
2024-11-07,14.0
2024-11-08,14.0
2024-11-09,14.0
2024-11-10,14.0
2024-11-11,14.0
2024-11-12,14.0
2024-11-13,14.0
2024-11-14,14.0
2024-11-15,14.0
2024-11-16,13.902353805007133
2024-11-17,14.0
2024-11-18,13.904588598020007
2024-11-19,13.720551676755196
2024-11-20,14.0
2024-11-21,14.0
2024-11-22,13.9149623610154
2024-11-23,13.608205225780106
2024-11-24,13.591595259710854
2024-11-25,13.835479795907261
2024-11-26,13.690411208083693
2024-11-27,13.698343361377626
2024-11-28,13.946963227106652
2024-11-29,13.865054332490612
2024-11-30,13.969741259436319
2024-12-01,13.471535916728289
2024-12-02,13.576430915172894
2024-12-03,13.772142351890846
2024-12-04,13.685113907294587
2024-12-05,13.877009347238927
2024-12-06,13.629565846526733
2024-12-07,13.889903193980805
2024-12-08,13.603012895034992
2024-12-09,13.682083368106074
2024-12-10,13.379507530050883
2024-12-11,13.421556237756608
2024-12-12,13.575311146946767
2024-12-13,13.690084144801153
2024-12-14,13.48765251458795
2024-12-15,13.29944536446327
2024-12-16,13.565786921954357
2024-12-17,12.826137618250819
2024-12-18,12.954280760039325
2024-12-19,13.34923734006671
2024-12-20,13.189911175917594
2024-12-21,13.282375069884132
2024-12-22,13.148348154979592
2024-12-23,13.223869222872086
2024-12-24,12.921039716951167
2024-12-25,13.172292092490139
2024-12-26,13.231394394958974
2024-12-27,13.250987854607374
2024-12-28,13.384012063549928
2024-12-29,13.004609169292703
2024-12-30,12.985132338781092
2024-12-31,12.600356172474864
