Date,pH
2020-01-01,9.06583384071249
2020-01-02,9.029030510309504
2020-01-03,9.06329272583585
2020-01-04,9.102044838676122
2020-01-05,9.009192683445432
2020-01-06,9.004223949592777
2020-01-07,9.089946794993322
2020-01-08,9.044439624176897
2020-01-09,8.977703736035894
2020-01-10,9.023444308378078
2020-01-11,8.968314996140448
2020-01-12,8.963401122760297
2020-01-13,8.994021030581363
2020-01-14,8.881529200122424
2020-01-15,8.886254006383483
2020-01-16,8.939729988232802
2020-01-17,8.912586435930741
2020-01-18,8.974364514327606
2020-01-19,8.908716984091333
2020-01-20,8.879012270899505
2020-01-21,9.018463721141323
2020-01-22,8.929492170527093
2020-01-23,8.939804278672202
2020-01-24,8.860885811966275
2020-01-25,8.900649183402445
2020-01-26,8.929210553797752
2020-01-27,8.861963102161408
2020-01-28,8.934199520928287
2020-01-29,8.88133922112531
2020-01-30,8.892798898539366
2020-01-31,8.873367762225804
2020-02-01,8.992194749961387
2020-02-02,8.895093115919998
2020-02-03,8.839130085486111
2020-02-04,8.929452162573005
2020-02-05,8.82365474339866
2020-02-06,8.891575913524292
2020-02-07,8.779649890551433
2020-02-08,8.807790649295477
2020-02-09,8.880676477956294
2020-02-10,8.90445811658966
2020-02-11,8.872873457535885
2020-02-12,8.855362726745803
2020-02-13,8.843000831324252
2020-02-14,8.781112485047855
2020-02-15,8.816101529963092
2020-02-16,8.826190417626421
2020-02-17,8.899281394105028
2020-02-18,8.860884263553476
2020-02-19,8.75290535381689
2020-02-20,8.854692302856945
2020-02-21,8.816742224787124
2020-02-22,8.799736703195855
2020-02-23,8.86183202722157
2020-02-24,8.880543235427394
2020-02-25,8.873382616927547
2020-02-26,8.78276403602105
2020-02-27,8.807252164549512
2020-02-28,8.837345992258784
2020-02-29,8.86771285246749
2020-03-01,8.79321294509061
2020-03-02,8.806208577163158
2020-03-03,8.758578952310566
2020-03-04,8.752574323699777
2020-03-05,8.851585126550466
2020-03-06,8.877430666521322
2020-03-07,8.804764034932266
2020-03-08,8.85737347970489
2020-03-09,8.824197693758736
2020-03-10,8.77286604667575
2020-03-11,8.82228533528627
2020-03-12,8.880298551253597
2020-03-13,8.800874478846467
2020-03-14,8.880255128010477
2020-03-15,8.670481151465303
2020-03-16,8.842097454692512
2020-03-17,8.80497720515229
2020-03-18,8.785385717801198
2020-03-19,8.804724154620569
2020-03-20,8.700646556673535
2020-03-21,8.789019183687268
2020-03-22,8.81792507798162
2020-03-23,8.874119698865172
2020-03-24,8.77455586273965
2020-03-25,8.760377827922895
2020-03-26,8.776136448976619
2020-03-27,8.847504733816919
2020-03-28,8.818770892657605
2020-03-29,8.776532241285443
2020-03-30,8.829458538937473
2020-03-31,8.809511732441775
2020-04-01,8.854040308445162
2020-04-02,8.771542842854437
2020-04-03,8.791386756118387
2020-04-04,8.78937541578794
2020-04-05,8.737102271296937
2020-04-06,8.826467078691538
2020-04-07,8.826182315631424
2020-04-08,8.814938717943578
2020-04-09,8.8045917271031
2020-04-10,8.747274645514912
2020-04-11,8.798816565214855
2020-04-12,8.804601769099902
2020-04-13,8.78359475022393
2020-04-14,8.8176973179611
2020-04-15,8.848098398999936
2020-04-16,8.924420034164854
2020-04-17,8.841134486703728
2020-04-18,8.84765726655313
2020-04-19,8.833510192668419
2020-04-20,8.74382453281617
2020-04-21,8.841045118744798
2020-04-22,8.848066383038795
2020-04-23,8.97097658393392
2020-04-24,8.841030763851201
2020-04-25,8.868634401125956
2020-04-26,8.85480269381253
2020-04-27,8.801157771666622
2020-04-28,8.919857443698719
2020-04-29,8.903507896313107
2020-04-30,8.908727149286973
2020-05-01,8.827038884716695
2020-05-02,8.94604808923784
2020-05-03,8.80928233997119
2020-05-04,8.912249643201239
2020-05-05,8.996025794605968
2020-05-06,8.840635685627973
2020-05-07,8.865569283352762
2020-05-08,8.902649482604499
2020-05-09,8.876335831821507
2020-05-10,8.827877960136199
2020-05-11,8.91279845847325
2020-05-12,8.860270789781435
2020-05-13,8.941136560497222
2020-05-14,8.875610782200082
2020-05-15,9.003256638214738
2020-05-16,8.890826808495852
2020-05-17,8.918166330239432
2020-05-18,8.979274309406994
2020-05-19,8.881432101968636
2020-05-20,8.958771713574574
2020-05-21,9.017224472666129
2020-05-22,8.876005686237203
2020-05-23,8.970166611655761
2020-05-24,8.9785253371903
2020-05-25,9.009258465823738
2020-05-26,8.912994383672402
2020-05-27,8.913530772583995
2020-05-28,9.010398056407764
2020-05-29,9.003931870794458
2020-05-30,9.006421805864383
2020-05-31,9.016065540596616
2020-06-01,8.969617865413365
2020-06-02,9.020136317461164
2020-06-03,9.028108893800752
2020-06-04,8.98269498183845
2020-06-05,9.116682737022384
2020-06-06,9.052089816243805
2020-06-07,8.973858371238618
2020-06-08,9.071296330471105
2020-06-09,8.99479790353566
2020-06-10,9.08796628693268
2020-06-11,9.111637132751087
2020-06-12,9.017782252448436
2020-06-13,9.11210639299241
2020-06-14,9.089708537112594
2020-06-15,9.115313568378491
2020-06-16,9.174198921092003
2020-06-17,9.07224469403288
2020-06-18,9.051986708295303
2020-06-19,9.050360271671973
2020-06-20,9.05920948575173
2020-06-21,9.101308921376045
2020-06-22,9.127384082227657
2020-06-23,9.129320440133478
2020-06-24,9.161999890492497
2020-06-25,9.12643953421513
2020-06-26,9.203607213092097
2020-06-27,9.122829571807909
2020-06-28,9.277192089963462
2020-06-29,9.177576013587535
2020-06-30,9.108530065433628
2020-07-01,9.102923388049918
2020-07-02,9.185654970722746
2020-07-03,9.155403314634958
2020-07-04,9.20730185450639
2020-07-05,9.200267869763533
2020-07-06,9.177946001627388
2020-07-07,9.144205043960763
2020-07-08,9.115734006162594
2020-07-09,9.17405515090436
2020-07-10,9.244076809594407
2020-07-11,9.216807523859423
2020-07-12,9.148630423931603
2020-07-13,9.224358068165643
2020-07-14,9.239712265748235
2020-07-15,9.18096520897364
2020-07-16,9.237518933062406
2020-07-17,9.237379238444422
2020-07-18,9.181916566379325
2020-07-19,9.261509520052151
2020-07-20,9.276171891366406
2020-07-21,9.306753845314397
2020-07-22,9.309714784811412
2020-07-23,9.192518083063636
2020-07-24,9.21883934195453
2020-07-25,9.295762290247769
2020-07-26,9.299929379581751
2020-07-27,9.304170390403533
2020-07-28,9.475179635567274
2020-07-29,9.315158550066919
2020-07-30,9.347407972276084
2020-07-31,9.342288956485154
2020-08-01,9.331059948037973
2020-08-02,9.286569623417867
2020-08-03,9.344064291191765
2020-08-04,9.271196237388617
2020-08-05,9.301656056347534
2020-08-06,9.29282503409732
2020-08-07,9.324718813858512
2020-08-08,9.439824554642643
2020-08-09,9.234128482913983
2020-08-10,9.36513745758391
2020-08-11,9.25345296176175
2020-08-12,9.313687103737562
2020-08-13,9.39485585630077
2020-08-14,9.346675718656982
2020-08-15,9.29255572709426
2020-08-16,9.313586002446744
2020-08-17,9.386165409137078
2020-08-18,9.318426795872403
2020-08-19,9.36845211696184
2020-08-20,9.362515498414071
2020-08-21,9.330187494162983
2020-08-22,9.472417457449275
2020-08-23,9.399290355053765
2020-08-24,9.268632131562793
2020-08-25,9.381426859579264
2020-08-26,9.341149073217181
2020-08-27,9.418913053054801
2020-08-28,9.338636468152124
2020-08-29,9.374414346573532
2020-08-30,9.407206181331592
2020-08-31,9.426966675936649
2020-09-01,9.325302134535757
2020-09-02,9.370145386185524
2020-09-03,9.364591669603643
2020-09-04,9.357055519667771
2020-09-05,9.479291888569508
2020-09-06,9.412479222099776
2020-09-07,9.330310304734946
2020-09-08,9.440285038434222
2020-09-09,9.50144995487626
2020-09-10,9.447828095745756
2020-09-11,9.321011250228505
2020-09-12,9.373454959182068
2020-09-13,9.461610929527518
2020-09-14,9.363392225563215
2020-09-15,9.42138846333976
2020-09-16,9.438262329018137
2020-09-17,9.353428479793001
2020-09-18,9.396954282790878
2020-09-19,9.237933854917404
2020-09-20,9.348755615529708
2020-09-21,9.387235476636551
2020-09-22,9.337274755577269
2020-09-23,9.4809957134562
2020-09-24,9.32749060162822
2020-09-25,9.37652936899536
2020-09-26,9.40451408364453
2020-09-27,9.469397883651343
2020-09-28,9.32481016951073
2020-09-29,9.453942632596899
2020-09-30,9.395389618644975
2020-10-01,9.34480867494125
2020-10-02,9.415908338902875
2020-10-03,9.401588443767393
2020-10-04,9.36037049104928
2020-10-05,9.392531268818747
2020-10-06,9.368349665253103
2020-10-07,9.391780166251698
2020-10-08,9.417615007729705
2020-10-09,9.462129183824395
2020-10-10,9.319173628947286
2020-10-11,9.485868848044207
2020-10-12,9.279682826681803
2020-10-13,9.367685833066039
2020-10-14,9.402597249352494
2020-10-15,9.385056334084158
2020-10-16,9.337616811229443
2020-10-17,9.356011084270985
2020-10-18,9.33935361445912
2020-10-19,9.332043657765587
2020-10-20,9.401422743266025
2020-10-21,9.374147425223201
2020-10-22,9.318929237442887
2020-10-23,9.395757637597253
2020-10-24,9.363271235661005
2020-10-25,9.385604521375724
2020-10-26,9.373425425992465
2020-10-27,9.297405108588682
2020-10-28,9.307685904513766
2020-10-29,9.369829892666276
2020-10-30,9.359685097108837
2020-10-31,9.324754968561397
2020-11-01,9.328232972420018
2020-11-02,9.382750511015368
2020-11-03,9.285724504660998
2020-11-04,9.339029952090657
2020-11-05,9.297874735444399
2020-11-06,9.293347962681745
2020-11-07,9.35535800186342
2020-11-08,9.337817724612128
2020-11-09,9.333291895771001
2020-11-10,9.353902784736468
2020-11-11,9.285635572070637
2020-11-12,9.314584867532226
2020-11-13,9.26082223785807
2020-11-14,9.28833999799572
2020-11-15,9.261369626004669
2020-11-16,9.268421929811831
2020-11-17,9.288976865720427
2020-11-18,9.213907683143082
2020-11-19,9.354991907818007
2020-11-20,9.195580943057623
2020-11-21,9.180638421662774
2020-11-22,9.294677551727542
2020-11-23,9.271738770003296
2020-11-24,9.258706092843473
2020-11-25,9.254224063107902
2020-11-26,9.217464744354594
2020-11-27,9.168449670986899
2020-11-28,9.212304347128617
2020-11-29,9.169825608225615
2020-11-30,9.247578531338247
2020-12-01,9.186579243205642
2020-12-02,9.147738985942423
2020-12-03,9.167999910477116
2020-12-04,9.199746220532184
2020-12-05,9.145920426504084
2020-12-06,9.127980681290863
2020-12-07,9.176240635206534
2020-12-08,9.17125019549351
2020-12-09,9.128582816949114
2020-12-10,9.12529018860064
2020-12-11,9.155342255943845
2020-12-12,9.066220236160909
2020-12-13,9.063124513417682
2020-12-14,9.09243881388254
2020-12-15,9.112543586184447
2020-12-16,9.13360936148964
2020-12-17,9.186674480748838
2020-12-18,9.150628513228241
2020-12-19,9.094585172568436
2020-12-20,9.09646709053826
2020-12-21,9.04212799969997
2020-12-22,9.086167673299022
2020-12-23,9.067503084844255
2020-12-24,9.092919984246866
2020-12-25,9.030277427877225
2020-12-26,9.09246962357555
2020-12-27,9.138012492414356
2020-12-28,9.050822233501195
2020-12-29,9.071243482223393
2020-12-30,9.080577223867888
2020-12-31,9.020937109467637
2021-01-01,9.142202757152448
2021-01-02,9.126573345407152
2021-01-03,9.125792103858258
2021-01-04,9.077242856662947
2021-01-05,9.112125860894546
2021-01-06,9.130830712002508
2021-01-07,9.173543334607706
2021-01-08,9.144031429023514
2021-01-09,9.198836578208219
2021-01-10,9.047948928054378
2021-01-11,9.125101912617104
2021-01-12,9.085854710725728
2021-01-13,9.181413063663944
2021-01-14,9.026778298087557
2021-01-15,9.020513805900096
2021-01-16,9.027874732422651
2021-01-17,8.947033205731973
2021-01-18,9.022364396613805
2021-01-19,9.006161554789708
2021-01-20,9.04714714529008
2021-01-21,9.052269081484102
2021-01-22,9.124589527512214
2021-01-23,9.073949060347108
2021-01-24,8.993278038493827
2021-01-25,8.972947586061286
2021-01-26,9.038260382887584
2021-01-27,8.943501120681491
2021-01-28,9.09698755830372
2021-01-29,9.060343161657315
2021-01-30,8.973924803423795
2021-01-31,8.90779636638273
2021-02-01,9.05727445944421
2021-02-02,8.980040984894265
2021-02-03,9.04390644753258
2021-02-04,8.898603534028128
2021-02-05,8.944728174749523
2021-02-06,8.971394918759962
2021-02-07,8.969982426433658
2021-02-08,8.941696678166435
2021-02-09,8.991975912780214
2021-02-10,8.904153766120759
2021-02-11,8.947186069225323
2021-02-12,8.95715992245081
2021-02-13,8.973777957806654
2021-02-14,8.98061932847067
2021-02-15,8.885861635790933
2021-02-16,8.862516647637628
2021-02-17,9.000309123889007
2021-02-18,8.950319049674032
2021-02-19,8.8936330347572
2021-02-20,9.00604570316333
2021-02-21,8.931780070522583
2021-02-22,8.982547662414344
2021-02-23,8.924624136850033
2021-02-24,9.022030655546695
2021-02-25,9.004585653093896
2021-02-26,8.902276704758227
2021-02-27,8.961291330889791
2021-02-28,8.943051618167864
2021-03-01,8.97736717398799
2021-03-02,8.85892548395387
2021-03-03,8.93979409899627
2021-03-04,8.956816925353348
2021-03-05,8.814447680582655
2021-03-06,8.841795909797469
2021-03-07,8.797657056204777
2021-03-08,8.884894199289056
2021-03-09,8.933073947600088
2021-03-10,8.971233745111155
2021-03-11,8.898826773426995
2021-03-12,8.975646332289415
2021-03-13,8.824391650019553
2021-03-14,8.807496658834207
2021-03-15,8.889245560274945
2021-03-16,8.910671679116756
2021-03-17,8.889367592069044
2021-03-18,8.787252746738389
2021-03-19,8.885880083348852
2021-03-20,8.824912640768552
2021-03-21,8.923508629845081
2021-03-22,8.908332690383986
2021-03-23,8.843075460089665
2021-03-24,8.864531650761261
2021-03-25,8.837508697558885
2021-03-26,8.887668553203895
2021-03-27,8.938981417180909
2021-03-28,8.842448325615038
2021-03-29,8.917535662950513
2021-03-30,8.866507370555173
2021-03-31,8.854151525668687
2021-04-01,8.889306336976645
2021-04-02,8.843845942797548
2021-04-03,8.868963032280945
2021-04-04,8.837875968818832
2021-04-05,8.997217080090367
2021-04-06,8.90204119630213
2021-04-07,8.866674789438681
2021-04-08,8.91382854755914
2021-04-09,8.899066642626913
2021-04-10,8.895272603795195
2021-04-11,8.938751517619602
2021-04-12,8.94772421685549
2021-04-13,8.885212437545714
2021-04-14,8.884917701652777
2021-04-15,8.902009018686817
2021-04-16,8.80279979792243
2021-04-17,8.8443511859944
2021-04-18,8.990749309434362
2021-04-19,9.007028132692055
2021-04-20,8.914780686478908
2021-04-21,8.95859094173391
2021-04-22,8.947933320244436
2021-04-23,9.088998912964504
2021-04-24,8.993793223881385
2021-04-25,8.93425293251622
2021-04-26,8.895780011979255
2021-04-27,8.866215966284914
2021-04-28,8.959764855340959
2021-04-29,8.914898765708752
2021-04-30,8.884798559198885
2021-05-01,8.926846907722693
2021-05-02,8.908430857275711
2021-05-03,9.050265455444663
2021-05-04,9.013456880958277
2021-05-05,8.972508156445395
2021-05-06,9.05050022025997
2021-05-07,8.984030917266889
2021-05-08,8.940819959766488
2021-05-09,9.0638231182136
2021-05-10,9.01845511671155
2021-05-11,8.943548823973183
2021-05-12,8.989853375828767
2021-05-13,8.959605062798502
2021-05-14,8.938316952417246
2021-05-15,9.057890871288354
2021-05-16,9.111230749987367
2021-05-17,8.950061094421708
2021-05-18,9.052417867884243
2021-05-19,8.996066320082418
2021-05-20,9.0086190486021
2021-05-21,9.007779020632425
2021-05-22,8.998667796468016
2021-05-23,9.048805929362505
2021-05-24,9.009387412908595
2021-05-25,9.06905403876687
2021-05-26,9.057655416762415
2021-05-27,9.052894516872986
2021-05-28,9.024175420136128
2021-05-29,9.045462411598502
2021-05-30,9.116852198424088
2021-05-31,9.108943022728308
2021-06-01,9.03986536788184
2021-06-02,9.098585716763752
2021-06-03,9.136092988771702
2021-06-04,9.01998500607975
2021-06-05,9.135580562358765
2021-06-06,9.080262823517852
2021-06-07,9.146928103627873
2021-06-08,9.085260588271625
2021-06-09,9.038224545006187
2021-06-10,9.052154865152868
2021-06-11,9.141016304078628
2021-06-12,9.15669347888679
2021-06-13,9.1036005371108
2021-06-14,9.185867209469063
2021-06-15,9.075993487652323
2021-06-16,9.1609065704464
2021-06-17,9.108808461971183
2021-06-18,9.141922294442915
2021-06-19,9.182043450078996
2021-06-20,9.141815324889052
2021-06-21,9.17077222278851
2021-06-22,9.245478647307474
2021-06-23,9.171481890010666
2021-06-24,9.247270505770233
2021-06-25,9.154155385307815
2021-06-26,9.242279648516998
2021-06-27,9.293008940267125
2021-06-28,9.102480188463442
2021-06-29,9.191338868860457
2021-06-30,9.265146252558312
2021-07-01,9.231235673952293
2021-07-02,9.26502530662154
2021-07-03,9.221332090624795
2021-07-04,9.260905943274896
2021-07-05,9.253817968032182
2021-07-06,9.324995091617847
2021-07-07,9.284308489425293
2021-07-08,9.293424862967942
2021-07-09,9.260882519090764
2021-07-10,9.262000587304085
2021-07-11,9.269628960487253
2021-07-12,9.315825443771827
2021-07-13,9.27986813882619
2021-07-14,9.320187764717904
2021-07-15,9.414216436694064
2021-07-16,9.35871431595528
2021-07-17,9.303531501156737
2021-07-18,9.38452949863032
2021-07-19,9.30866131261978
2021-07-20,9.231713925275844
2021-07-21,9.287728349502123
2021-07-22,9.249061687104339
2021-07-23,9.3294490080076
2021-07-24,9.352322470420969
2021-07-25,9.43955245956405
2021-07-26,9.376356895575544
2021-07-27,9.353285055595697
2021-07-28,9.409888285147405
2021-07-29,9.261986295584144
2021-07-30,9.388394752437689
2021-07-31,9.419172949961402
2021-08-01,9.310659556021502
2021-08-02,9.44567808763303
2021-08-03,9.409257906024605
2021-08-04,9.375351434472062
2021-08-05,9.43147659142081
2021-08-06,9.517031629574754
2021-08-07,9.416186524241699
2021-08-08,9.423036136204212
2021-08-09,9.391123581331954
2021-08-10,9.374999524070331
2021-08-11,9.462341238892396
2021-08-12,9.381284564025789
2021-08-13,9.430862008888004
2021-08-14,9.406525454114147
2021-08-15,9.457410708989528
2021-08-16,9.453126071255072
2021-08-17,9.491228185122639
2021-08-18,9.416684701747608
2021-08-19,9.431451380693591
2021-08-20,9.398691001693626
2021-08-21,9.428022243415075
2021-08-22,9.471632536195516
2021-08-23,9.493069683815277
2021-08-24,9.411486137728984
2021-08-25,9.503369556900957
2021-08-26,9.52988603678104
2021-08-27,9.484910141616785
2021-08-28,9.560131176942894
2021-08-29,9.42957304511858
2021-08-30,9.407918433481306
2021-08-31,9.383020804937356
2021-09-01,9.548481131802603
2021-09-02,9.508035237706249
2021-09-03,9.474091214432049
2021-09-04,9.492337366477683
2021-09-05,9.423447528931538
2021-09-06,9.603306775536295
2021-09-07,9.488691195650489
2021-09-08,9.488824242181943
2021-09-09,9.520680272276419
2021-09-10,9.509392606612463
2021-09-11,9.497399033932155
2021-09-12,9.44745602575394
2021-09-13,9.51124008068218
2021-09-14,9.582366596891937
2021-09-15,9.556046701151903
2021-09-16,9.568856823264417
2021-09-17,9.463969842525112
2021-09-18,9.440294762358976
2021-09-19,9.483641204588986
2021-09-20,9.492783467535292
2021-09-21,9.54468457351997
2021-09-22,9.405240652720467
2021-09-23,9.56614143064854
2021-09-24,9.48147475333067
2021-09-25,9.46765361702888
2021-09-26,9.437926374567201
2021-09-27,9.405234221186937
2021-09-28,9.528492748396133
2021-09-29,9.490269175429123
2021-09-30,9.421286400002097
2021-10-01,9.420124026990814
2021-10-02,9.467094872529142
2021-10-03,9.566254241454182
2021-10-04,9.46865589142054
2021-10-05,9.405224187251314
2021-10-06,9.466754011364948
2021-10-07,9.463979166608807
2021-10-08,9.341259966842056
2021-10-09,9.471793730677762
2021-10-10,9.461281616506694
2021-10-11,9.5058747221293
2021-10-12,9.561664984058662
2021-10-13,9.523615468135315
2021-10-14,9.451830653290077
2021-10-15,9.407855093591182
2021-10-16,9.5896747308599
2021-10-17,9.461712708921198
2021-10-18,9.457113661384495
2021-10-19,9.452797406836561
2021-10-20,9.46141613365119
2021-10-21,9.441724617818776
2021-10-22,9.417613550580937
2021-10-23,9.4162317701439
2021-10-24,9.43913998031479
2021-10-25,9.410735021060486
2021-10-26,9.399319126299918
2021-10-27,9.43726549528088
2021-10-28,9.416105998263744
2021-10-29,9.500894605952748
2021-10-30,9.289916721990462
2021-10-31,9.473741926433288
2021-11-01,9.478104307884484
2021-11-02,9.308697091634171
2021-11-03,9.391732886521929
2021-11-04,9.386731030803
2021-11-05,9.331299498296264
2021-11-06,9.35909353368655
2021-11-07,9.338703230569815
2021-11-08,9.478032681435243
2021-11-09,9.4333308268201
2021-11-10,9.446194168720679
2021-11-11,9.414712447580913
2021-11-12,9.318132791428138
2021-11-13,9.344261205653488
2021-11-14,9.390804303749139
2021-11-15,9.3010252899267
2021-11-16,9.393526700231673
2021-11-17,9.341555861654289
2021-11-18,9.330477974071101
2021-11-19,9.380366715714931
2021-11-20,9.362585709608036
2021-11-21,9.317833503841653
2021-11-22,9.389314342470373
2021-11-23,9.272718841672543
2021-11-24,9.352952415652362
2021-11-25,9.347155164889285
2021-11-26,9.297329465678988
2021-11-27,9.324383734109047
2021-11-28,9.240756710741925
2021-11-29,9.344715470179276
2021-11-30,9.284438586979071
2021-12-01,9.262686393641408
2021-12-02,9.336382573572592
2021-12-03,9.24379666125491
2021-12-04,9.203646137741588
2021-12-05,9.191268189142207
2021-12-06,9.294407151711564
2021-12-07,9.19507023344437
2021-12-08,9.341795983731156
2021-12-09,9.144905396543887
2021-12-10,9.328752794132171
2021-12-11,9.249392977241687
2021-12-12,9.228904103482444
2021-12-13,9.201378498895327
2021-12-14,9.243454507854112
2021-12-15,9.216479289823917
2021-12-16,9.268381037870865
2021-12-17,9.21377536564284
2021-12-18,9.210421757974453
2021-12-19,9.179564921457446
2021-12-20,9.189734817880554
2021-12-21,9.202807989377996
2021-12-22,9.09674604829903
2021-12-23,9.109684058993356
2021-12-24,9.209099221491398
2021-12-25,9.175327328136358
2021-12-26,9.152439808237206
2021-12-27,9.157423994516762
2021-12-28,9.16875463203231
2021-12-29,9.11927225690857
2021-12-30,9.10224265984833
2021-12-31,9.145862287037216
2022-01-01,9.172079494181176
2022-01-02,9.236356363153785
2022-01-03,9.125779118718924
2022-01-04,9.257351127722004
2022-01-05,9.224530226302251
2022-01-06,9.208732284155928
2022-01-07,9.24012070341523
2022-01-08,9.269341609942382
2022-01-09,9.231895958583547
2022-01-10,9.084272594632198
2022-01-11,9.107507032444285
2022-01-12,9.135446681554026
2022-01-13,9.163227469513602
2022-01-14,9.18307616337877
2022-01-15,9.116212707351462
2022-01-16,9.157182702918705
2022-01-17,9.105458845329796
2022-01-18,9.108076257548245
2022-01-19,9.063785133024982
2022-01-20,9.083465793660723
2022-01-21,9.057597052414428
2022-01-22,9.071987322902553
2022-01-23,9.169109958268198
2022-01-24,9.064653276835351
2022-01-25,9.239487422870573
2022-01-26,9.128330319356303
2022-01-27,9.108754587217266
2022-01-28,9.052496731001941
2022-01-29,9.1263866495917
2022-01-30,9.058601694717142
2022-01-31,9.089553583569542
2022-02-01,9.20758506764938
2022-02-02,9.070964982170663
2022-02-03,9.12947929824819
2022-02-04,9.033166095711552
2022-02-05,9.062947501372363
2022-02-06,9.14967276555583
2022-02-07,9.026285043856033
2022-02-08,9.144822379640244
2022-02-09,9.086221012935612
2022-02-10,9.019411448795175
2022-02-11,9.075925430429162
2022-02-12,9.089772863346552
2022-02-13,9.069146514214577
2022-02-14,8.956527348571703
2022-02-15,8.995736881591583
2022-02-16,9.016846424396835
2022-02-17,9.022703611339079
2022-02-18,9.054736953952586
2022-02-19,9.02994241163169
2022-02-20,8.9517208864517
2022-02-21,9.035006231358237
2022-02-22,9.044112090475343
2022-02-23,9.03923773517608
2022-02-24,9.063032295580326
2022-02-25,9.048514718699181
2022-02-26,9.027683916143603
2022-02-27,8.99920449776914
2022-02-28,8.917734774012807
2022-03-01,9.020416507068001
2022-03-02,9.007556041341031
2022-03-03,9.009070467856116
2022-03-04,8.930058272219853
2022-03-05,8.938331827883397
2022-03-06,9.043616478097402
2022-03-07,8.987640907399948
2022-03-08,9.022439575879915
2022-03-09,8.988612753616813
2022-03-10,8.98760369948114
2022-03-11,9.032036224704806
2022-03-12,8.958413318599982
2022-03-13,8.988202761777346
2022-03-14,8.959552016366713
2022-03-15,8.96029813384816
2022-03-16,8.966009800496359
2022-03-17,8.992109018055435
2022-03-18,8.956687420657207
2022-03-19,9.043123891603166
2022-03-20,8.935405750682818
2022-03-21,8.970681420195511
2022-03-22,8.958016225165434
2022-03-23,9.052418343623719
2022-03-24,8.990052735453673
2022-03-25,9.032061600626763
2022-03-26,8.906524489415704
2022-03-27,8.994576814449308
2022-03-28,9.026216167712986
2022-03-29,8.986447536638392
2022-03-30,9.036294270227062
2022-03-31,8.957930744776787
2022-04-01,9.055125226983652
2022-04-02,9.10055296509948
2022-04-03,8.968503569526321
2022-04-04,8.965494737378236
2022-04-05,9.061650047300432
2022-04-06,9.069256625990079
2022-04-07,8.965518063480646
2022-04-08,8.972120211167637
2022-04-09,8.98059381466843
2022-04-10,8.929098558220144
2022-04-11,8.952110585293221
2022-04-12,8.94964179301552
2022-04-13,8.963347616671035
2022-04-14,9.00197436931567
2022-04-15,9.017472340171226
2022-04-16,9.085420880799912
2022-04-17,8.960193037067388
2022-04-18,9.061621715985964
2022-04-19,9.004080304805715
2022-04-20,9.014759302974106
2022-04-21,9.05350406818945
2022-04-22,8.966234711439144
2022-04-23,9.044175359850945
2022-04-24,9.03613708872031
2022-04-25,9.055271375290666
2022-04-26,9.048015466204667
2022-04-27,9.159303289293337
2022-04-28,9.007704674335033
2022-04-29,9.016166455222876
2022-04-30,9.01475421835753
2022-05-01,9.021401695976808
2022-05-02,9.020638901091106
2022-05-03,9.115359200246411
2022-05-04,9.130400105510297
2022-05-05,9.034369473823752
2022-05-06,9.024885234660257
2022-05-07,9.093733279703827
2022-05-08,9.046273017618853
2022-05-09,9.109313505237893
2022-05-10,9.091655765569882
2022-05-11,9.009623925939644
2022-05-12,9.16674556979945
2022-05-13,9.183179859122516
2022-05-14,9.066817504441243
2022-05-15,9.082196915914972
2022-05-16,9.120053187500107
2022-05-17,9.126712312612016
2022-05-18,9.147196619683356
2022-05-19,9.219108675476827
2022-05-20,9.114127956415633
2022-05-21,9.087483854617446
2022-05-22,9.06290137355128
2022-05-23,9.099833345968168
2022-05-24,9.139278570085455
2022-05-25,9.235259090653766
2022-05-26,9.124286757283063
2022-05-27,9.16603131679825
2022-05-28,9.15873245843457
2022-05-29,9.223720641799323
2022-05-30,9.29542925842648
2022-05-31,9.147353724701073
2022-06-01,9.154271157995856
2022-06-02,9.235827145345745
2022-06-03,9.222618207084428
2022-06-04,9.28579063642262
2022-06-05,9.227608962006066
2022-06-06,9.185429406925792
2022-06-07,9.23793091173283
2022-06-08,9.268858725127895
2022-06-09,9.259492759099283
2022-06-10,9.248895688602392
2022-06-11,9.281945791225015
2022-06-12,9.292172133323
2022-06-13,9.307924317917896
2022-06-14,9.276373080909677
2022-06-15,9.240713586749926
2022-06-16,9.261546244700432
2022-06-17,9.319684720284723
2022-06-18,9.223667316283661
2022-06-19,9.288107181956821
2022-06-20,9.255169052536882
2022-06-21,9.281437241146742
2022-06-22,9.349086599977115
2022-06-23,9.29988143688782
2022-06-24,9.297807727574785
2022-06-25,9.232647920991699
2022-06-26,9.343102117922596
2022-06-27,9.343204718291284
2022-06-28,9.42422514963508
2022-06-29,9.30579471988633
2022-06-30,9.337250162582482
2022-07-01,9.34385712743998
2022-07-02,9.415340676941147
2022-07-03,9.336766573341238
2022-07-04,9.360527530189767
2022-07-05,9.381996655287612
2022-07-06,9.365936444692673
2022-07-07,9.339265766532707
2022-07-08,9.376249229509098
2022-07-09,9.425157954889876
2022-07-10,9.325055133537157
2022-07-11,9.387905353585579
2022-07-12,9.351096795905953
2022-07-13,9.450669694313445
2022-07-14,9.319539676633894
2022-07-15,9.372500304398212
2022-07-16,9.424018674536923
2022-07-17,9.488108879226846
2022-07-18,9.411181289468473
2022-07-19,9.391305104936196
2022-07-20,9.517678005506767
2022-07-21,9.35573197002718
2022-07-22,9.322660985324628
2022-07-23,9.459025404712332
2022-07-24,9.41629884024386
2022-07-25,9.394668953093749
2022-07-26,9.485428349252304
2022-07-27,9.4664301177247
2022-07-28,9.430214074551394
2022-07-29,9.398527841100993
2022-07-30,9.510236890946267
2022-07-31,9.503139749164987
2022-08-01,9.469630075121525
2022-08-02,9.570822235275067
2022-08-03,9.428828847333577
2022-08-04,9.409839571620864
2022-08-05,9.455242094621433
2022-08-06,9.491217685866758
2022-08-07,9.50926018395491
2022-08-08,9.48856330399638
2022-08-09,9.52169439613468
2022-08-10,9.444914771334048
2022-08-11,9.583012678268846
2022-08-12,9.509981196401604
2022-08-13,9.57314848860644
2022-08-14,9.537544593771289
2022-08-15,9.546299378659898
2022-08-16,9.554931330002335
2022-08-17,9.55173661591061
2022-08-18,9.564321659683722
2022-08-19,9.601402753964882
2022-08-20,9.547455245967814
2022-08-21,9.575687094298305
2022-08-22,9.538280726828912
2022-08-23,9.617226113755484
2022-08-24,9.513774788834901
2022-08-25,9.639936282541214
2022-08-26,9.550096246308575
2022-08-27,9.482699641349699
2022-08-28,9.56269660706053
2022-08-29,9.524209922200015
2022-08-30,9.602183346096313
2022-08-31,9.529325618417449
2022-09-01,9.541369744567405
2022-09-02,9.47083991834127
2022-09-03,9.544255132015117
2022-09-04,9.447144968830242
2022-09-05,9.49052684012217
2022-09-06,9.609039909362668
2022-09-07,9.611520144484269
2022-09-08,9.594627380540947
2022-09-09,9.526043133925022
2022-09-10,9.572956577218529
2022-09-11,9.576024705763668
2022-09-12,9.519061514066578
2022-09-13,9.652836577913737
2022-09-14,9.622133486596969
2022-09-15,9.567727490152672
2022-09-16,9.580541783882174
2022-09-17,9.589949766744049
2022-09-18,9.47768825995069
2022-09-19,9.567571681467937
2022-09-20,9.545898009520968
2022-09-21,9.529893997101675
2022-09-22,9.565808869561911
2022-09-23,9.669548241017987
2022-09-24,9.611417291322969
2022-09-25,9.55043872103711
2022-09-26,9.607160732398018
2022-09-27,9.647944826609525
2022-09-28,9.623565903343675
2022-09-29,9.579584795565712
2022-09-30,9.543437606103872
2022-10-01,9.609789131274674
2022-10-02,9.593558376764735
2022-10-03,9.617562826191097
2022-10-04,9.603394049072818
2022-10-05,9.622858970673187
2022-10-06,9.542279403991218
2022-10-07,9.633485048377906
2022-10-08,9.575984279223755
2022-10-09,9.668271517634915
2022-10-10,9.528368952112649
2022-10-11,9.647862594046892
2022-10-12,9.569112718484527
2022-10-13,9.524716316477205
2022-10-14,9.531080796115102
2022-10-15,9.53716402361855
2022-10-16,9.572215038017502
2022-10-17,9.574893561622249
2022-10-18,9.51773219659192
2022-10-19,9.542785931579012
2022-10-20,9.648625413543389
2022-10-21,9.625319796920008
2022-10-22,9.55811283440865
2022-10-23,9.53547489111433
2022-10-24,9.536779210161503
2022-10-25,9.558582158253694
2022-10-26,9.473821787173856
2022-10-27,9.509075157025116
2022-10-28,9.435425655440906
2022-10-29,9.535656112653879
2022-10-30,9.54482500939525
2022-10-31,9.485007260722195
2022-11-01,9.584499386424104
2022-11-02,9.441078320104461
2022-11-03,9.425648522215456
2022-11-04,9.506525665030788
2022-11-05,9.544029998162761
2022-11-06,9.572180752638987
2022-11-07,9.461287809699659
2022-11-08,9.534353200935625
2022-11-09,9.474621483687692
2022-11-10,9.463985048973928
2022-11-11,9.512811841253084
2022-11-12,9.49720152390967
2022-11-13,9.381667611118266
2022-11-14,9.530162593174037
2022-11-15,9.52113624807867
2022-11-16,9.416598643647577
2022-11-17,9.463362308234066
2022-11-18,9.463920523762717
2022-11-19,9.44785240559595
2022-11-20,9.402857286341463
2022-11-21,9.392300643735704
2022-11-22,9.420070148752588
2022-11-23,9.475408459015506
2022-11-24,9.439335643034871
2022-11-25,9.388969385386561
2022-11-26,9.441391723177105
2022-11-27,9.255649951965436
2022-11-28,9.450750674579796
2022-11-29,9.301528430280026
2022-11-30,9.365561646731065
2022-12-01,9.322839049936052
2022-12-02,9.309198038494703
2022-12-03,9.427055185150973
2022-12-04,9.34068414249417
2022-12-05,9.376424841904939
2022-12-06,9.351760625200322
2022-12-07,9.37294374243034
2022-12-08,9.34789736918495
2022-12-09,9.274852255728645
2022-12-10,9.383743316690026
2022-12-11,9.30415427472349
2022-12-12,9.245910664142976
2022-12-13,9.297218695187478
2022-12-14,9.388535691668224
2022-12-15,9.350872112050835
2022-12-16,9.285783337049647
2022-12-17,9.280601097993816
2022-12-18,9.276824917340491
2022-12-19,9.391582931246182
2022-12-20,9.301678871678185
2022-12-21,9.298919983292947
2022-12-22,9.323768640633453
2022-12-23,9.279032788049967
2022-12-24,9.248983909499227
2022-12-25,9.246966563775711
2022-12-26,9.248058912084137
2022-12-27,9.244641186037999
2022-12-28,9.277757023946075
2022-12-29,9.238857535214402
2022-12-30,9.267789899979224
2022-12-31,9.222034195276903
2023-01-01,9.314929892577732
2023-01-02,9.206033691141457
2023-01-03,9.34672468266594
2023-01-04,9.31321776965062
2023-01-05,9.34080085767458
2023-01-06,9.14111802853055
2023-01-07,9.38540488945699
2023-01-08,9.269088406311493
2023-01-09,9.326586596169516
2023-01-10,9.214321009842504
2023-01-11,9.292124576034198
2023-01-12,9.204016832280127
2023-01-13,9.22073446896827
2023-01-14,9.342894780048653
2023-01-15,9.232965777970968
2023-01-16,9.248716008353837
2023-01-17,9.2767313784819
2023-01-18,9.253436242096472
2023-01-19,9.231639133124572
2023-01-20,9.23787550608958
2023-01-21,9.335352061957158
2023-01-22,9.207900045699741
2023-01-23,9.216482820773553
2023-01-24,9.254655941077328
2023-01-25,9.253144616276602
2023-01-26,9.253015939590277
2023-01-27,9.221449292133983
2023-01-28,9.128264374374478
2023-01-29,9.263042732236304
2023-01-30,9.120066316378097
2023-01-31,9.188584866099227
2023-02-01,9.131867048234971
2023-02-02,9.162561059827246
2023-02-03,9.17845375244908
2023-02-04,9.17439277774036
2023-02-05,9.175792963608975
2023-02-06,9.231818297226987
2023-02-07,9.17031011182112
2023-02-08,9.131992119975864
2023-02-09,9.189037774577256
2023-02-10,9.197008312036122
2023-02-11,9.072924652719538
2023-02-12,9.161015144357707
2023-02-13,9.163114653219262
2023-02-14,9.110160409398226
2023-02-15,9.190879081048408
2023-02-16,9.111719576822784
2023-02-17,9.122704105467658
2023-02-18,9.10504975786086
2023-02-19,9.111836313964101
2023-02-20,9.053674350042444
2023-02-21,9.033993794678224
2023-02-22,9.1833080563724
2023-02-23,9.05890014536361
2023-02-24,9.04942364182978
2023-02-25,8.98914910529155
2023-02-26,9.062776824797707
2023-02-27,9.026558293671698
2023-02-28,9.172883578695425
2023-03-01,9.139426450578503
2023-03-02,9.052764139723989
2023-03-03,9.198113316263564
2023-03-04,9.132983975360446
2023-03-05,9.06614308572838
2023-03-06,8.955988549687078
2023-03-07,9.194165793722318
2023-03-08,9.008885917673103
2023-03-09,8.994926897462445
2023-03-10,9.127244414106835
2023-03-11,9.197109654722968
2023-03-12,9.143429195936376
2023-03-13,9.101592178932915
2023-03-14,9.102403497885229
2023-03-15,9.114693723158792
2023-03-16,9.109414836159129
2023-03-17,9.085061900672219
2023-03-18,9.075834906937976
2023-03-19,9.067206428929513
2023-03-20,9.03243788635046
2023-03-21,9.05599124856024
2023-03-22,8.985354937369374
2023-03-23,9.065152468066294
2023-03-24,9.020795441270549
2023-03-25,9.015289907792543
2023-03-26,9.079797215625227
2023-03-27,9.140824415473077
2023-03-28,9.11765045823193
2023-03-29,8.993808306993461
2023-03-30,9.023538844645277
2023-03-31,9.120833726681216
2023-04-01,9.025533485297457
2023-04-02,9.064376401418667
2023-04-03,9.104148102499531
2023-04-04,9.029352640705094
2023-04-05,9.084249598751846
2023-04-06,9.013576743957634
2023-04-07,9.051592682640749
2023-04-08,9.099118648729556
2023-04-09,9.00503335843487
2023-04-10,9.108344820669878
2023-04-11,9.087061292671097
2023-04-12,9.117473329073981
2023-04-13,9.102933201629474
2023-04-14,9.161915635183702
2023-04-15,9.102022828676795
2023-04-16,9.076425579102946
2023-04-17,9.10622561425594
2023-04-18,9.129570497513955
2023-04-19,9.107222750533277
2023-04-20,9.109262073016922
2023-04-21,9.074663509190783
2023-04-22,9.079225766639711
2023-04-23,9.044924608951758
2023-04-24,9.205293315469003
2023-04-25,9.058455650320694
2023-04-26,9.08891177411948
2023-04-27,9.090617919019332
2023-04-28,9.174337892394819
2023-04-29,9.117968819058367
2023-04-30,9.198298348312454
2023-05-01,9.105501020722626
2023-05-02,9.15645796556762
2023-05-03,9.104141021028045
2023-05-04,9.256632349499474
2023-05-05,9.093526867559751
2023-05-06,9.17199404882682
2023-05-07,9.191851345931111
2023-05-08,9.184574124705476
2023-05-09,9.158402531406232
2023-05-10,9.165018579540645
2023-05-11,9.177601705288462
2023-05-12,9.172020209651523
2023-05-13,9.231579931307484
2023-05-14,9.29798308904503
2023-05-15,9.16370740466138
2023-05-16,9.127269768984906
2023-05-17,9.195575370695101
2023-05-18,9.33325487293243
2023-05-19,9.168414720140023
2023-05-20,9.294931158062537
2023-05-21,9.30128375754819
2023-05-22,9.194187922866607
2023-05-23,9.254829001924527
2023-05-24,9.312354749885573
2023-05-25,9.216574810428503
2023-05-26,9.229988304229753
2023-05-27,9.215757873518873
2023-05-28,9.198815766703564
2023-05-29,9.221837100873618
2023-05-30,9.197885623794686
2023-05-31,9.26560133676005
2023-06-01,9.230244468568834
2023-06-02,9.285308397081828
2023-06-03,9.200728850292931
2023-06-04,9.29999928174654
2023-06-05,9.330089000820214
2023-06-06,9.193707229336571
2023-06-07,9.317100998690593
2023-06-08,9.364806995722414
2023-06-09,9.247986599104854
2023-06-10,9.397160606388912
2023-06-11,9.33956300721386
2023-06-12,9.288456761012796
2023-06-13,9.326027914483134
2023-06-14,9.36185393215628
2023-06-15,9.34286976033639
2023-06-16,9.371148360001085
2023-06-17,9.303325592305336
2023-06-18,9.362982141034827
2023-06-19,9.288987791667926
2023-06-20,9.359274690085815
2023-06-21,9.32480461792676
2023-06-22,9.338387509717263
2023-06-23,9.442131142247346
2023-06-24,9.440051406196691
2023-06-25,9.421097634086054
2023-06-26,9.341173801387605
2023-06-27,9.38511008674949
2023-06-28,9.466717298468765
2023-06-29,9.418269477315976
2023-06-30,9.532259123198369
2023-07-01,9.441053835224162
2023-07-02,9.436070468777475
2023-07-03,9.416075526750461
2023-07-04,9.443253499140363
2023-07-05,9.433978337982758
2023-07-06,9.482011422369284
2023-07-07,9.499422563099962
2023-07-08,9.417245256838784
2023-07-09,9.394914719718999
2023-07-10,9.374570629852546
2023-07-11,9.49665643622386
2023-07-12,9.420934506344217
2023-07-13,9.373272833219579
2023-07-14,9.505127952099631
2023-07-15,9.615096372633431
2023-07-16,9.494854535206702
2023-07-17,9.541757216487712
2023-07-18,9.5085602704495
2023-07-19,9.5041205986113
2023-07-20,9.559573976184124
2023-07-21,9.50361893783856
2023-07-22,9.535970898859228
2023-07-23,9.543109572519466
2023-07-24,9.497997028779338
2023-07-25,9.585332711427112
2023-07-26,9.531262539052566
2023-07-27,9.506452824061498
2023-07-28,9.575243498266751
2023-07-29,9.507619661944986
2023-07-30,9.558023082400716
2023-07-31,9.560173740434843
2023-08-01,9.618883646602074
2023-08-02,9.59222529711668
2023-08-03,9.571081737712626
2023-08-04,9.617004145127115
2023-08-05,9.649347875566361
2023-08-06,9.611387502002126
2023-08-07,9.587610842480943
2023-08-08,9.525033295271687
2023-08-09,9.540835943155198
2023-08-10,9.582230507325836
2023-08-11,9.57034883795722
2023-08-12,9.59474019017196
2023-08-13,9.610116193271889
2023-08-14,9.636892964170238
2023-08-15,9.609936778799254
2023-08-16,9.640768048182036
2023-08-17,9.622574908650249
2023-08-18,9.52341219337265
2023-08-19,9.577978357767321
2023-08-20,9.62042480969666
2023-08-21,9.569752169276825
2023-08-22,9.662763948043084
2023-08-23,9.711757794600194
2023-08-24,9.69853249652273
2023-08-25,9.629217117349162
2023-08-26,9.71664045068329
2023-08-27,9.651671769315707
2023-08-28,9.629437087759088
2023-08-29,9.617592371896713
2023-08-30,9.63502768432247
2023-08-31,9.632547976455507
2023-09-01,9.662199727346918
2023-09-02,9.66334565394104
2023-09-03,9.657022748985241
2023-09-04,9.680185843649008
2023-09-05,9.719254295035773
2023-09-06,9.708496883327518
2023-09-07,9.587985238129232
2023-09-08,9.5356584457066
2023-09-09,9.711107936643447
2023-09-10,9.596998210104857
2023-09-11,9.654966562623564
2023-09-12,9.608474097223239
2023-09-13,9.577567640946379
2023-09-14,9.695338508478425
2023-09-15,9.706733456859286
2023-09-16,9.640371971896112
2023-09-17,9.539978511739426
2023-09-18,9.642462780959281
2023-09-19,9.689520750864094
2023-09-20,9.59605164348215
2023-09-21,9.67914299358538
2023-09-22,9.669098391747559
2023-09-23,9.698628489655565
2023-09-24,9.675354166680327
2023-09-25,9.620344223482173
2023-09-26,9.728360168413435
2023-09-27,9.660050576128876
2023-09-28,9.66596899222254
2023-09-29,9.619939879116043
2023-09-30,9.643620332429574
2023-10-01,9.62063782989265
2023-10-02,9.655236804497475
2023-10-03,9.748388589196828
2023-10-04,9.593040401842151
2023-10-05,9.579703265013382
2023-10-06,9.732599680943926
2023-10-07,9.647149161238596
2023-10-08,9.62265066205614
2023-10-09,9.706503708373456
2023-10-10,9.622547566030283
2023-10-11,9.742364889565977
2023-10-12,9.683113472878357
2023-10-13,9.622891646250642
2023-10-14,9.753140498481093
2023-10-15,9.6128956428781
2023-10-16,9.678111509297873
2023-10-17,9.653716416240798
2023-10-18,9.701504261258789
2023-10-19,9.712079221028404
2023-10-20,9.633112103066084
2023-10-21,9.591271744897664
2023-10-22,9.649295258071904
2023-10-23,9.589688948718313
2023-10-24,9.721447006201922
2023-10-25,9.624733026171311
2023-10-26,9.59669533786817
2023-10-27,9.621177999189529
2023-10-28,9.541498544658301
2023-10-29,9.557114254598082
2023-10-30,9.662485907807334
2023-10-31,9.566321869888593
2023-11-01,9.543454499125506
2023-11-02,9.619199240880944
2023-11-03,9.648152473959097
2023-11-04,9.621250739636043
2023-11-05,9.631477467322444
2023-11-06,9.54014461363762
2023-11-07,9.503141489506014
2023-11-08,9.645485841861834
2023-11-09,9.550412915220619
2023-11-10,9.550074763148217
2023-11-11,9.625038551471203
2023-11-12,9.582396880459031
2023-11-13,9.573281607571557
2023-11-14,9.654585692932796
2023-11-15,9.509955768852292
2023-11-16,9.584268785127115
2023-11-17,9.53642278780705
2023-11-18,9.542648628391744
2023-11-19,9.601242138625382
2023-11-20,9.545764331848215
2023-11-21,9.542796616085088
2023-11-22,9.56497321916765
2023-11-23,9.488524371575394
2023-11-24,9.4601951519382
2023-11-25,9.445259642289814
2023-11-26,9.394488958175886
2023-11-27,9.590887439493956
2023-11-28,9.428151971275106
2023-11-29,9.467451438039642
2023-11-30,9.459843028806775
2023-12-01,9.484192879557815
2023-12-02,9.504718972907712
2023-12-03,9.502037520200036
2023-12-04,9.424915330631318
2023-12-05,9.44074356212908
2023-12-06,9.458235651668696
2023-12-07,9.426657144760007
2023-12-08,9.514423553432938
2023-12-09,9.453550614519985
2023-12-10,9.46067386502016
2023-12-11,9.451986167314926
2023-12-12,9.47241345195023
2023-12-13,9.417675531170959
2023-12-14,9.338656104738716
2023-12-15,9.418345422532791
2023-12-16,9.360648099080448
2023-12-17,9.36163314912225
2023-12-18,9.412224870839115
2023-12-19,9.439659685639821
2023-12-20,9.37364567790341
2023-12-21,9.382859551563342
2023-12-22,9.447365215163622
2023-12-23,9.369130989073069
2023-12-24,9.482020172499281
2023-12-25,9.375059538511538
2023-12-26,9.25360083709705
2023-12-27,9.374169378918719
2023-12-28,9.350433466008365
2023-12-29,9.390747878628176
2023-12-30,9.354816963681943
2023-12-31,9.309147225083144
2024-01-01,9.339783221247458
2024-01-02,9.38549256250376
2024-01-03,9.34838227622035
2024-01-04,9.356867173365485
2024-01-05,9.41032927240263
2024-01-06,9.459426022657805
2024-01-07,9.390719730709101
2024-01-08,9.306273734617493
2024-01-09,9.383407588743648
2024-01-10,9.416147880531062
2024-01-11,9.320996735565101
2024-01-12,9.339986752105164
2024-01-13,9.34265732673952
2024-01-14,9.2979482967012
2024-01-15,9.364913919701326
2024-01-16,9.321796957264462
2024-01-17,9.344204614142814
2024-01-18,9.274277538807736
2024-01-19,9.292245272851222
2024-01-20,9.345746523857656
2024-01-21,9.286539625090656
2024-01-22,9.38712917811309
2024-01-23,9.276446059157074
2024-01-24,9.303357457564541
2024-01-25,9.334497861222358
2024-01-26,9.212746137665606
2024-01-27,9.191472340433483
2024-01-28,9.199131804282498
2024-01-29,9.334500360792608
2024-01-30,9.239790678734408
2024-01-31,9.391363057120687
2024-02-01,9.23136846080307
2024-02-02,9.264995542316747
2024-02-03,9.3291211295623
2024-02-04,9.348629561375802
2024-02-05,9.34777210472903
2024-02-06,9.301551045303711
2024-02-07,9.288836523035995
2024-02-08,9.263826299200456
2024-02-09,9.26975146997117
2024-02-10,9.199975501773462
2024-02-11,9.18339509930527
2024-02-12,9.220976417994667
2024-02-13,9.20954678497747
2024-02-14,9.192377182099861
2024-02-15,9.246913112755662
2024-02-16,9.256987616602935
2024-02-17,9.210845627108673
2024-02-18,9.277579853127815
2024-02-19,9.143972905878352
2024-02-20,9.188805131423218
2024-02-21,9.1601552227778
2024-02-22,9.100255972357498
2024-02-23,9.187114178487393
2024-02-24,9.18290588388343
2024-02-25,9.262491098133843
2024-02-26,9.216265496409921
2024-02-27,9.131503442125613
2024-02-28,9.273487449005316
2024-02-29,9.239987280887638
2024-03-01,9.206276542156305
2024-03-02,9.164167321053856
2024-03-03,9.125923739174693
2024-03-04,9.153774316100257
2024-03-05,9.225396266415965
2024-03-06,9.263847980389512
2024-03-07,9.245526717424891
2024-03-08,9.142754363720975
2024-03-09,9.110135020841902
2024-03-10,9.172166346751565
2024-03-11,9.075793586732708
2024-03-12,9.179555108639537
2024-03-13,9.15528565148703
2024-03-14,9.138721120126364
2024-03-15,9.081733253306451
2024-03-16,9.186682334802235
2024-03-17,9.133989809757287
2024-03-18,9.101840243538975
2024-03-19,9.016523005129711
2024-03-20,9.158649257151048
2024-03-21,9.24861535791263
2024-03-22,9.243132410133425
2024-03-23,9.137370183798781
2024-03-24,9.130358770635242
2024-03-25,9.184241220871304
2024-03-26,9.111305029196432
2024-03-27,9.176824222922788
2024-03-28,9.200637351093855
2024-03-29,9.22436691266801
2024-03-30,9.158787463457807
2024-03-31,9.154474167465525
2024-04-01,9.12170892958069
2024-04-02,9.12530147984631
2024-04-03,9.156445918853198
2024-04-04,9.187349098785356
2024-04-05,9.215957250015206
2024-04-06,9.131502117304292
2024-04-07,9.247763980470404
2024-04-08,9.161126865059325
2024-04-09,9.175252719054434
2024-04-10,9.14068259866004
2024-04-11,9.058636818339476
2024-04-12,9.225939764744293
2024-04-13,9.220550808539631
2024-04-14,9.17169522568849
2024-04-15,9.191245392020452
2024-04-16,9.215907699989533
2024-04-17,9.114278303217809
2024-04-18,9.168327113149676
2024-04-19,9.236945722437818
2024-04-20,9.137048622422657
2024-04-21,9.21704870912559
2024-04-22,9.137225782310573
2024-04-23,9.231135977431332
2024-04-24,9.208866737975383
2024-04-25,9.132800443214
2024-04-26,9.274775250020651
2024-04-27,9.182862094707696
2024-04-28,9.182203681122248
2024-04-29,9.235939704540314
2024-04-30,9.286607419406256
2024-05-01,9.18171716650751
2024-05-02,9.238992366183432
2024-05-03,9.260815718127333
2024-05-04,9.277562068874383
2024-05-05,9.25532509107933
2024-05-06,9.23181110993034
2024-05-07,9.212504658800464
2024-05-08,9.261974108502434
2024-05-09,9.207902663928037
2024-05-10,9.119343607514775
2024-05-11,9.291198299940831
2024-05-12,9.31858271752205
2024-05-13,9.159310317188371
2024-05-14,9.231095458676275
2024-05-15,9.31671763101412
2024-05-16,9.392864246598249
2024-05-17,9.295309091433484
2024-05-18,9.262198301477053
2024-05-19,9.293830495735092
2024-05-20,9.376142537801778
2024-05-21,9.27956912599578
2024-05-22,9.276420247632752
2024-05-23,9.296797742620043
2024-05-24,9.277864767064942
2024-05-25,9.33630083803461
2024-05-26,9.416075842139783
2024-05-27,9.35570756689401
2024-05-28,9.331683303020604
2024-05-29,9.334492073687022
2024-05-30,9.275737622912256
2024-05-31,9.402898618979124
2024-06-01,9.35972724164165
2024-06-02,9.359499636923582
2024-06-03,9.53311064852806
2024-06-04,9.393350198158052
2024-06-05,9.345804458960385
2024-06-06,9.367080290387937
2024-06-07,9.450845831558588
2024-06-08,9.404132170566301
2024-06-09,9.331618088131158
2024-06-10,9.454573503474318
2024-06-11,9.380300149523766
2024-06-12,9.512481257176898
2024-06-13,9.477939989815926
2024-06-14,9.406703395982833
2024-06-15,9.498261378465521
2024-06-16,9.442752047485675
2024-06-17,9.487152783589135
2024-06-18,9.4739101573779
2024-06-19,9.412518160403707
2024-06-20,9.427822508384128
2024-06-21,9.51666204772581
2024-06-22,9.453587716881497
2024-06-23,9.455303477004877
2024-06-24,9.432884599073228
2024-06-25,9.506969392900908
2024-06-26,9.594056755196387
2024-06-27,9.442685767757093
2024-06-28,9.502394604467618
2024-06-29,9.576903673970056
2024-06-30,9.507405873692157
2024-07-01,9.53908660276546
2024-07-02,9.468411673553243
2024-07-03,9.547991808761632
2024-07-04,9.522244616551557
2024-07-05,9.585892488318848
2024-07-06,9.60095674983847
2024-07-07,9.676022911965113
2024-07-08,9.580458026057565
2024-07-09,9.572670714336818
2024-07-10,9.5709760849571
2024-07-11,9.548444522012376
2024-07-12,9.587841555040287
2024-07-13,9.560928951366131
2024-07-14,9.588869445575272
2024-07-15,9.651037957564094
2024-07-16,9.539505549501147
2024-07-17,9.651462730578574
2024-07-18,9.664920834637849
2024-07-19,9.597716725685181
2024-07-20,9.502039920097562
2024-07-21,9.58221018380091
2024-07-22,9.681874409537722
2024-07-23,9.620258148346545
2024-07-24,9.57576548233554
2024-07-25,9.604771780825924
2024-07-26,9.676271083361367
2024-07-27,9.6657546844983
2024-07-28,9.630596456076052
2024-07-29,9.628272803941526
2024-07-30,9.631041782814862
2024-07-31,9.608468359085569
2024-08-01,9.739259169946155
2024-08-02,9.646217062189317
2024-08-03,9.726973756208375
2024-08-04,9.745903300711618
2024-08-05,9.723412531591931
2024-08-06,9.655512195852872
2024-08-07,9.700811611406026
2024-08-08,9.68288184598942
2024-08-09,9.642306649507063
2024-08-10,9.707042412151262
2024-08-11,9.635136765763242
2024-08-12,9.756667666450111
2024-08-13,9.677177461587483
2024-08-14,9.71351970049585
2024-08-15,9.720607359568032
2024-08-16,9.696405939224539
2024-08-17,9.741520211764108
2024-08-18,9.691199944627133
2024-08-19,9.761194052355604
2024-08-20,9.652937922406542
2024-08-21,9.729086490520594
2024-08-22,9.822166702935924
2024-08-23,9.677577837707586
2024-08-24,9.69600201236943
2024-08-25,9.757799536323738
2024-08-26,9.74321748555258
2024-08-27,9.753822891278668
2024-08-28,9.762721861581143
2024-08-29,9.771887242074966
2024-08-30,9.79744180948038
2024-08-31,9.76416984907457
2024-09-01,9.733254072157619
2024-09-02,9.780499133037708
2024-09-03,9.843333031906452
2024-09-04,9.743090293977328
2024-09-05,9.70229271132192
2024-09-06,9.807584170016076
2024-09-07,9.747335444254018
2024-09-08,9.645758463780782
2024-09-09,9.797713228883149
2024-09-10,9.7294384234205
2024-09-11,9.752453084410998
2024-09-12,9.77426567935383
2024-09-13,9.767790356057139
2024-09-14,9.794248289701105
2024-09-15,9.737423173403956
2024-09-16,9.785185916255475
2024-09-17,9.74679766949271
2024-09-18,9.796871074638343
2024-09-19,9.79076559612151
2024-09-20,9.713203062494191
2024-09-21,9.81416299001496
2024-09-22,9.732865742419808
2024-09-23,9.799778038173676
2024-09-24,9.777362036196317
2024-09-25,9.850440777169966
2024-09-26,9.746803755661633
2024-09-27,9.739868379392126
2024-09-28,9.755632296775316
2024-09-29,9.740625455847436
2024-09-30,9.794875060691098
2024-10-01,9.673068577071819
2024-10-02,9.700119044232393
2024-10-03,9.69824531290976
2024-10-04,9.797896714505898
2024-10-05,9.834571833198341
2024-10-06,9.742392884169316
2024-10-07,9.737663212829634
2024-10-08,9.74801108215931
2024-10-09,9.800922258147537
2024-10-10,9.6946967471791
2024-10-11,9.751135628448134
2024-10-12,9.78604709814705
2024-10-13,9.76032979631481
2024-10-14,9.742660469858203
2024-10-15,9.781059045325764
2024-10-16,9.593590172570511
2024-10-17,9.760310962765393
2024-10-18,9.69129987703569
2024-10-19,9.629980250769973
2024-10-20,9.744502768391222
2024-10-21,9.784979578183096
2024-10-22,9.706702291474535
2024-10-23,9.758421371185737
2024-10-24,9.788520172516606
2024-10-25,9.770707138112977
2024-10-26,9.783942210364852
2024-10-27,9.73596123368838
2024-10-28,9.699466638468694
2024-10-29,9.612366921815255
2024-10-30,9.676863459430667
2024-10-31,9.643637718493792
2024-11-01,9.79091373912947
2024-11-02,9.670072975604329
2024-11-03,9.681463314442013
2024-11-04,9.699249351834178
2024-11-05,9.670164490384716
2024-11-06,9.748984574864643
2024-11-07,9.629286691177338
2024-11-08,9.666277279924588
2024-11-09,9.615492884686066
2024-11-10,9.582627718817715
2024-11-11,9.613996925443734
2024-11-12,9.638635379115057
2024-11-13,9.614870464461879
2024-11-14,9.597510631377606
2024-11-15,9.55756090553946
2024-11-16,9.61941685293076
2024-11-17,9.54398299574703
2024-11-18,9.652821515489237
2024-11-19,9.614494531680458
2024-11-20,9.53300423715936
2024-11-21,9.585887398449668
2024-11-22,9.559164187773009
2024-11-23,9.608114360826107
2024-11-24,9.654522624292023
2024-11-25,9.4890481641624
2024-11-26,9.58382838695431
2024-11-27,9.565305749782858
2024-11-28,9.602081123041453
2024-11-29,9.574343525213104
2024-11-30,9.521224078080419
2024-12-01,9.537979415497418
2024-12-02,9.509212552941873
2024-12-03,9.597869559489695
2024-12-04,9.540165230251999
2024-12-05,9.629166188431931
2024-12-06,9.526058660378453
2024-12-07,9.488635936286416
2024-12-08,9.443316147307431
2024-12-09,9.423772991904872
2024-12-10,9.429635306731281
2024-12-11,9.517096091626536
2024-12-12,9.52406070439727
2024-12-13,9.414438167034902
2024-12-14,9.533112940648966
2024-12-15,9.459062891185868
2024-12-16,9.485403633809016
2024-12-17,9.55351770131413
2024-12-18,9.512587497861416
2024-12-19,9.449155566671315
2024-12-20,9.412858289662628
2024-12-21,9.344663697865395
2024-12-22,9.41113566413652
2024-12-23,9.431379504848877
2024-12-24,9.3874250798724
2024-12-25,9.425076126700224
2024-12-26,9.43034489201143
2024-12-27,9.410132747673822
2024-12-28,9.383760111882864
2024-12-29,9.419590629716781
2024-12-30,9.428167056760802
2024-12-31,9.346478179189784
