Date,Total Coliform (MPN/100mL)
2020-01-01,9048.967932439386
2020-01-02,9092.340944516653
2020-01-03,8964.271452284118
2020-01-04,8315.278976887506
2020-01-05,8968.565021282035
2020-01-06,9563.470967820153
2020-01-07,8771.097195281041
2020-01-08,8640.193069473618
2020-01-09,8950.243965132757
2020-01-10,8911.698072301555
2020-01-11,9155.678386212716
2020-01-12,8400.504596722378
2020-01-13,8977.426229951914
2020-01-14,8915.431669855912
2020-01-15,8676.105613955893
2020-01-16,8800.95771493839
2020-01-17,8988.953877593935
2020-01-18,8922.745229416205
2020-01-19,8299.253322492019
2020-01-20,8869.495189219426
2020-01-21,8585.51542972043
2020-01-22,8608.449669202239
2020-01-23,8590.408549124695
2020-01-24,8505.440525347802
2020-01-25,8890.296914251714
2020-01-26,8490.153046679645
2020-01-27,8162.106082453895
2020-01-28,8362.83529325492
2020-01-29,8517.65489679835
2020-01-30,8816.19604374341
2020-01-31,8611.982958973294
2020-02-01,8159.759586108969
2020-02-02,9144.590213157397
2020-02-03,8462.831059684671
2020-02-04,8750.637708765733
2020-02-05,8307.389527831878
2020-02-06,8498.060830803526
2020-02-07,8575.313037794776
2020-02-08,8674.624879111267
2020-02-09,8612.349725625289
2020-02-10,8543.054048313094
2020-02-11,8173.411661793374
2020-02-12,8083.2476076849125
2020-02-13,8341.682320196078
2020-02-14,8509.265857394927
2020-02-15,8150.241041362131
2020-02-16,8524.64474044102
2020-02-17,8629.223701954525
2020-02-18,7907.20101209069
2020-02-19,7919.996128798727
2020-02-20,8118.254583941746
2020-02-21,8242.268545489838
2020-02-22,7982.558242583018
2020-02-23,8535.861690241507
2020-02-24,8248.02530554968
2020-02-25,8123.578326854451
2020-02-26,7672.247610265199
2020-02-27,7699.891852330382
2020-02-28,8170.897861287068
2020-02-29,7439.11962928426
2020-03-01,8375.339793655196
2020-03-02,8017.10187167309
2020-03-03,9030.826645090363
2020-03-04,8743.977603950712
2020-03-05,7991.227093520559
2020-03-06,8008.176670460525
2020-03-07,8333.526708414282
2020-03-08,8540.93859468495
2020-03-09,7534.074168212332
2020-03-10,7485.429170418616
2020-03-11,7830.954370878897
2020-03-12,8188.974287161734
2020-03-13,8160.16949716046
2020-03-14,8329.360374910886
2020-03-15,7646.209102614535
2020-03-16,7309.333213916624
2020-03-17,8260.007807508904
2020-03-18,7752.941473629138
2020-03-19,7395.0207898242115
2020-03-20,8043.623300469392
2020-03-21,8237.964281795366
2020-03-22,7963.672232888753
2020-03-23,7863.582970095649
2020-03-24,7954.147053911773
2020-03-25,7892.1689548945715
2020-03-26,7600.687121233976
2020-03-27,7792.82341328543
2020-03-28,8166.106209731729
2020-03-29,8109.087943553759
2020-03-30,8066.231138797563
2020-03-31,7720.863184503871
2020-04-01,7968.9159635197875
2020-04-02,7374.570059185073
2020-04-03,8085.917430200091
2020-04-04,8466.077410029686
2020-04-05,7600.5854383188
2020-04-06,7872.809468164297
2020-04-07,8153.438500373157
2020-04-08,8437.032144959303
2020-04-09,7933.537130826027
2020-04-10,7867.504828792862
2020-04-11,7492.026521246519
2020-04-12,8121.604334318436
2020-04-13,8711.40870239733
2020-04-14,8190.547553357736
2020-04-15,8109.549040241591
2020-04-16,8222.086106164792
2020-04-17,8131.695715740983
2020-04-18,7901.011300892757
2020-04-19,8402.119343273009
2020-04-20,8233.40801352153
2020-04-21,8181.8290277353435
2020-04-22,7895.118827407115
2020-04-23,8590.27937253733
2020-04-24,8410.447540642674
2020-04-25,8057.278057161792
2020-04-26,8536.12363234538
2020-04-27,8099.027388266093
2020-04-28,8026.716881300717
2020-04-29,8046.719250917444
2020-04-30,7756.910900468651
2020-05-01,8443.58045352726
2020-05-02,7766.9414268778
2020-05-03,7962.195571915289
2020-05-04,7722.76854940655
2020-05-05,8334.608314310513
2020-05-06,8330.58095310388
2020-05-07,8293.175177014507
2020-05-08,8094.172168057647
2020-05-09,8071.28660116616
2020-05-10,8578.524007770246
2020-05-11,8290.544044374732
2020-05-12,8567.349060909759
2020-05-13,8223.829306518826
2020-05-14,8560.910464130371
2020-05-15,8914.983069377568
2020-05-16,8717.472544753939
2020-05-17,8435.731713075531
2020-05-18,8654.653226683904
2020-05-19,8523.530938434
2020-05-20,8616.525375593288
2020-05-21,8535.097246655476
2020-05-22,8602.282138089646
2020-05-23,8734.190167293687
2020-05-24,8391.705712949903
2020-05-25,8404.266861214966
2020-05-26,8311.945230585241
2020-05-27,8268.05868214142
2020-05-28,8402.735934529346
2020-05-29,8835.683073427897
2020-05-30,8540.06859263197
2020-05-31,8982.180714776689
2020-06-01,8858.827047510313
2020-06-02,8278.297205148223
2020-06-03,9085.889634165746
2020-06-04,9153.291896759882
2020-06-05,8632.64957865431
2020-06-06,9077.716505361059
2020-06-07,8715.648637522034
2020-06-08,9022.920488188727
2020-06-09,8635.367090609456
2020-06-10,8497.951634012781
2020-06-11,8942.268817285758
2020-06-12,9041.282850975967
2020-06-13,8980.436035791428
2020-06-14,8765.913710723938
2020-06-15,9022.574282938851
2020-06-16,9244.78539227132
2020-06-17,9172.007506934173
2020-06-18,9261.723294651332
2020-06-19,9027.448744668936
2020-06-20,9601.515374414848
2020-06-21,8918.66469422836
2020-06-22,9439.295103654447
2020-06-23,9669.091911917054
2020-06-24,9480.275461327568
2020-06-25,9296.69873030236
2020-06-26,9220.3880078104
2020-06-27,9711.086351438067
2020-06-28,8994.705987563078
2020-06-29,9151.84874771646
2020-06-30,9344.84910057933
2020-07-01,9856.579514557654
2020-07-02,9620.310915648042
2020-07-03,9236.988163702134
2020-07-04,9455.248645891965
2020-07-05,9384.894675666346
2020-07-06,9377.010999247572
2020-07-07,9904.269908667795
2020-07-08,9219.62859204131
2020-07-09,10134.221333835767
2020-07-10,9920.372531548028
2020-07-11,10019.353653901575
2020-07-12,9573.273825005763
2020-07-13,9687.097042080777
2020-07-14,9321.914442150053
2020-07-15,9614.093281145355
2020-07-16,9939.065944980985
2020-07-17,10199.10559570993
2020-07-18,9497.290793587828
2020-07-19,9738.765519049157
2020-07-20,9821.829671630216
2020-07-21,9467.101919157383
2020-07-22,10081.674281734457
2020-07-23,9705.309364900093
2020-07-24,9881.927036106417
2020-07-25,9822.792383790334
2020-07-26,9739.198790101349
2020-07-27,9991.294863056788
2020-07-28,9945.9132140735
2020-07-29,9916.001070867484
2020-07-30,9825.751889608619
2020-07-31,10156.644352528614
2020-08-01,10573.128453350533
2020-08-02,10135.020693392918
2020-08-03,10407.651423502923
2020-08-04,9707.25633126852
2020-08-05,10186.89920964035
2020-08-06,9825.344552178569
2020-08-07,9726.193800445411
2020-08-08,9961.903687382983
2020-08-09,10555.452060922275
2020-08-10,10496.773282205815
2020-08-11,10298.27123045479
2020-08-12,9778.871902978992
2020-08-13,10192.817164801963
2020-08-14,10354.933826429722
2020-08-15,10329.506560501597
2020-08-16,9735.825207913036
2020-08-17,10033.677652637136
2020-08-18,10293.048035164795
2020-08-19,10484.342220699911
2020-08-20,9675.482097082013
2020-08-21,10296.227438786347
2020-08-22,10397.99901839289
2020-08-23,10619.8602796293
2020-08-24,10582.395862336536
2020-08-25,10558.538661645936
2020-08-26,10152.677833221087
2020-08-27,9828.8134685088
2020-08-28,10291.511277355576
2020-08-29,10717.786083591223
2020-08-30,10842.8564306847
2020-08-31,10645.160214973264
2020-09-01,10567.622892209461
2020-09-02,10559.18542775567
2020-09-03,10284.576605812143
2020-09-04,10418.156834002482
2020-09-05,10963.300760062284
2020-09-06,10184.858167227963
2020-09-07,10956.744064095026
2020-09-08,10380.024641491893
2020-09-09,10878.221903668638
2020-09-10,10062.142300143221
2020-09-11,10663.186879208586
2020-09-12,10269.246720988129
2020-09-13,10068.192226040184
2020-09-14,10560.458957907258
2020-09-15,10799.497752963985
2020-09-16,10244.561844866406
2020-09-17,10049.357725912085
2020-09-18,10472.157198174378
2020-09-19,10473.757826037085
2020-09-20,10664.391711584773
2020-09-21,10784.311222268543
2020-09-22,10480.775090099543
2020-09-23,11054.04744552002
2020-09-24,10563.0940505533
2020-09-25,10389.953687073801
2020-09-26,10008.100853853419
2020-09-27,10410.094723896967
2020-09-28,10384.930904167084
2020-09-29,10770.52662633923
2020-09-30,10617.403277195035
2020-10-01,10120.706378067076
2020-10-02,10521.689504213771
2020-10-03,10666.607097305041
2020-10-04,10918.331636596431
2020-10-05,10720.589375929405
2020-10-06,10676.651267527563
2020-10-07,10460.127044172606
2020-10-08,10551.945576642249
2020-10-09,10803.302899449875
2020-10-10,10021.268463625394
2020-10-11,10308.573115632387
2020-10-12,10173.592778114495
2020-10-13,10510.725468192079
2020-10-14,10757.322440313006
2020-10-15,10200.102466889533
2020-10-16,9652.707803177804
2020-10-17,10236.405429779525
2020-10-18,10624.057374572141
2020-10-19,10500.921869271615
2020-10-20,10457.383534405562
2020-10-21,10233.90472162494
2020-10-22,9922.852100825394
2020-10-23,10449.495145760637
2020-10-24,10032.658205394499
2020-10-25,10925.901584321531
2020-10-26,10429.252095407535
2020-10-27,10071.034088962084
2020-10-28,10048.646744631806
2020-10-29,10190.721789724725
2020-10-30,10133.010189381654
2020-10-31,10525.883667073997
2020-11-01,10232.45236448396
2020-11-02,9942.45742093555
2020-11-03,10714.228347641689
2020-11-04,10146.77201209004
2020-11-05,10347.253436399391
2020-11-06,9918.498809612842
2020-11-07,10194.014518590275
2020-11-08,10162.278443854315
2020-11-09,9485.673603916859
2020-11-10,10640.536051382984
2020-11-11,10406.299088230924
2020-11-12,9882.871484187357
2020-11-13,9654.050643228835
2020-11-14,10071.483819021472
2020-11-15,9975.49588783704
2020-11-16,10038.251232744782
2020-11-17,9970.885779060643
2020-11-18,10046.950285561594
2020-11-19,10310.74397662476
2020-11-20,10028.271845424457
2020-11-21,9524.052734919347
2020-11-22,10228.65222269931
2020-11-23,10292.832849484605
2020-11-24,10726.867445315569
2020-11-25,9424.646738547648
2020-11-26,9814.852449765667
2020-11-27,9097.505345548261
2020-11-28,9868.086910325972
2020-11-29,9517.555301388384
2020-11-30,10238.79434122815
2020-12-01,9408.99931016421
2020-12-02,9114.136112701684
2020-12-03,9458.909221788264
2020-12-04,8986.935534544868
2020-12-05,9784.107561953362
2020-12-06,8918.357173911369
2020-12-07,9525.438418654692
2020-12-08,8872.497566285112
2020-12-09,9378.61889079596
2020-12-10,9946.522212914508
2020-12-11,9540.443363580582
2020-12-12,9151.887140326247
2020-12-13,9380.212712220395
2020-12-14,9373.575998884833
2020-12-15,9488.522202794851
2020-12-16,8915.209087722993
2020-12-17,9481.547973409863
2020-12-18,8470.955560803084
2020-12-19,9071.793380401718
2020-12-20,9092.759101153677
2020-12-21,9407.724997537456
2020-12-22,9203.011464547397
2020-12-23,8753.064487135873
2020-12-24,8857.768963213068
2020-12-25,9191.433065592722
2020-12-26,9086.706038538516
2020-12-27,8915.32754529355
2020-12-28,8923.500866996563
2020-12-29,9255.341632974641
2020-12-30,8869.983995982284
2020-12-31,8977.731514549307
2021-01-01,9955.139864182192
2021-01-02,8855.994064635077
2021-01-03,8706.565092739338
2021-01-04,9476.299173838413
2021-01-05,9016.82521570176
2021-01-06,9104.240397678193
2021-01-07,8944.762062468802
2021-01-08,9080.676156599962
2021-01-09,9617.800830848239
2021-01-10,9358.623146747019
2021-01-11,9356.524890153883
2021-01-12,8652.996926757249
2021-01-13,8712.666033213554
2021-01-14,8186.581453634844
2021-01-15,8775.93532871323
2021-01-16,9286.36247547758
2021-01-17,9135.200587838937
2021-01-18,8894.596636522034
2021-01-19,8935.469030998722
2021-01-20,8716.782070420159
2021-01-21,8966.34967595072
2021-01-22,9116.350923641769
2021-01-23,8383.683415601045
2021-01-24,8940.407728338485
2021-01-25,9112.515126405995
2021-01-26,8690.738347945398
2021-01-27,9008.18010460502
2021-01-28,9625.290583387605
2021-01-29,8732.74364385914
2021-01-30,8865.423723455893
2021-01-31,8509.637428390226
2021-02-01,8769.295518513698
2021-02-02,8837.114725648422
2021-02-03,8741.85116847232
2021-02-04,8362.11189145337
2021-02-05,8714.812389302682
2021-02-06,9076.711839007183
2021-02-07,8758.063215793614
2021-02-08,8897.762622306542
2021-02-09,8524.035643008034
2021-02-10,8806.365020118312
2021-02-11,8651.718032616565
2021-02-12,8269.49820136556
2021-02-13,8637.456368538482
2021-02-14,8231.818436660511
2021-02-15,8327.193169129676
2021-02-16,8561.891642914416
2021-02-17,8582.611960322707
2021-02-18,8125.327548289577
2021-02-19,8787.268071292474
2021-02-20,8631.968985103491
2021-02-21,8238.566214349814
2021-02-22,7978.652907778381
2021-02-23,8386.729512856935
2021-02-24,8287.022132935796
2021-02-25,8445.686349498135
2021-02-26,8294.08546907909
2021-02-27,7792.399539035131
2021-02-28,8270.091004712178
2021-03-01,8287.212583810217
2021-03-02,8561.646878194191
2021-03-03,8155.088122601471
2021-03-04,8861.501156223712
2021-03-05,7778.1105635703525
2021-03-06,8739.0120636356
2021-03-07,8272.782079956489
2021-03-08,8592.727715916739
2021-03-09,8353.92725692716
2021-03-10,8667.349546250778
2021-03-11,8205.133220659178
2021-03-12,7987.978684991868
2021-03-13,8740.304298390893
2021-03-14,8277.06322624354
2021-03-15,8374.896480502995
2021-03-16,8676.543935337568
2021-03-17,7994.589800178957
2021-03-18,8481.250818210037
2021-03-19,8124.431928579841
2021-03-20,8260.916342447492
2021-03-21,8321.787866296865
2021-03-22,7849.945016895683
2021-03-23,8066.638259679005
2021-03-24,8706.259353674337
2021-03-25,8567.813080130984
2021-03-26,8284.551910416636
2021-03-27,8378.038292369894
2021-03-28,8218.954864691623
2021-03-29,8716.697253975979
2021-03-30,8252.478607802559
2021-03-31,8385.365824647972
2021-04-01,8663.216772302505
2021-04-02,8090.155466706717
2021-04-03,8795.326328466997
2021-04-04,7873.23600811146
2021-04-05,8826.312737019454
2021-04-06,8231.022402745839
2021-04-07,8275.778145812039
2021-04-08,7787.703415405234
2021-04-09,8224.74093941775
2021-04-10,8056.062556408006
2021-04-11,8192.886023960587
2021-04-12,8341.51017423468
2021-04-13,8677.910379867875
2021-04-14,8461.066895774395
2021-04-15,8499.643010788668
2021-04-16,8087.576917343036
2021-04-17,8161.2351860538765
2021-04-18,8974.640822430958
2021-04-19,8224.355302141821
2021-04-20,8951.997844186884
2021-04-21,8392.761196923744
2021-04-22,8477.231432998298
2021-04-23,8808.838183659569
2021-04-24,8880.7947195385
2021-04-25,8477.792948959013
2021-04-26,8406.68139231552
2021-04-27,8518.800041684135
2021-04-28,8649.68589825129
2021-04-29,8828.709035114955
2021-04-30,8575.899143859775
2021-05-01,8773.897355802024
2021-05-02,9093.62565908308
2021-05-03,8730.67777405874
2021-05-04,8724.224578096451
2021-05-05,8189.77170460309
2021-05-06,7871.210181099062
2021-05-07,8792.189809954492
2021-05-08,8662.736771586155
2021-05-09,8552.510673984396
2021-05-10,8796.015788453054
2021-05-11,8721.0919299472
2021-05-12,9094.043699077447
2021-05-13,8798.27482492661
2021-05-14,8565.326926835041
2021-05-15,9103.641512986833
2021-05-16,8758.860335698888
2021-05-17,8999.583809737795
2021-05-18,8716.232646682636
2021-05-19,8682.545469927894
2021-05-20,8920.980959848772
2021-05-21,8918.009913247975
2021-05-22,9076.728672910078
2021-05-23,8870.98897386234
2021-05-24,8419.654226240316
2021-05-25,8859.88115774797
2021-05-26,9247.176049455105
2021-05-27,8939.295172961673
2021-05-28,8974.224992738169
2021-05-29,9363.833693967272
2021-05-30,8874.252353208982
2021-05-31,8645.063881806665
2021-06-01,9079.90703964971
2021-06-02,9003.160737509925
2021-06-03,8878.974573253663
2021-06-04,9136.78342212963
2021-06-05,9357.503997256403
2021-06-06,9228.02181263442
2021-06-07,9343.753364298433
2021-06-08,9816.620418299419
2021-06-09,9190.755716696956
2021-06-10,9398.221203089346
2021-06-11,9183.119560993413
2021-06-12,9103.206058203556
2021-06-13,9202.929238833087
2021-06-14,9256.112372419302
2021-06-15,9528.965617454844
2021-06-16,10147.26673758842
2021-06-17,9249.183935614348
2021-06-18,9360.487824286294
2021-06-19,9488.036081538194
2021-06-20,9647.22295941813
2021-06-21,9629.065243586436
2021-06-22,9956.745433379228
2021-06-23,8865.10939336787
2021-06-24,8898.445622970365
2021-06-25,9487.239581899856
2021-06-26,9986.646054684921
2021-06-27,9209.182712327614
2021-06-28,8797.970354216064
2021-06-29,9892.952287007343
2021-06-30,9815.983192941167
2021-07-01,9437.053908187017
2021-07-02,9489.621507087775
2021-07-03,9515.457508945372
2021-07-04,9860.562486497389
2021-07-05,9660.446374652534
2021-07-06,10017.410794587891
2021-07-07,9033.559698046314
2021-07-08,9653.547481562422
2021-07-09,9593.335342547047
2021-07-10,9874.684873603708
2021-07-11,9810.4892969456
2021-07-12,10231.448286689196
2021-07-13,9454.354647115324
2021-07-14,10045.726700703735
2021-07-15,10219.360913470979
2021-07-16,10628.486234233982
2021-07-17,9946.439699359997
2021-07-18,10207.624258481268
2021-07-19,9588.279000859855
2021-07-20,9430.83043885083
2021-07-21,10420.651750434483
2021-07-22,10184.17059172071
2021-07-23,10557.823316146463
2021-07-24,9810.485597731951
2021-07-25,10396.51478331815
2021-07-26,10819.022547527053
2021-07-27,10401.91202432443
2021-07-28,10376.382810378269
2021-07-29,10313.162911891213
2021-07-30,9856.29399841331
2021-07-31,10750.962256825826
2021-08-01,10177.529659352207
2021-08-02,10528.388249717753
2021-08-03,9924.144231569804
2021-08-04,10054.978059677249
2021-08-05,10854.849128581229
2021-08-06,10335.380091164867
2021-08-07,10890.537690682653
2021-08-08,10445.802080987427
2021-08-09,9931.145777733338
2021-08-10,10765.502540517718
2021-08-11,10334.80083827824
2021-08-12,10734.976457893583
2021-08-13,10546.245331207996
2021-08-14,10088.765891835485
2021-08-15,10613.712253370373
2021-08-16,11235.712634273857
2021-08-17,10736.859220511598
2021-08-18,10583.517681141459
2021-08-19,10934.874384996478
2021-08-20,10686.655487405687
2021-08-21,10697.180712490834
2021-08-22,10317.377079782573
2021-08-23,10725.238795166084
2021-08-24,10975.60970799952
2021-08-25,10423.719941435296
2021-08-26,11111.116012377379
2021-08-27,10665.148177988129
2021-08-28,10434.88325618423
2021-08-29,11008.716727550069
2021-08-30,10631.258265307175
2021-08-31,10952.674538673202
2021-09-01,10644.467894606367
2021-09-02,10720.87280230997
2021-09-03,10893.361594540169
2021-09-04,10838.681347117377
2021-09-05,10158.515387933046
2021-09-06,10426.206780286067
2021-09-07,11046.448564402772
2021-09-08,10732.669450211608
2021-09-09,10619.513697008084
2021-09-10,10373.020066362873
2021-09-11,10460.265906609728
2021-09-12,10180.876026870606
2021-09-13,10759.893546161955
2021-09-14,10613.241109443126
2021-09-15,10504.92237788838
2021-09-16,10776.219188834808
2021-09-17,10907.235465700278
2021-09-18,11427.021893712588
2021-09-19,10346.1456016059
2021-09-20,11147.802737660395
2021-09-21,11091.826291622943
2021-09-22,10565.705029046187
2021-09-23,10859.5704308571
2021-09-24,10660.106476280456
2021-09-25,10851.530201318334
2021-09-26,11246.620942897236
2021-09-27,10973.252931373661
2021-09-28,10941.475091961851
2021-09-29,10656.754191804032
2021-09-30,10337.218187977487
2021-10-01,10716.117726812856
2021-10-02,11136.499561016037
2021-10-03,10311.862831313567
2021-10-04,10448.620935333318
2021-10-05,10797.802549650301
2021-10-06,10458.941750251008
2021-10-07,10510.640237099557
2021-10-08,10615.021671269604
2021-10-09,10325.76675375817
2021-10-10,10436.214875373116
2021-10-11,10932.130057905482
2021-10-12,10321.193979128186
2021-10-13,10226.001762392914
2021-10-14,10507.972038714073
2021-10-15,10907.842438370724
2021-10-16,10620.11821050679
2021-10-17,10530.42478998395
2021-10-18,10673.37929254155
2021-10-19,10126.303025109024
2021-10-20,10788.04459451916
2021-10-21,10743.958169483481
2021-10-22,10495.110169958567
2021-10-23,10908.338675230254
2021-10-24,10256.658019587385
2021-10-25,10921.315446380957
2021-10-26,10617.02066398597
2021-10-27,10457.134155937729
2021-10-28,10539.266489117776
2021-10-29,10499.88288910511
2021-10-30,10884.689920634115
2021-10-31,10181.857027746873
2021-11-01,10262.077762671031
2021-11-02,10787.418381182488
2021-11-03,10283.28646205295
2021-11-04,10717.25606529443
2021-11-05,10941.810307536585
2021-11-06,10296.063025526231
2021-11-07,10605.37545981886
2021-11-08,10038.97214586496
2021-11-09,10595.365435931699
2021-11-10,10412.395587341734
2021-11-11,10477.865002892857
2021-11-12,10125.434128343542
2021-11-13,9803.705054361002
2021-11-14,10435.707184790443
2021-11-15,9648.19438913657
2021-11-16,10154.28143033996
2021-11-17,10513.905108101804
2021-11-18,10270.981880964328
2021-11-19,10779.58078220676
2021-11-20,10484.08501258175
2021-11-21,9961.67136738819
2021-11-22,10147.143398547762
2021-11-23,10105.672156122242
2021-11-24,9625.995451434279
2021-11-25,9799.130750016637
2021-11-26,9893.466676425569
2021-11-27,9431.121694963804
2021-11-28,10036.38299698045
2021-11-29,9927.420610016297
2021-11-30,9480.147220444944
2021-12-01,10083.024462363863
2021-12-02,10156.145624577071
2021-12-03,9989.001367751329
2021-12-04,9803.067891436329
2021-12-05,10057.014511435566
2021-12-06,10062.843833744177
2021-12-07,9930.10315870417
2021-12-08,9569.517469169317
2021-12-09,9878.821341895326
2021-12-10,10133.352427404596
2021-12-11,9574.520048589628
2021-12-12,10361.630797889573
2021-12-13,9553.245941620113
2021-12-14,9699.29586290416
2021-12-15,9466.425258469599
2021-12-16,9713.714349817907
2021-12-17,9102.600088916659
2021-12-18,9439.965251610647
2021-12-19,9254.636690179346
2021-12-20,9601.360250478549
2021-12-21,9837.575466541812
2021-12-22,9711.52880585045
2021-12-23,8784.72440048667
2021-12-24,10087.354299171124
2021-12-25,9541.850883144432
2021-12-26,9198.8793205806
2021-12-27,9457.564616795165
2021-12-28,9441.921724935082
2021-12-29,9167.696388764687
2021-12-30,9405.866234029478
2021-12-31,9143.050081556956
2022-01-01,9482.850289951022
2022-01-02,9377.21511497373
2022-01-03,9132.31652528984
2022-01-04,9584.973215463446
2022-01-05,9696.007965044892
2022-01-06,9654.176734823892
2022-01-07,9725.086551698707
2022-01-08,9555.918261834677
2022-01-09,9278.421747754266
2022-01-10,9669.88376849094
2022-01-11,8990.60257463521
2022-01-12,9107.663628741298
2022-01-13,9068.752132752443
2022-01-14,9662.321869222265
2022-01-15,9601.58612928008
2022-01-16,9445.54309067538
2022-01-17,9601.695592677966
2022-01-18,8997.265780684074
2022-01-19,9346.73765207243
2022-01-20,9185.895404677833
2022-01-21,9458.98664239566
2022-01-22,9152.020170031925
2022-01-23,9052.966585301161
2022-01-24,9312.785977555577
2022-01-25,9395.635415276964
2022-01-26,8914.764876180368
2022-01-27,9079.647219563134
2022-01-28,8763.362059953344
2022-01-29,8314.628176507325
2022-01-30,9107.569497878414
2022-01-31,9213.726160365033
2022-02-01,9093.5402124591
2022-02-02,8414.16472282742
2022-02-03,8878.143637368335
2022-02-04,8302.516159350704
2022-02-05,9363.814190201301
2022-02-06,8612.236682756466
2022-02-07,9300.093569277224
2022-02-08,9192.927358690233
2022-02-09,8624.962128251003
2022-02-10,8541.559462910876
2022-02-11,8973.048746067509
2022-02-12,8601.47420911681
2022-02-13,8872.645459746282
2022-02-14,8684.47915845053
2022-02-15,8282.709727255424
2022-02-16,8135.952744989366
2022-02-17,8861.44395285705
2022-02-18,8613.629963913529
2022-02-19,8605.145394863372
2022-02-20,8969.126253341485
2022-02-21,9102.017428022813
2022-02-22,8658.16493030459
2022-02-23,8628.021274508406
2022-02-24,8870.84815702831
2022-02-25,8304.663541472357
2022-02-26,8769.966383850067
2022-02-27,8860.202388805279
2022-02-28,8890.664148727814
2022-03-01,8097.87250637997
2022-03-02,8443.14198981929
2022-03-03,8401.069049137746
2022-03-04,8687.864840534707
2022-03-05,8795.826102696275
2022-03-06,9094.674936528609
2022-03-07,8491.588127109499
2022-03-08,8485.580504720909
2022-03-09,8974.888417373164
2022-03-10,8714.45596700223
2022-03-11,9001.637263381414
2022-03-12,8704.183213448163
2022-03-13,8267.018026595593
2022-03-14,8211.16891357484
2022-03-15,8142.975263698054
2022-03-16,8804.73391155167
2022-03-17,8960.75541973339
2022-03-18,9157.412191334173
2022-03-19,8854.33195521568
2022-03-20,8949.418722401299
2022-03-21,8426.099276885472
2022-03-22,8253.086830306605
2022-03-23,8855.313172250402
2022-03-24,8726.241711622215
2022-03-25,8634.189035857811
2022-03-26,8719.555227804703
2022-03-27,8702.056899553489
2022-03-28,8992.372674338629
2022-03-29,8998.217913672672
2022-03-30,8775.850486842912
2022-03-31,8869.554058776395
2022-04-01,8773.626494787319
2022-04-02,8485.015992550103
2022-04-03,8854.65897559187
2022-04-04,8214.025910376695
2022-04-05,8953.58756337438
2022-04-06,8284.46819600162
2022-04-07,8734.328756198043
2022-04-08,8401.16027923227
2022-04-09,8827.196049553386
2022-04-10,8657.826947937698
2022-04-11,8196.75314012363
2022-04-12,8808.913353276888
2022-04-13,8517.19666247619
2022-04-14,8963.129906598218
2022-04-15,8707.737721388656
2022-04-16,8834.859029613117
2022-04-17,8438.190726430132
2022-04-18,8558.223647497356
2022-04-19,8607.324021740471
2022-04-20,9012.146112642462
2022-04-21,9268.89268292965
2022-04-22,8534.993526632385
2022-04-23,9110.783078987895
2022-04-24,8148.323767639193
2022-04-25,8452.779896715054
2022-04-26,8535.52077151595
2022-04-27,8429.823569408582
2022-04-28,8373.22212284538
2022-04-29,8985.217602695368
2022-04-30,8810.409876843172
2022-05-01,9002.05308567661
2022-05-02,9109.259545238252
2022-05-03,8995.969988331066
2022-05-04,9128.05767414013
2022-05-05,8924.585266257429
2022-05-06,8604.331205656057
2022-05-07,9293.02134543168
2022-05-08,8814.450401136079
2022-05-09,8726.266586830092
2022-05-10,8969.581364455833
2022-05-11,8765.36977291732
2022-05-12,8930.480509290448
2022-05-13,9175.657740917955
2022-05-14,9193.90643412993
2022-05-15,8837.242621371357
2022-05-16,8977.688046298126
2022-05-17,9463.922706067176
2022-05-18,9308.375893860659
2022-05-19,9800.013047381688
2022-05-20,9549.768942915522
2022-05-21,9557.449240752852
2022-05-22,8816.419997163288
2022-05-23,9480.740805345291
2022-05-24,9254.630120862363
2022-05-25,9124.418781763012
2022-05-26,9359.43511147172
2022-05-27,9612.07145711805
2022-05-28,9498.389490793797
2022-05-29,9104.378601792872
2022-05-30,9610.581995464445
2022-05-31,9216.628584656746
2022-06-01,9493.101311196644
2022-06-02,9357.407902641406
2022-06-03,9403.188593658952
2022-06-04,9719.26985141139
2022-06-05,9197.994187137598
2022-06-06,10114.366903387845
2022-06-07,9005.333221704213
2022-06-08,9393.297803768335
2022-06-09,9704.682942146748
2022-06-10,9790.01086262654
2022-06-11,9605.740853601643
2022-06-12,9639.896763269186
2022-06-13,9801.566560456704
2022-06-14,9630.419100638504
2022-06-15,10139.07725557118
2022-06-16,9994.348735847672
2022-06-17,10025.84427179879
2022-06-18,9495.628398959809
2022-06-19,9783.156458149857
2022-06-20,9738.343520188995
2022-06-21,9548.319587293161
2022-06-22,9979.565950378525
2022-06-23,9731.733287194487
2022-06-24,10111.145732984138
2022-06-25,9614.945564634601
2022-06-26,10473.168182274356
2022-06-27,9709.977324231675
2022-06-28,10066.050757284322
2022-06-29,10259.156258258
2022-06-30,9871.693896770319
2022-07-01,10319.85702325673
2022-07-02,9716.52830796393
2022-07-03,10542.015934590543
2022-07-04,10131.646670744934
2022-07-05,9969.417535116772
2022-07-06,10079.437087167003
2022-07-07,10432.623477735448
2022-07-08,10035.26645354563
2022-07-09,10006.344223993528
2022-07-10,10185.126097840333
2022-07-11,9918.81499066165
2022-07-12,10838.25832510301
2022-07-13,10142.237301248924
2022-07-14,10581.56429365863
2022-07-15,10414.7010116018
2022-07-16,10076.131788120805
2022-07-17,10389.183077924221
2022-07-18,10645.487510968736
2022-07-19,10372.959438102673
2022-07-20,10806.351183900044
2022-07-21,10773.674055534531
2022-07-22,10761.513136212629
2022-07-23,10366.372477525038
2022-07-24,10198.55373008843
2022-07-25,10356.467859850685
2022-07-26,10617.249477563913
2022-07-27,10739.736355876958
2022-07-28,9941.93693727282
2022-07-29,10608.162127160382
2022-07-30,10674.985203148039
2022-07-31,10561.027099218056
2022-08-01,11048.16910299849
2022-08-02,10803.57729507811
2022-08-03,11086.11209596545
2022-08-04,10644.027802924515
2022-08-05,11005.566156566636
2022-08-06,11230.090696210475
2022-08-07,11148.063082651688
2022-08-08,10441.628800676363
2022-08-09,10707.61228635798
2022-08-10,10694.332848963264
2022-08-11,10958.54489412782
2022-08-12,11031.27588034283
2022-08-13,10587.01426873825
2022-08-14,10872.052914393427
2022-08-15,10258.44562411236
2022-08-16,11309.429193368584
2022-08-17,10735.251010754251
2022-08-18,10917.532188996447
2022-08-19,10819.37645021299
2022-08-20,11267.263220348777
2022-08-21,10083.068510992782
2022-08-22,10939.88152873253
2022-08-23,10923.338760179895
2022-08-24,10828.885766796931
2022-08-25,11492.406550755994
2022-08-26,10717.568428346563
2022-08-27,11224.198838402364
2022-08-28,11108.089946257618
2022-08-29,11387.88288023465
2022-08-30,10817.139810595405
2022-08-31,10804.929402690243
2022-09-01,11360.816456527149
2022-09-02,11166.417037867976
2022-09-03,10581.812329236853
2022-09-04,10889.620725501396
2022-09-05,11173.089718222987
2022-09-06,11313.909168778362
2022-09-07,10863.85637300764
2022-09-08,10198.03362993699
2022-09-09,11233.60004356062
2022-09-10,10714.496063956922
2022-09-11,10478.985163555759
2022-09-12,10237.717841363949
2022-09-13,11334.472019831737
2022-09-14,11131.357618738932
2022-09-15,11027.2018309703
2022-09-16,11513.363525274022
2022-09-17,11289.241681351377
2022-09-18,11583.95252686618
2022-09-19,10681.889985824764
2022-09-20,11089.62323748405
2022-09-21,10614.881810834018
2022-09-22,11030.618151302557
2022-09-23,11024.014888351288
2022-09-24,11285.380542260662
2022-09-25,11109.492791535282
2022-09-26,11280.903780359846
2022-09-27,11302.603101525936
2022-09-28,11735.37118320676
2022-09-29,10991.257991204588
2022-09-30,10800.128377254874
2022-10-01,11152.4832745699
2022-10-02,10833.833106414999
2022-10-03,11514.601418821421
2022-10-04,10980.182334102756
2022-10-05,10890.249318417884
2022-10-06,10912.94346935985
2022-10-07,11263.922498275613
2022-10-08,10994.77715081861
2022-10-09,10842.9519289761
2022-10-10,11528.057004525086
2022-10-11,10764.250730670765
2022-10-12,11024.074736007373
2022-10-13,11201.055248224435
2022-10-14,10507.578999449119
2022-10-15,11132.333938039548
2022-10-16,10662.662450261721
2022-10-17,11216.633947668837
2022-10-18,10671.276349711174
2022-10-19,11157.845964521579
2022-10-20,11271.382818275066
2022-10-21,11187.35861775223
2022-10-22,10993.297706658715
2022-10-23,10837.17103881242
2022-10-24,10721.980976372844
2022-10-25,11324.253155650018
2022-10-26,10660.823998257101
2022-10-27,10546.980110830182
2022-10-28,11044.83926023812
2022-10-29,10593.221277892444
2022-10-30,10533.586002468963
2022-10-31,10371.77948733725
2022-11-01,10645.960582576856
2022-11-02,10751.713006391796
2022-11-03,10834.874460906318
2022-11-04,11032.488015384799
2022-11-05,10890.04888973371
2022-11-06,10659.339867742769
2022-11-07,10641.508058932353
2022-11-08,10838.127070941473
2022-11-09,11050.716495389926
2022-11-10,10690.462651390664
2022-11-11,10495.21426198167
2022-11-12,10321.245949628497
2022-11-13,10168.468499707486
2022-11-14,10784.612466978648
2022-11-15,10740.608891972273
2022-11-16,10722.695635544718
2022-11-17,10492.952714270197
2022-11-18,10935.492983969942
2022-11-19,10349.84244039437
2022-11-20,10763.13303796938
2022-11-21,10446.218015389
2022-11-22,10256.444155188528
2022-11-23,10597.642459080902
2022-11-24,10523.539316043316
2022-11-25,10488.34225274202
2022-11-26,10386.078475136386
2022-11-27,10330.619921305535
2022-11-28,11038.646554366089
2022-11-29,10657.41915697106
2022-11-30,10498.86345933407
2022-12-01,10295.30035024168
2022-12-02,10543.530961348784
2022-12-03,10376.2894570093
2022-12-04,10208.14976983123
2022-12-05,10088.512568330236
2022-12-06,10134.502524302363
2022-12-07,9186.754367024847
2022-12-08,10180.081396089037
2022-12-09,9949.298288208864
2022-12-10,10552.509231641818
2022-12-11,10059.311987416673
2022-12-12,9675.559970289354
2022-12-13,9995.971175577291
2022-12-14,9675.737433383369
2022-12-15,10110.19316198524
2022-12-16,10034.017308343675
2022-12-17,10212.61848603972
2022-12-18,9666.513253747293
2022-12-19,9892.475479152361
2022-12-20,9451.25220748287
2022-12-21,10049.689688466555
2022-12-22,9973.388303848122
2022-12-23,9944.963715052609
2022-12-24,9775.219112699842
2022-12-25,9877.698768194809
2022-12-26,10213.13079522108
2022-12-27,9624.897963985279
2022-12-28,9730.6583332973
2022-12-29,9341.913114095734
2022-12-30,9386.012945347355
2022-12-31,9654.63575577104
2023-01-01,10235.338951768601
2023-01-02,9806.214608424783
2023-01-03,9791.342953418098
2023-01-04,9719.15670104752
2023-01-05,9659.991132836694
2023-01-06,9888.203092713626
2023-01-07,9329.931682354543
2023-01-08,10142.898071830234
2023-01-09,9538.6127077805
2023-01-10,9934.555654793026
2023-01-11,9316.858257369628
2023-01-12,9878.51708265891
2023-01-13,9859.595536523766
2023-01-14,9753.565673082241
2023-01-15,9320.421018498118
2023-01-16,9674.215976441305
2023-01-17,9225.19977769411
2023-01-18,9485.221638878815
2023-01-19,9850.983046400735
2023-01-20,9762.458311314003
2023-01-21,9509.476893992314
2023-01-22,9194.145467020731
2023-01-23,9662.125765476445
2023-01-24,9456.327793296687
2023-01-25,8736.689985650468
2023-01-26,9650.057382529363
2023-01-27,9390.700070807938
2023-01-28,9741.629624440762
2023-01-29,9035.465326102367
2023-01-30,8394.420464495495
2023-01-31,9414.7797109922
2023-02-01,9402.389272737675
2023-02-02,8791.831749871795
2023-02-03,8989.848602631297
2023-02-04,10094.585810481998
2023-02-05,9161.220673658905
2023-02-06,9457.340750304757
2023-02-07,9028.274538228741
2023-02-08,8582.075595929042
2023-02-09,9144.06175997305
2023-02-10,9101.713580205367
2023-02-11,9047.974209551096
2023-02-12,9120.379169619813
2023-02-13,9221.18054859251
2023-02-14,9084.292350316464
2023-02-15,8737.855401210905
2023-02-16,9250.948588195284
2023-02-17,8508.627151711944
2023-02-18,8466.990050627455
2023-02-19,9292.82648834808
2023-02-20,9212.473183253955
2023-02-21,9032.766135510868
2023-02-22,8621.293795286612
2023-02-23,8817.827604379141
2023-02-24,8941.981222788192
2023-02-25,8532.976021809995
2023-02-26,8781.311870018788
2023-02-27,9190.335698711637
2023-02-28,9414.78669548929
2023-03-01,8853.067891333145
2023-03-02,9198.495077056803
2023-03-03,8390.330003808545
2023-03-04,9155.734126546027
2023-03-05,8710.418204347636
2023-03-06,9037.865499307205
2023-03-07,8865.752045748008
2023-03-08,9330.976457148823
2023-03-09,8667.656117207564
2023-03-10,9113.764774711688
2023-03-11,8837.489571036062
2023-03-12,8870.073169142313
2023-03-13,8858.99684426181
2023-03-14,8657.405488659948
2023-03-15,8904.199248643732
2023-03-16,8887.323894487583
2023-03-17,8976.548447329305
2023-03-18,8927.955092626118
2023-03-19,9140.79872040238
2023-03-20,9177.619733955013
2023-03-21,8584.917180133238
2023-03-22,9160.643325506995
2023-03-23,8544.38844439218
2023-03-24,9077.294252391715
2023-03-25,9087.877358966405
2023-03-26,8329.948716116054
2023-03-27,8932.99502877485
2023-03-28,8766.678782374465
2023-03-29,8682.092660846973
2023-03-30,9317.84008035051
2023-03-31,8719.709454816291
2023-04-01,8677.49465032447
2023-04-02,8946.075394162017
2023-04-03,9133.366497007453
2023-04-04,8889.879855231435
2023-04-05,9287.33126138639
2023-04-06,9102.117776520658
2023-04-07,8295.124374240195
2023-04-08,8795.866377708015
2023-04-09,8792.626724825548
2023-04-10,9111.812801744898
2023-04-11,8187.734810660397
2023-04-12,9747.406376586661
2023-04-13,9149.880723994267
2023-04-14,9043.448931529514
2023-04-15,9361.810329694077
2023-04-16,9719.328949840492
2023-04-17,9286.685406311217
2023-04-18,9319.667245867051
2023-04-19,9084.122619910111
2023-04-20,9012.67764255961
2023-04-21,8922.940923386534
2023-04-22,8828.711454640885
2023-04-23,8881.62440568074
2023-04-24,8694.060203654008
2023-04-25,9088.275281837234
2023-04-26,8617.754035204067
2023-04-27,9192.851133483911
2023-04-28,9137.399457368952
2023-04-29,9205.398518570035
2023-04-30,9017.990715155533
2023-05-01,10111.28957744923
2023-05-02,9610.152509455891
2023-05-03,8842.922140353889
2023-05-04,9300.589147523087
2023-05-05,9063.043109248913
2023-05-06,8956.085304135557
2023-05-07,8873.655469848261
2023-05-08,9420.849048198193
2023-05-09,9102.531405937947
2023-05-10,9613.304534404713
2023-05-11,9637.347713065405
2023-05-12,9767.883939450712
2023-05-13,9116.725534626685
2023-05-14,9532.013595563696
2023-05-15,9596.327906291737
2023-05-16,9281.74620565156
2023-05-17,9210.091217418241
2023-05-18,9942.312058273268
2023-05-19,9545.742298296742
2023-05-20,9686.520816006585
2023-05-21,9267.538516636492
2023-05-22,9166.99522234337
2023-05-23,9380.747767507632
2023-05-24,9533.355745154437
2023-05-25,9270.447320779283
2023-05-26,9606.077066716845
2023-05-27,9121.956440314054
2023-05-28,9312.125786751572
2023-05-29,9869.194116678553
2023-05-30,9868.981477470028
2023-05-31,9590.341817663475
2023-06-01,9422.767082784274
2023-06-02,9440.191857426742
2023-06-03,9656.867995397244
2023-06-04,9982.752506392826
2023-06-05,10088.526010485664
2023-06-06,9681.848860460175
2023-06-07,9505.611314697126
2023-06-08,9952.951200104693
2023-06-09,9646.558883976471
2023-06-10,9759.240821037585
2023-06-11,10333.466396904265
2023-06-12,10205.248602739379
2023-06-13,10025.793828533853
2023-06-14,9618.164243541993
2023-06-15,10084.541848431903
2023-06-16,10361.34118881445
2023-06-17,9951.30686676744
2023-06-18,10490.809642966948
2023-06-19,10494.79657232703
2023-06-20,10627.603154448248
2023-06-21,10241.572937959407
2023-06-22,10347.734205136598
2023-06-23,10617.28320102776
2023-06-24,10348.742765149758
2023-06-25,10085.632801165837
2023-06-26,10122.89314746345
2023-06-27,10350.443607941415
2023-06-28,9913.091629540326
2023-06-29,10278.620790532323
2023-06-30,10671.850161299428
2023-07-01,9706.740274877262
2023-07-02,10845.62801784241
2023-07-03,10743.092890446722
2023-07-04,10289.472506506065
2023-07-05,10611.358205868979
2023-07-06,10470.135936967132
2023-07-07,10858.944807449237
2023-07-08,10805.407983931744
2023-07-09,10111.130313865458
2023-07-10,10727.765801154708
2023-07-11,10510.215268399666
2023-07-12,10616.944923875895
2023-07-13,10393.704108322396
2023-07-14,11156.52037854076
2023-07-15,10963.87853247824
2023-07-16,10449.560654073504
2023-07-17,10290.58630861497
2023-07-18,10594.584887882158
2023-07-19,10859.788632455957
2023-07-20,10820.479053328603
2023-07-21,11143.159285130445
2023-07-22,11022.814596469385
2023-07-23,11095.140216932808
2023-07-24,10920.563084606007
2023-07-25,10423.754522396228
2023-07-26,10799.667636019827
2023-07-27,11194.02726378985
2023-07-28,10877.95148014356
2023-07-29,11061.523198231032
2023-07-30,10831.933940977244
2023-07-31,10635.346821550169
2023-08-01,10923.783732079894
2023-08-02,11069.757505712645
2023-08-03,10796.348207702747
2023-08-04,10938.102585572584
2023-08-05,10742.483936218763
2023-08-06,11375.344253121448
2023-08-07,10966.21832059348
2023-08-08,11505.097942242837
2023-08-09,11542.339464782966
2023-08-10,11073.56847118168
2023-08-11,10809.233913840717
2023-08-12,10499.600450518468
2023-08-13,10697.070949037934
2023-08-14,10739.550912748748
2023-08-15,11577.964711997653
2023-08-16,11211.5930677961
2023-08-17,11305.844640184856
2023-08-18,10534.64670436256
2023-08-19,10852.88143564423
2023-08-20,11489.57888077864
2023-08-21,11320.352677126772
2023-08-22,11200.703047824625
2023-08-23,11424.53709500924
2023-08-24,11755.71602491518
2023-08-25,11208.22584800419
2023-08-26,11304.578206800716
2023-08-27,11350.439060851058
2023-08-28,12018.84700022799
2023-08-29,10679.620225148288
2023-08-30,11522.263440465298
2023-08-31,11290.37939779965
2023-09-01,11502.027002139183
2023-09-02,11141.608879170524
2023-09-03,11330.604023982345
2023-09-04,11564.835403680025
2023-09-05,12291.04798238172
2023-09-06,11604.990759135006
2023-09-07,11113.205889556373
2023-09-08,11245.182522275261
2023-09-09,11240.608855324355
2023-09-10,10841.89931915111
2023-09-11,11285.159745482051
2023-09-12,11607.264343405715
2023-09-13,11008.008126049377
2023-09-14,11707.317178932619
2023-09-15,11541.231191509276
2023-09-16,11176.386219793883
2023-09-17,11355.585385243101
2023-09-18,11878.559056341915
2023-09-19,11619.774971526624
2023-09-20,11402.623521139683
2023-09-21,11328.590828230126
2023-09-22,11422.415571994696
2023-09-23,11245.0705770986
2023-09-24,10765.971599366036
2023-09-25,12008.477000353132
2023-09-26,11440.479138635692
2023-09-27,11511.01524112103
2023-09-28,11371.520255028745
2023-09-29,11165.311947573047
2023-09-30,11326.657843170156
2023-10-01,10898.839761316685
2023-10-02,12057.643063972853
2023-10-03,10999.659588763741
2023-10-04,11055.557860632172
2023-10-05,11227.84446746416
2023-10-06,11740.760903160899
2023-10-07,11352.749971012916
2023-10-08,10971.260506978919
2023-10-09,11711.753483242415
2023-10-10,11547.75161727367
2023-10-11,11482.632170034225
2023-10-12,11528.125186148727
2023-10-13,12023.671972916101
2023-10-14,11952.508001085076
2023-10-15,11082.241184716782
2023-10-16,11766.360250749201
2023-10-17,11384.749570346306
2023-10-18,11409.80039812819
2023-10-19,10742.334005473922
2023-10-20,11188.517168770193
2023-10-21,10985.08058296142
2023-10-22,11466.320356655277
2023-10-23,11527.885471812171
2023-10-24,10572.560943968403
2023-10-25,11176.332289203605
2023-10-26,11507.23101574567
2023-10-27,11102.096244207147
2023-10-28,11363.947673228979
2023-10-29,11237.411959136518
2023-10-30,11221.103121294589
2023-10-31,11023.466272567688
2023-11-01,10725.859293174299
2023-11-02,10740.068469333237
2023-11-03,11274.752696944704
2023-11-04,11052.933618750618
2023-11-05,10990.425839251804
2023-11-06,10889.434520912017
2023-11-07,10909.410108202044
2023-11-08,11299.153368613359
2023-11-09,10868.372221950947
2023-11-10,10550.248977555235
2023-11-11,11159.049050906844
2023-11-12,10857.642750794745
2023-11-13,10911.448838690987
2023-11-14,11367.005057285445
2023-11-15,10861.047167675253
2023-11-16,10936.241679948338
2023-11-17,10477.873500786316
2023-11-18,10747.511724497128
2023-11-19,10977.935802332397
2023-11-20,10309.940146654846
2023-11-21,10818.094411820575
2023-11-22,10769.186706385772
2023-11-23,10732.269603561805
2023-11-24,11011.79615003559
2023-11-25,10781.5819794165
2023-11-26,11105.11651802646
2023-11-27,10343.910991142373
2023-11-28,10662.912326670461
2023-11-29,10627.482199329193
2023-11-30,10261.239042711892
2023-12-01,10848.649103408066
2023-12-02,11238.78579292563
2023-12-03,10515.789201746713
2023-12-04,10651.79467048115
2023-12-05,10504.937408654609
2023-12-06,10244.702324629015
2023-12-07,9891.65400444766
2023-12-08,10205.169099371136
2023-12-09,9978.25359795645
2023-12-10,10885.938855574688
2023-12-11,10318.975857996174
2023-12-12,10228.473197435693
2023-12-13,10577.68136925207
2023-12-14,9953.048428045353
2023-12-15,10038.111725870134
2023-12-16,10267.154779816416
2023-12-17,10533.897294134285
2023-12-18,10354.2833048063
2023-12-19,10256.770593038682
2023-12-20,10184.194066681666
2023-12-21,10259.312010547173
2023-12-22,10178.222821254862
2023-12-23,9787.230526311256
2023-12-24,10088.557169782705
2023-12-25,9731.160303282846
2023-12-26,10056.153825598747
2023-12-27,9866.23185865141
2023-12-28,10750.879265019134
2023-12-29,9955.782688724643
2023-12-30,9525.219363948378
2023-12-31,9885.03770463997
2024-01-01,10359.966511449395
2024-01-02,10685.108039546012
2024-01-03,9985.28219223012
2024-01-04,9666.493882191739
2024-01-05,10365.469237519284
2024-01-06,9685.532044231084
2024-01-07,9948.262343455892
2024-01-08,9981.330053176918
2024-01-09,10017.349361229304
2024-01-10,10224.733946283885
2024-01-11,9792.767551901874
2024-01-12,9895.746267845016
2024-01-13,9953.7310482946
2024-01-14,9983.184438736109
2024-01-15,9948.097727450433
2024-01-16,10030.153252128655
2024-01-17,10133.268486006948
2024-01-18,9978.84085010296
2024-01-19,9978.234773166902
2024-01-20,9348.780783168837
2024-01-21,9819.990320979889
2024-01-22,9930.439704198066
2024-01-23,9987.131810195322
2024-01-24,9542.808189717141
2024-01-25,9535.072882653001
2024-01-26,9543.03823204933
2024-01-27,9858.894090936248
2024-01-28,9991.058566523103
2024-01-29,9541.808449567727
2024-01-30,9919.82030254241
2024-01-31,9668.098496238023
2024-02-01,9577.634436584352
2024-02-02,9535.617969208339
2024-02-03,9807.381875771925
2024-02-04,9665.693832402148
2024-02-05,10235.651486199338
2024-02-06,9282.385664492695
2024-02-07,9678.902997048248
2024-02-08,9350.406162641535
2024-02-09,9234.353137915228
2024-02-10,9478.134807180708
2024-02-11,9509.143424973718
2024-02-12,10330.223486789759
2024-02-13,9386.656322393857
2024-02-14,9090.2738168472
2024-02-15,9498.96046684343
2024-02-16,8782.701139462793
2024-02-17,9365.85164352739
2024-02-18,9386.904872501264
2024-02-19,9609.452454821174
2024-02-20,9652.453776441702
2024-02-21,9198.913859360764
2024-02-22,9294.744142324154
2024-02-23,9100.364637398163
2024-02-24,8982.386480651836
2024-02-25,9404.71264619642
2024-02-26,8920.944802846778
2024-02-27,9170.248527087075
2024-02-28,8988.042898232754
2024-02-29,9443.803273017787
2024-03-01,9811.97760054192
2024-03-02,8874.071630143786
2024-03-03,8701.993209342672
2024-03-04,9214.13666316086
2024-03-05,9250.371153082142
2024-03-06,9305.675563247109
2024-03-07,9100.956099643368
2024-03-08,9169.79502206191
2024-03-09,9335.73600860532
2024-03-10,9533.471077818474
2024-03-11,8631.050181449727
2024-03-12,9103.471180500135
2024-03-13,9275.2500581905
2024-03-14,8933.036107032513
2024-03-15,9725.469250654318
2024-03-16,9013.553408738666
2024-03-17,9190.215742816075
2024-03-18,9368.206984571396
2024-03-19,9023.181712500234
2024-03-20,8646.132262340252
2024-03-21,9071.415217254804
2024-03-22,9509.121539303249
2024-03-23,9099.868947914854
2024-03-24,8948.025433117851
2024-03-25,9481.045446465623
2024-03-26,9105.86878600911
2024-03-27,9054.179372287495
2024-03-28,9254.559065126577
2024-03-29,9443.809444026445
2024-03-30,9930.327256527282
2024-03-31,9467.578561357112
2024-04-01,9571.318902076991
2024-04-02,9075.899713421572
2024-04-03,8924.613999243631
2024-04-04,9256.119502571353
2024-04-05,9274.97605250931
2024-04-06,8925.033947750244
2024-04-07,9202.118107788914
2024-04-08,9380.974635146798
2024-04-09,9376.122534221495
2024-04-10,9426.466283587912
2024-04-11,9369.992883012577
2024-04-12,9138.470297744987
2024-04-13,9144.615702359555
2024-04-14,8947.65459537017
2024-04-15,9851.665245752234
2024-04-16,9329.496522320484
2024-04-17,9267.567400187108
2024-04-18,9066.277988135058
2024-04-19,10235.83273926803
2024-04-20,9043.681146921135
2024-04-21,9247.890674473425
2024-04-22,9512.479686476408
2024-04-23,9579.290882680187
2024-04-24,9698.416333607445
2024-04-25,9965.43686070276
2024-04-26,9587.423472879012
2024-04-27,9131.489399791655
2024-04-28,9384.234391517493
2024-04-29,9566.979897915695
2024-04-30,10108.699278846825
2024-05-01,9082.77609587451
2024-05-02,9877.057841946873
2024-05-03,9584.703032158943
2024-05-04,9796.794112698955
2024-05-05,9529.830807157
2024-05-06,9322.947302147544
2024-05-07,9816.445874790816
2024-05-08,9803.274784590505
2024-05-09,9914.573816919068
2024-05-10,9635.221658092683
2024-05-11,9475.763016891324
2024-05-12,9204.805465941763
2024-05-13,9935.215892797914
2024-05-14,9833.758486032242
2024-05-15,9434.264868323562
2024-05-16,9580.050702647115
2024-05-17,9619.428214955044
2024-05-18,9332.5982059824
2024-05-19,9550.425771811522
2024-05-20,9474.012213142963
2024-05-21,9709.036858733647
2024-05-22,9629.973450356396
2024-05-23,9382.460685111411
2024-05-24,10496.490391995332
2024-05-25,10284.79272862073
2024-05-26,9694.802170278608
2024-05-27,10029.866432488616
2024-05-28,10093.16026914188
2024-05-29,10345.170077818702
2024-05-30,9762.323339281511
2024-05-31,10355.728410702086
2024-06-01,9884.041331622464
2024-06-02,9668.089747929054
2024-06-03,10306.637926693587
2024-06-04,10497.279830319096
2024-06-05,10907.18107316397
2024-06-06,9791.741462965498
2024-06-07,10382.274014269029
2024-06-08,10070.679002026165
2024-06-09,10449.724225853155
2024-06-10,9794.736704403778
2024-06-11,9878.28304146008
2024-06-12,10045.639087908472
2024-06-13,10323.429157576235
2024-06-14,10128.7984982292
2024-06-15,10540.260304752217
2024-06-16,10672.065351974474
2024-06-17,10565.34867834454
2024-06-18,10892.60927736983
2024-06-19,10553.23129364181
2024-06-20,10084.93098689795
2024-06-21,10880.529649256296
2024-06-22,10311.480143846633
2024-06-23,10787.650133934738
2024-06-24,11008.123298469432
2024-06-25,10694.462401640929
2024-06-26,10130.029477859898
2024-06-27,10324.796406171254
2024-06-28,11018.421805207121
2024-06-29,10592.149220137508
2024-06-30,10687.988490709497
2024-07-01,10912.930712153136
2024-07-02,10915.277483459871
2024-07-03,10811.041834970845
2024-07-04,10685.740446141297
2024-07-05,10675.391085175528
2024-07-06,11047.317344505034
2024-07-07,10976.6739004211
2024-07-08,10753.961530635024
2024-07-09,11176.220771013397
2024-07-10,10833.193389953705
2024-07-11,10636.596500420148
2024-07-12,10684.464468942337
2024-07-13,10638.45700691158
2024-07-14,10870.13698152636
2024-07-15,11341.609286766254
2024-07-16,10749.440936378887
2024-07-17,11066.829405480943
2024-07-18,10832.43103494034
2024-07-19,10970.324587763305
2024-07-20,10614.207074104397
2024-07-21,11019.677211068169
2024-07-22,11046.157895265449
2024-07-23,11284.592847633583
2024-07-24,11207.528415436136
2024-07-25,10798.859557878284
2024-07-26,11501.259815030313
2024-07-27,11256.499270767552
2024-07-28,11270.114142797154
2024-07-29,11224.803729535543
2024-07-30,11088.963141946057
2024-07-31,11326.127653218344
2024-08-01,11419.719803581424
2024-08-02,10768.985816137514
2024-08-03,11147.187707825755
2024-08-04,11247.83881769348
2024-08-05,11416.421959560503
2024-08-06,11712.548349648028
2024-08-07,11137.749034325947
2024-08-08,11234.326555575342
2024-08-09,11244.122027404237
2024-08-10,11171.310256573559
2024-08-11,11321.213865304791
2024-08-12,11669.922736942362
2024-08-13,11135.550711609041
2024-08-14,11592.768142305073
2024-08-15,10966.275022622516
2024-08-16,11320.561884024599
2024-08-17,11401.926216977701
2024-08-18,12014.729266283628
2024-08-19,11441.014256418946
2024-08-20,10873.947401376721
2024-08-21,10945.19795937193
2024-08-22,11565.293263333208
2024-08-23,11749.107939811409
2024-08-24,11687.17534435348
2024-08-25,11634.038297743593
2024-08-26,11941.337864483367
2024-08-27,11439.336743424654
2024-08-28,11877.900271282044
2024-08-29,11127.69207052073
2024-08-30,11353.33572254595
2024-08-31,11089.883065804384
2024-09-01,11556.367055168004
2024-09-02,11631.415168059979
2024-09-03,11685.642677508333
2024-09-04,11675.73992793471
2024-09-05,11384.313903070866
2024-09-06,11610.553315641562
2024-09-07,11223.076426300348
2024-09-08,12085.601780379186
2024-09-09,11589.504449070715
2024-09-10,11537.520967279375
2024-09-11,12164.097717392417
2024-09-12,11317.603801707646
2024-09-13,11355.09624940785
2024-09-14,11366.032647723405
2024-09-15,11676.294801875349
2024-09-16,11827.533765335735
2024-09-17,11920.965154484955
2024-09-18,12471.309222723354
2024-09-19,11025.158688410009
2024-09-20,11882.516500055746
2024-09-21,11532.293679087528
2024-09-22,11522.67509981466
2024-09-23,11511.464812605576
2024-09-24,11423.19272595032
2024-09-25,12199.239089256907
2024-09-26,11944.260259688437
2024-09-27,11695.85137355903
2024-09-28,12091.151713536525
2024-09-29,11228.676497865126
2024-09-30,11279.446650575701
2024-10-01,11021.126794898455
2024-10-02,11460.188826253474
2024-10-03,11713.657303797752
2024-10-04,11690.779802159781
2024-10-05,11699.14075902315
2024-10-06,11225.080221914295
2024-10-07,11883.047668572264
2024-10-08,11707.340230486914
2024-10-09,11848.367713677826
2024-10-10,11053.273029592274
2024-10-11,11706.85217143681
2024-10-12,11249.033830766108
2024-10-13,11477.782556808834
2024-10-14,11748.565257208686
2024-10-15,11606.52283478263
2024-10-16,11314.33711948484
2024-10-17,11561.953600142191
2024-10-18,11090.554660393827
2024-10-19,11884.71311715614
2024-10-20,11467.342454213514
2024-10-21,11853.467695463882
2024-10-22,11348.601815562517
2024-10-23,11337.834052751321
2024-10-24,11253.686712413533
2024-10-25,11733.524743815318
2024-10-26,11245.270585702638
2024-10-27,11638.607209452823
2024-10-28,11317.326599547607
2024-10-29,10825.816061741314
2024-10-30,11233.766545652239
2024-10-31,11037.101070106157
2024-11-01,11386.698330665446
2024-11-02,11004.824621905762
2024-11-03,11624.888672309338
2024-11-04,11304.656754528065
2024-11-05,11263.3227351811
2024-11-06,11497.734403182545
2024-11-07,11574.251910489676
2024-11-08,11262.915820980461
2024-11-09,11021.208301680917
2024-11-10,10703.762633411154
2024-11-11,11013.290822843606
2024-11-12,11016.866405036766
2024-11-13,11216.84880126328
2024-11-14,11063.671270538998
2024-11-15,11355.866469628148
2024-11-16,10947.655566794607
2024-11-17,11096.300210146534
2024-11-18,11450.274221728881
2024-11-19,11179.09983099371
2024-11-20,11039.829621379295
2024-11-21,10858.366052011777
2024-11-22,10829.91394787108
2024-11-23,10745.464504552534
2024-11-24,10818.948365227074
2024-11-25,11188.394700142822
2024-11-26,10875.421364432903
2024-11-27,10517.203035690587
2024-11-28,11432.592951330143
2024-11-29,10978.004948181966
2024-11-30,10439.677582626713
2024-12-01,10708.829122997537
2024-12-02,10854.156938940388
2024-12-03,11311.665971988234
2024-12-04,10447.148128432349
2024-12-05,11051.589941407952
2024-12-06,11157.728015879968
2024-12-07,10528.304852777374
2024-12-08,10612.5870265839
2024-12-09,10363.815457944822
2024-12-10,10592.470423849056
2024-12-11,10621.272003846963
2024-12-12,10808.830221240438
2024-12-13,10916.628800208253
2024-12-14,10343.742117885005
2024-12-15,9956.53557977403
2024-12-16,10518.893162924369
2024-12-17,10591.839050246255
2024-12-18,10557.09835658943
2024-12-19,10362.756771858149
2024-12-20,10476.66688378832
2024-12-21,10872.360392221759
2024-12-22,10510.74245943309
2024-12-23,10262.722875791835
2024-12-24,10203.207555829373
2024-12-25,10280.873355425181
2024-12-26,10801.448229647074
2024-12-27,10234.074565326415
2024-12-28,10261.812700493945
2024-12-29,10101.797162545965
2024-12-30,10554.986775075637
2024-12-31,10792.110064181432
